status,path,baseline_sha256,final_sha256,baseline_bytes,final_bytes,baseline_lines,final_lines
ADDED,BASELINE_ARCHIVE_SHA256_2026-09-21.txt,,a9a5802550168fcc51005517e6483f911cdb6062baeca4b3b0721e5aec2fe524,,110,,3
ADDED,CHANGESET_TRACEABILITY_2026-09-21.md,,cf59e209dff0829be324300b378668943ace4a8435e6ba558ad19dcdcc75c031,,3261,,55
ADDED,RC-CERTIFICATION.md,,b0d6362cd8f7dda1649db412fce6a34d7c851f0439cd5e773e6a23e2de40a33c,,3494,,55
ADDED,RELEASE_MANIFEST_2026-09-21.md,,8ccc4c04a274420b5a547814d79e0716d9d20bb2b72ffd8560b52c72a7ef7de1,,1341,,25
ADDED,backend/models/FinancialLedgerEntry.js,,0528615eb8cca213a1636cdeff479540591038804e41e97c84c402b4d81ca86d,,8448,,390
ADDED,backend/models/FinancialTransaction.js,,2cf41b6c3db2b70022578efe3dff6721377f6c40e5ab0789e3e8ddf14cd33fbe,,6657,,263
ADDED,backend/services/financial/financialRepositoryRegistry.js,,a453807e67f22e51f96e1d1ede61aaf26d97b5dd547dced47809b7e1c4a68539,,1250,,26
ADDED,backend/tests/unit/financial/financialOperation.boundary.test.js,,651c128357bfa9dbbdd046a0679af401e016f1961b813107cd684700e70cee5f,,5455,,193
ADDED,docs/CHANGESET_FILE_INDEX_2026-09-21.csv,,4eae55164f9b4356c81b508363f99b51d6d76cc3266305d32acde0115e9dd8aa,,517423,,2498
ADDED,docs/CHANGESET_FILE_INDEX_2026-09-21.md,,80f9b9d99c522cf333c0d9b24a91173f001d7b8fc22b15e631ac48a3af7a72c6,,3298,,83
ADDED,docs/CHANGESET_SUMMARY_2026-09-21.json,,67910c15d20f2b4a277993e9709c95d06d961031601e7b4e59fd86a3582658c6,,3794,,93
ADDED,docs/MASTER_PROMPT_COMPLIANCE_2026-09-21.md,,4a69bc2eeeb5ae43921465cd1884bfb34db0dba55a450862ed371b6a175cb1e6,,9489,,90
ADDED,docs/REPOSITORY_TRUTH_INVENTORY_2026-09-21.md,,ea8846372807e0062dd74a94588ba37b0aac5dd090b7b4b9caf6ea1967774205,,1992,,42
ADDED,reports/repository-truth-inventory-2026-09-21.json,,c9beaf0c2faf636e73a7a77cdf6e04a2f1ab108852c8ea451dced248741c0f38,,83656,,2203
ADDED,reports/runtime-import-audit.json,,2dcbe98fcf1066cfae44efa5d18cd7eb867ed856c1cb46c63f171a521e3d1023,,53111,,1754
ADDED,scripts/enterprise-completeness-gate.mjs,,a18b0176ab94c830d0acd03f623ee08499652c0394749d73655d974f2ba2fd24,,8436,,196
ADDED,scripts/repository-truth-inventory.mjs,,f1afa9e8a0c01f971321440797debd6039e8f3c18b5a8749185799e9374f9eed,,9423,,173
MODIFIED,TITECH_PLATFORM_TRUTH.md,4ea68ee1ea53560b0393e88fd04f0ea55f7727a01dd9914b4bda1335bfc4bdaf,45dc01a647ad0fb52ca4a96b22295f1d789625d12e30e773ec7d753e084a9497,5540,8389,97,137
MODIFIED,backend/controllers/contributionsController.js,7f925f31f3814c16d087f3a471e566042f6194162189ec2e8c846dfa9f238528,bbd93056662ded6c83a0e9dc008c442afeb481df6036845bc010fef19ffc0467,32017,29614,1398,1216
MODIFIED,backend/controllers/financial/financial.controller.js,9fcad7c35b6a2f54c22e8d0b1d167d4b903cd9ca79a6d655a4f8a91d475f1127,d0cd252782ebe4411e4c78c7a7a37a1cbafe22a2c6074e416942e11f0234b991,23641,24856,1202,1240
MODIFIED,backend/controllers/momoWebhookController.js,a75a99755198686a036509edaa0c283ab2cad653eefd73de2575b861f0c14a22,38e8bb7c639356a04540fcf63c01a41a93118a05633791d73afdefe6f42d35a3,5300,1970,152,61
MODIFIED,backend/controllers/repaymentsController.js,bf4a486c701b57829efabb5cf8c9bd3a28db8e2fc4d534a4a51b0c0785601be2,c25a1ba1c06e0e15cc7fa6fc282d4cfac1060c6f2f5cfead465871563b574a12,618,5640,20,179
MODIFIED,backend/middleware/idempotency.js,f0d5044a24bb4f47c9140f8fa52e36d5c06987cd14a8c8383e1e925dde60fcba,460d92ef9d6de270ec76f5f20c367fb840b1dd1f2186489f1d937da9579ea640,18193,18212,758,758
MODIFIED,backend/models/LedgerEntry.js,1b903326943f6a3fcd4021480d0643458150159c4258e514343ee4b8da5a8408,5aefaee96543e6291963132bfbf2f6b104a5f056bf061dbe8a063d580cade232,24735,24854,1195,1185
MODIFIED,backend/modules/integrations/momo.webhook.js,4cbcfa33f9cc7826964459bb830e7ba33c1d20fd2b9794cca75eafcb3a473cac,d1a44a6a965743049a823f8c0db5e132805cc73a218b12a93672aecdc6c7d096,24230,24332,1332,1331
MODIFIED,backend/modules/transactions/repositories/TransactionOutboxRepository.js,c35abb45b7019dd1675e5cc195b1e5a42aada496b19c0f1e0b4fbdec1db99c4b,9532280045942879fc0805027ad047f67097ce95dab03dffbaddf7fabed7797d,57556,57585,3358,3359
MODIFIED,backend/repositories/financial/balance.repository.js,0b96a3e223b55250930174f7df3b13aea3105972b7d70512c57ac0cd1fae8f79,b3adcc5729950ec7f0da40e0723165842dfb1fb1165617985b29a8d2e0205cbc,31172,31151,1394,1384
MODIFIED,backend/repositories/financial/financialTransaction.repository.js,50f0b28b13ff8c5c19df90386f51ab89a04e4c78c4894d5852e0c881eff49b51,bae66e7935ce106c44b6c2f0a85595f8a37b3a4f4802f14b7084be12d83f99cf,32692,36391,1566,1691
MODIFIED,backend/repositories/financial/ledger.repository.js,e9996f1c2cf622e1e58361289c67c512b6311945d3ca310826b6d2488f7853f4,b3fbf3bb413d6b8a978784d8cf037acf5c1a371b0ff3404c275a44293c4d7b6e,49271,47722,2431,2305
MODIFIED,backend/repositories/financial/loan.repository.js,5a7809c5af94fbc2c11727595e3c1804c883a8914ee7d0a57b4c4a422600820d,268c7dd090dfe066cef378a03ec136b6a03bc4886ddfdff0442817a6b20399ca,38184,38163,1734,1724
MODIFIED,backend/routes/financial.routes.js,54283de4103be11ff4c251d6c6c94766fb0a31906d0dec2b56f72a9657633e1c,7a826f184edf8323b3851c80bc8df1c50767ec845460f23a0497dc9f48261efc,30107,28045,1461,1340
MODIFIED,backend/routes/index.js,9e5182f910919948555ab7aaad63015e9fd701dd53e00d9baefa0c5c7bcc6e08,786a91264bc73612d5434164b09f90b5cd9b4b0e970d7d74ff6bb4ed6d12c59f,41856,41854,1948,1946
MODIFIED,backend/services/financial/financialOperation.service.js,35af5998d3821c7549fe7ada4a95f58253b0248e97bf0d563f1e0dc4d1287260,31dc6b9b3c9bf89837c99dbdfba6c1e9e579259b7ad42788ff5ac8b67892feda,50593,65735,2805,3119
MODIFIED,package.json,8c909d92b8a2a90d78fedc76014aae813c3d838dd6db368fe269676c07a8b966,581916892304ee6cd3f496d872ee9bd40117791300ff807471d4281818bda39c,5365,5435,119,120
MODIFIED,scripts/enterprise-gate.mjs,121153c45739e71f6de7e539df5c1bfe502b5cb172f303f5d0c6f7cf64ab1454,4e5df6ddb834cc1897ca9ba125f0a99578e47dc5ef48f1e34d3412101ede5661,8253,11203,250,321
MODIFIED,scripts/financial-static-gate.mjs,395656618ebfa7cd7f9f30d6a1aa9c058fbe66b8c9b1c6472443727c296502ed,cb7dc95a4e5c57d1d7b4156d76ddfea5db0c8f4e13d1e948d1048423415059bc,3235,4449,98,123
UNCHANGED,.dockerignore,cecca9eab4f1a07b0ea4097ee3b1ff8eb99821cd8fe61c9b6615e9ca5057a819,cecca9eab4f1a07b0ea4097ee3b1ff8eb99821cd8fe61c9b6615e9ca5057a819,261,261,28,28
UNCHANGED,.gitattributes,4c2e608f59109b7599dcbe9d55fb6522be483ac039eaaebfb6f4d62b8a07eccf,4c2e608f59109b7599dcbe9d55fb6522be483ac039eaaebfb6f4d62b8a07eccf,802,802,44,44
UNCHANGED,.github/workflows/ci.yml,1404303bd2b169eabc7bb72bf1f6cf8d9073870ff208304585175921d7eff33f,1404303bd2b169eabc7bb72bf1f6cf8d9073870ff208304585175921d7eff33f,5710,5710,180,180
UNCHANGED,.github/workflows/deploy.yml,07014139135e1315ffe4b5c57b481d9f69300accac7c39a17c76cec045e31708,07014139135e1315ffe4b5c57b481d9f69300accac7c39a17c76cec045e31708,66832,66832,2522,2522
UNCHANGED,.gitignore,754806b46b242c1622767a40fd56099cdee5f6404b08336f60e875cf09c1c93a,754806b46b242c1622767a40fd56099cdee5f6404b08336f60e875cf09c1c93a,2938,2938,91,91
UNCHANGED,.nvmrc,b911698dc3cf3227d34d0ad6727f1c4408791203c9665de99ab959331a1fb07d,b911698dc3cf3227d34d0ad6727f1c4408791203c9665de99ab959331a1fb07d,8,8,2,2
UNCHANGED,.prettierrc,9b279ac847d078bd133d0c7d44f210f119b12cf3d5810a0e12539c0b0fc3e05d,9b279ac847d078bd133d0c7d44f210f119b12cf3d5810a0e12539c0b0fc3e05d,256,256,15,15
UNCHANGED,API.md,29eed6b739805b8a198de4cbf9460a10e9a2810f6a1ffbf80c4182ec6fdc9eb2,29eed6b739805b8a198de4cbf9460a10e9a2810f6a1ffbf80c4182ec6fdc9eb2,345,345,6,6
UNCHANGED,ARCHITECTURE.md,8e23a2609ed2ab3b7c163a2bba226dc5275376b7e3d799e6a218bdc868e69885,8e23a2609ed2ab3b7c163a2bba226dc5275376b7e3d799e6a218bdc868e69885,1136,1136,22,22
UNCHANGED,BASELINE_ARCHIVE_SHA256_2026-09-20.txt,9545ed20aec688b2386bfb77b7c5b74d049fc5f9354e2a91d668db246727a11a,9545ed20aec688b2386bfb77b7c5b74d049fc5f9354e2a91d668db246727a11a,235,235,7,7
UNCHANGED,CHANGESET_FILE_INDEX.csv,84406507f00ef5d16b012a63d5bb3ef187d669b3a09d0473f05a9ff9307d1307,84406507f00ef5d16b012a63d5bb3ef187d669b3a09d0473f05a9ff9307d1307,32192,32192,207,207
UNCHANGED,CHANGESET_FILE_INDEX.md,013704b1bde73f506bcf22f8f3515ea3a9f75fdd9f94461d22088bccd7b21574,013704b1bde73f506bcf22f8f3515ea3a9f75fdd9f94461d22088bccd7b21574,9179,9179,221,221
UNCHANGED,CHANGESET_TRACEABILITY.md,a642be8a0c489e9c5fbd199f0b572b366aabdf4d50ccbc8aee04ed8a07851989,a642be8a0c489e9c5fbd199f0b572b366aabdf4d50ccbc8aee04ed8a07851989,6746,6746,134,134
UNCHANGED,CHANGESET_TRACEABILITY_2026-09-20.md,279be3949d56688e154101fd73af52731c746c5e50a9197cf77bb9bf1579b570,279be3949d56688e154101fd73af52731c746c5e50a9197cf77bb9bf1579b570,5909,5909,139,139
UNCHANGED,COMPLIANCE.md,ba071c20d73d3617878989f1694bbb6436ddbe31a9db1a2d4ff39129677efd2a,ba071c20d73d3617878989f1694bbb6436ddbe31a9db1a2d4ff39129677efd2a,396,396,6,6
UNCHANGED,DEPLOYMENT.md,43f1205f8c4c31123739e22602c74f4e5b01488ee2c1502f2fa862f27d4b6757,43f1205f8c4c31123739e22602c74f4e5b01488ee2c1502f2fa862f27d4b6757,482,482,10,10
UNCHANGED,DISASTER_RECOVERY.md,2d98a5aef29a67f4a1e7265e9c188d35eef29c7d9828cde905109c785beeb9d6,2d98a5aef29a67f4a1e7265e9c188d35eef29c7d9828cde905109c785beeb9d6,328,328,6,6
UNCHANGED,FINANCIAL_ARCHITECTURE.md,813540bc7d89c36684db490de2d63e4acdfd08eb6d44d3333ca33c8d29159c42,813540bc7d89c36684db490de2d63e4acdfd08eb6d44d3333ca33c8d29159c42,878,878,18,18
UNCHANGED,LEDGER.md,57271d356658d81be63f525a6cbefab2e48f998e560998042db30f5157740144,57271d356658d81be63f525a6cbefab2e48f998e560998042db30f5157740144,519,519,6,6
UNCHANGED,Makefile,025f1c03708ebad3651c00351745828c8fb35b7b33c13edc041f0438a5fb820a,025f1c03708ebad3651c00351745828c8fb35b7b33c13edc041f0438a5fb820a,6097,6097,204,204
UNCHANGED,OFFLINE_SYNC.md,744ffb1ff25f39997fc272e858b4ca18a984a76053fde6a4410113b78b35c5ab,744ffb1ff25f39997fc272e858b4ca18a984a76053fde6a4410113b78b35c5ab,406,406,6,6
UNCHANGED,OPERATIONS.md,bd73f55e740aad473f48ee8e04b9257414d8b01e04b75490f844d3f5c43cb240,bd73f55e740aad473f48ee8e04b9257414d8b01e04b75490f844d3f5c43cb240,338,338,6,6
UNCHANGED,PAYMENTS.md,56264d702ce287d44bc595b07880a336cdd845a482e86dbeca458aa3e0dfa879,56264d702ce287d44bc595b07880a336cdd845a482e86dbeca458aa3e0dfa879,500,500,8,8
UNCHANGED,README.md,220a7e620039837150e34ca04c5477ad83ac656690c363e011859242726a22e1,220a7e620039837150e34ca04c5477ad83ac656690c363e011859242726a22e1,31871,31871,1422,1422
UNCHANGED,RECONCILIATION.md,134d51d90198633e5ed188c3ddee1dcfa97726264c1ef0fdc5d66ef7f138185b,134d51d90198633e5ed188c3ddee1dcfa97726264c1ef0fdc5d66ef7f138185b,498,498,8,8
UNCHANGED,RELEASE_MANIFEST.md,9e0fc397322aa51048584e019e08e629cf627f566e6fa3826464001d10b2b9c9,9e0fc397322aa51048584e019e08e629cf627f566e6fa3826464001d10b2b9c9,2238,2238,55,55
UNCHANGED,SECURITY.md,6a6989682a2389d749caa56674fc85ea11176e84b11be726062ef373545f7d7f,6a6989682a2389d749caa56674fc85ea11176e84b11be726062ef373545f7d7f,701,701,12,12
UNCHANGED,TENANCY.md,fb031687c6aa28c9774ebe7734072334172fba19c93f8fd03503b51cc0470a84,fb031687c6aa28c9774ebe7734072334172fba19c93f8fd03503b51cc0470a84,482,482,8,8
UNCHANGED,TESTING.md,549405cbb8daabb04be44d217a66172d5b12a2dad072ad3ac7415a39e6cc014b,549405cbb8daabb04be44d217a66172d5b12a2dad072ad3ac7415a39e6cc014b,571,571,8,8
UNCHANGED,TITECH_DOCUMENTATION_STATUS.md,eaf8dabccc78bc661a57587bab4e72699d4805d659dee2904e6ec087ab52a425,eaf8dabccc78bc661a57587bab4e72699d4805d659dee2904e6ec087ab52a425,4164,4164,91,91
UNCHANGED,TITECH_IMPLEMENTATION_INVENTORY.md,911fc5f74984a511151a1b18dce754f3fa4c4a301309dfb183d186f103a923a0,911fc5f74984a511151a1b18dce754f3fa4c4a301309dfb183d186f103a923a0,4472,4472,86,86
UNCHANGED,backend/.env.example,6e7cbf9825bba12c58289373abf237ee61b9dfb4c023406e19b2bd88624b44e2,6e7cbf9825bba12c58289373abf237ee61b9dfb4c023406e19b2bd88624b44e2,2908,2908,101,101
UNCHANGED,backend/.eslintrc.js,751ff11775749fa671bc99cc1925dee44dc0e872f02ec431f39b9686eb339b23,751ff11775749fa671bc99cc1925dee44dc0e872f02ec431f39b9686eb339b23,2407,2407,77,77
UNCHANGED,backend/.gitignore,4a3118ab0e7b3651c781c0d3bc34aeae12be953f60d4226e14ece5ccfaeb5a1e,4a3118ab0e7b3651c781c0d3bc34aeae12be953f60d4226e14ece5ccfaeb5a1e,422,422,29,29
UNCHANGED,backend/Dockerfile,ed0d28ba84d60c655ae03a75b5ed99fac5d67ccc32ca80f9a16c41386c45a47e,ed0d28ba84d60c655ae03a75b5ed99fac5d67ccc32ca80f9a16c41386c45a47e,927,927,32,32
UNCHANGED,backend/PRODUCTION_IMPLEMENTATION_v2.js,0351cc7fb1c8e66cfaa6a161e604c38e07e908208659983d36a0abfa7999a377,0351cc7fb1c8e66cfaa6a161e604c38e07e908208659983d36a0abfa7999a377,19086,19086,682,682
UNCHANGED,backend/app.js,a5c68163fad87b1582fd4b8056c830c7c2584612c2f14caa7e3d6ccb4d9e2249,a5c68163fad87b1582fd4b8056c830c7c2584612c2f14caa7e3d6ccb4d9e2249,25165,25165,1196,1196
UNCHANGED,backend/application/ApplicationContext.js,54841f4c6272c6b8b3d8825b5ba51525346304def764272e463851732fea8105,54841f4c6272c6b8b3d8825b5ba51525346304def764272e463851732fea8105,337,337,24,24
UNCHANGED,backend/application/ApplicationFactory.js,1acd1fd37b075a429320e80dbc83d8b22bdfb1a2856f88754368c9b06650aa0b,1acd1fd37b075a429320e80dbc83d8b22bdfb1a2856f88754368c9b06650aa0b,308,308,19,19
UNCHANGED,backend/application/DependencyInjector.js,8aece7a79e59894e4717acced8da4493150db8f7be8225b6421e4d7ed32d36b7,8aece7a79e59894e4717acced8da4493150db8f7be8225b6421e4d7ed32d36b7,174,174,10,10
UNCHANGED,backend/application/ErrorPipeline.js,5b8d7395349808fa01e829cd6fb9e69557e3b6414073485362fd88a04040cee0,5b8d7395349808fa01e829cd6fb9e69557e3b6414073485362fd88a04040cee0,2135,2135,80,80
UNCHANGED,backend/application/HealthRegistrar.js,77756758356806c9dda064bc1ea166d9a54c8adf8bd492db46c4341229877bb8,77756758356806c9dda064bc1ea166d9a54c8adf8bd492db46c4341229877bb8,1958,1958,50,50
UNCHANGED,backend/application/Metadata.js,61103f4433ebb986eeda576f62743ffa75f566a12bf196fe5fbbb7a5e5326c6a,61103f4433ebb986eeda576f62743ffa75f566a12bf196fe5fbbb7a5e5326c6a,214,214,14,14
UNCHANGED,backend/application/MiddlewareRegistrar.js,e3b0c44298fc1c149afbf4c8996fb92427ae41e4649b934ca495991b7852b855,e3b0c44298fc1c149afbf4c8996fb92427ae41e4649b934ca495991b7852b855,0,0,0,0
UNCHANGED,backend/application/RouteRegistrar.js,4690bc9d10b47c46014446f2115dcbb8c6ec52f52baacbbc1dfbc09ccb72cd94,4690bc9d10b47c46014446f2115dcbb8c6ec52f52baacbbc1dfbc09ccb72cd94,39,39,2,2
UNCHANGED,backend/application/index.js,e3b0c44298fc1c149afbf4c8996fb92427ae41e4649b934ca495991b7852b855,e3b0c44298fc1c149afbf4c8996fb92427ae41e4649b934ca495991b7852b855,0,0,0,0
UNCHANGED,backend/audit/audit.constants.js,e3b0c44298fc1c149afbf4c8996fb92427ae41e4649b934ca495991b7852b855,e3b0c44298fc1c149afbf4c8996fb92427ae41e4649b934ca495991b7852b855,0,0,0,0
UNCHANGED,backend/audit/audit.middleware.js,e3b0c44298fc1c149afbf4c8996fb92427ae41e4649b934ca495991b7852b855,e3b0c44298fc1c149afbf4c8996fb92427ae41e4649b934ca495991b7852b855,0,0,0,0
UNCHANGED,backend/audit/audit.model.js,e3b0c44298fc1c149afbf4c8996fb92427ae41e4649b934ca495991b7852b855,e3b0c44298fc1c149afbf4c8996fb92427ae41e4649b934ca495991b7852b855,0,0,0,0
UNCHANGED,backend/audit/audit.routes.js,e3b0c44298fc1c149afbf4c8996fb92427ae41e4649b934ca495991b7852b855,e3b0c44298fc1c149afbf4c8996fb92427ae41e4649b934ca495991b7852b855,0,0,0,0
UNCHANGED,backend/audit/audit.service.js,e3b0c44298fc1c149afbf4c8996fb92427ae41e4649b934ca495991b7852b855,e3b0c44298fc1c149afbf4c8996fb92427ae41e4649b934ca495991b7852b855,0,0,0,0
UNCHANGED,backend/backend/package-lock.json,0e774495309e92b9d97bc79f71314135dbb1dd93c0a1a45e47cd1a6ab3d4950d,0e774495309e92b9d97bc79f71314135dbb1dd93c0a1a45e47cd1a6ab3d4950d,86,86,7,7
UNCHANGED,backend/backup/scripts/backup-db.sh,e3ef632924622ca1aeb0baceed802952855ad0a459204b927e72e9d2d0091f4f,e3ef632924622ca1aeb0baceed802952855ad0a459204b927e72e9d2d0091f4f,6132,6132,281,281
UNCHANGED,backend/backup/scripts/restore-db.sh,5b27d36f3940512246af89ae51bc8ce0c5ad0d8a38b3e34785a05218455b359e,5b27d36f3940512246af89ae51bc8ce0c5ad0d8a38b3e34785a05218455b359e,7790,7790,376,376
UNCHANGED,backend/backup/scripts/verify-backup.sh,f360c0340d80cdba1f028723bcaf9740553a106872ee74ef320b604297f9f1dd,f360c0340d80cdba1f028723bcaf9740553a106872ee74ef320b604297f9f1dd,8076,8076,398,398
UNCHANGED,backend/bootstrap/ApplicationBootstrap.js,6470b4acf42b51c49c2957f554ceb251250756146513ac0595a44483ff5bac62,6470b4acf42b51c49c2957f554ceb251250756146513ac0595a44483ff5bac62,86039,86039,5075,5075
UNCHANGED,backend/bootstrap/app.js,10a4ed5466174354c7ebdf9e9d212a2a0e38e1b1a1cb6b7374397089b1d6ffdc,10a4ed5466174354c7ebdf9e9d212a2a0e38e1b1a1cb6b7374397089b1d6ffdc,82413,82413,4493,4493
UNCHANGED,backend/bootstrap/context/BootstrapContext.js,bfa5ab336c61a51497d3c5820d386822c7c4f24adeff026207c04115e673cff7,bfa5ab336c61a51497d3c5820d386822c7c4f24adeff026207c04115e673cff7,53667,53667,2838,2838
UNCHANGED,backend/bootstrap/context/index.js,478f52c425694f61f523315e046917780f10b75ddea4017c6f826a3426e412df,478f52c425694f61f523315e046917780f10b75ddea4017c6f826a3426e412df,4391,4391,142,142
UNCHANGED,backend/bootstrap/database.js,4169d7beaf13150987c6d2bc1c04647255b9c14a4c83fb56282c1304cdce5012,4169d7beaf13150987c6d2bc1c04647255b9c14a4c83fb56282c1304cdce5012,49959,49959,2893,2893
UNCHANGED,backend/bootstrap/dependencies.js,e4146f91d641940fb2b70bc4e59be12d9987634e22e75c81534193b85e82bda1,e4146f91d641940fb2b70bc4e59be12d9987634e22e75c81534193b85e82bda1,37736,37736,2250,2250
UNCHANGED,backend/bootstrap/dependencyRegistry.js,aa2560af17157f5a3f4a25a621bd58189a9b2c5bf3011478840c609bcbd7fb21,aa2560af17157f5a3f4a25a621bd58189a9b2c5bf3011478840c609bcbd7fb21,55162,55162,3095,3095
UNCHANGED,backend/bootstrap/environment.js,c2771c9a3bf51a3e9d166e85627409fc00305e461fa0b1bfab1ba188bc62a0fa,c2771c9a3bf51a3e9d166e85627409fc00305e461fa0b1bfab1ba188bc62a0fa,73408,73408,3996,3996
UNCHANGED,backend/bootstrap/hooks.js,1c33e272a21695e165a5aebfede8448996d04b6eb0d167387cf901f54846e259,1c33e272a21695e165a5aebfede8448996d04b6eb0d167387cf901f54846e259,76808,76808,4160,4160
UNCHANGED,backend/bootstrap/index.js,9d7f11a2b38a1eb001061f5a8b2a1dda982701242c59f2cd7030c31f36eb031d,9d7f11a2b38a1eb001061f5a8b2a1dda982701242c59f2cd7030c31f36eb031d,29339,29339,1434,1434
UNCHANGED,backend/bootstrap/infrastructure.js,045ad82ead963f47f4c7e24753d31f4de4ccf8a1fb9ec5939ab0eeb0ceb5b04c,045ad82ead963f47f4c7e24753d31f4de4ccf8a1fb9ec5939ab0eeb0ceb5b04c,69598,69598,3788,3788
UNCHANGED,backend/bootstrap/infrastructure/index.js,fec7dc2514c1b8574c624bcbba7dccab18efba0ef3babdc44f48bf74f5de9089,fec7dc2514c1b8574c624bcbba7dccab18efba0ef3babdc44f48bf74f5de9089,40737,40737,2096,2096
UNCHANGED,backend/bootstrap/lifecycle.js,a35650a702c5949d3138f59d456db00536e64e34d0eb615b842a95895e8033df,a35650a702c5949d3138f59d456db00536e64e34d0eb615b842a95895e8033df,32527,32527,1744,1744
UNCHANGED,backend/bootstrap/lifecycle/phaseRunner.js,1f77470d5a51bda869587b75df219108b21340bb386cc678e0d10d1327b5e247,1f77470d5a51bda869587b75df219108b21340bb386cc678e0d10d1327b5e247,16942,16942,668,668
UNCHANGED,backend/bootstrap/lifecycleManager.js,d1bdd945a8bac81c571c66aac5febb8f3fbe9dda9852d80903b5551803685f98,d1bdd945a8bac81c571c66aac5febb8f3fbe9dda9852d80903b5551803685f98,44549,44549,2458,2458
UNCHANGED,backend/bootstrap/logger.js,0b22113302a974080e0858c019d30ae6bdd52add12d219b37c99ff3707f453b2,0b22113302a974080e0858c019d30ae6bdd52add12d219b37c99ff3707f453b2,35112,35112,2087,2087
UNCHANGED,backend/bootstrap/middleware.js,ad91794d2e56549a26df5353c130a452cf00ad86238748bfbcfd37984d4caf45,ad91794d2e56549a26df5353c130a452cf00ad86238748bfbcfd37984d4caf45,34979,34979,1763,1763
UNCHANGED,backend/bootstrap/observability.js,185463205f0cf9c78d61257c5070c14627aae493e6f6b41a6cff5bf49dc789b8,185463205f0cf9c78d61257c5070c14627aae493e6f6b41a6cff5bf49dc789b8,35145,35145,2083,2083
UNCHANGED,backend/bootstrap/phaseRunner.js,5e3aec0a7bb1219e5f991a9ad6858e645d2e6d77495489db5ffb2407fd482147,5e3aec0a7bb1219e5f991a9ad6858e645d2e6d77495489db5ffb2407fd482147,31926,31926,1985,1985
UNCHANGED,backend/bootstrap/readinessState.js,d8892697e0c8e55d571114c4851e9edd70cf9887cec60178b62154438a6862e0,d8892697e0c8e55d571114c4851e9edd70cf9887cec60178b62154438a6862e0,29605,29605,1616,1616
UNCHANGED,backend/bootstrap/resilience.js,9120c913b4f0ebf51fd7cfbd62cb6cb601879ba7ac1716a9a46ec7d0cbbb6475,9120c913b4f0ebf51fd7cfbd62cb6cb601879ba7ac1716a9a46ec7d0cbbb6475,46566,46566,2778,2778
UNCHANGED,backend/bootstrap/routes.js,45ac14c13491ad11d064930ea4b81e2baee52567b7804a2b5ea3ff623af1b02c,45ac14c13491ad11d064930ea4b81e2baee52567b7804a2b5ea3ff623af1b02c,48918,48918,2624,2624
UNCHANGED,backend/bootstrap/runtime.js,57a742895ee3431ce271df42245164d4e4df29f24e17ba8be0f899b088ece2ab,57a742895ee3431ce271df42245164d4e4df29f24e17ba8be0f899b088ece2ab,43651,43651,2467,2467
UNCHANGED,backend/bootstrap/server.js,8328e8fb0ee3089dcb37911ed267d391440f8cd99c2e0a01f8325953c07e33f6,8328e8fb0ee3089dcb37911ed267d391440f8cd99c2e0a01f8325953c07e33f6,65765,65765,3768,3768
UNCHANGED,backend/bootstrap/services.js,e578bd74625225e6f672238c025bfc5a7e4c640141b4a0f6a7cee572dc15214f,e578bd74625225e6f672238c025bfc5a7e4c640141b4a0f6a7cee572dc15214f,90351,90351,4943,4943
UNCHANGED,backend/bootstrap/servicesContext.js,fc84acd4d89dfd0a821f5b833511696d1d0b5d84c78d8f6a169ab2280beb9d62,fc84acd4d89dfd0a821f5b833511696d1d0b5d84c78d8f6a169ab2280beb9d62,52918,52918,3162,3162
UNCHANGED,backend/bootstrap/shutdown.js,196ffa6c1a0ce67ed0f8c4a80c80337eda80d87f140f1b61779049de26aa4c48,196ffa6c1a0ce67ed0f8c4a80c80337eda80d87f140f1b61779049de26aa4c48,54838,54838,2744,2744
UNCHANGED,backend/bootstrap/shutdownManager.js,b81e5ebccf248dc6c81bc8279be54a03336b77c07bef304766ae4454d94b80db,b81e5ebccf248dc6c81bc8279be54a03336b77c07bef304766ae4454d94b80db,46841,46841,2643,2643
UNCHANGED,backend/bootstrap/startupErrors.js,69028a5696a6c1b80938809d0a5bb4f97110b3a468bdf46bf297beb1ada3c541,69028a5696a6c1b80938809d0a5bb4f97110b3a468bdf46bf297beb1ada3c541,46804,46804,2388,2388
UNCHANGED,backend/commercial/bridges/canonicalBillingRepository.bridge.js,e3b0c44298fc1c149afbf4c8996fb92427ae41e4649b934ca495991b7852b855,e3b0c44298fc1c149afbf4c8996fb92427ae41e4649b934ca495991b7852b855,0,0,0,0
UNCHANGED,backend/commercial/config/billingCutover.config.js,e3b0c44298fc1c149afbf4c8996fb92427ae41e4649b934ca495991b7852b855,e3b0c44298fc1c149afbf4c8996fb92427ae41e4649b934ca495991b7852b855,0,0,0,0
UNCHANGED,backend/commercial/config/billingRuntime.js,e3b0c44298fc1c149afbf4c8996fb92427ae41e4649b934ca495991b7852b855,e3b0c44298fc1c149afbf4c8996fb92427ae41e4649b934ca495991b7852b855,0,0,0,0
UNCHANGED,backend/commercial/constants/api.constants.js,18e36281508b174d645b1408d9cb71eea7dc72bc5e22f23c258bf4fd12385a49,18e36281508b174d645b1408d9cb71eea7dc72bc5e22f23c258bf4fd12385a49,2021,2021,132,132
UNCHANGED,backend/commercial/constants/billing.constants.js,4619849cc29a4d11865ae5df11bd80a60be47a6bea9b792ed7a6dcdf38b467b9,4619849cc29a4d11865ae5df11bd80a60be47a6bea9b792ed7a6dcdf38b467b9,2119,2119,157,157
UNCHANGED,backend/commercial/constants/commercialFeature.constants.js,573b1d6a983cd58686c0a3eeaa5ee411e6b028d0a604e437131107a6e5d11039,573b1d6a983cd58686c0a3eeaa5ee411e6b028d0a604e437131107a6e5d11039,1605,1605,89,89
UNCHANGED,backend/commercial/constants/fee.constants.js,c5c097f00698fedf0a60d4d621e6d86800445d5b3c7012f12be6bd9d005dbca5,c5c097f00698fedf0a60d4d621e6d86800445d5b3c7012f12be6bd9d005dbca5,1515,1515,106,106
UNCHANGED,backend/commercial/constants/financialProduct.constants.js,daad2803db2953251ab7379daf0f1335a918f260afe2a158af3ea72671ed626e,daad2803db2953251ab7379daf0f1335a918f260afe2a158af3ea72671ed626e,1671,1671,115,115
UNCHANGED,backend/commercial/constants/revenueEngine.constants.js,11a1b9e41ca68c9ea9c9d4446194840adcec9ebf96c783bb80c66eb41a5e08c9,11a1b9e41ca68c9ea9c9d4446194840adcec9ebf96c783bb80c66eb41a5e08c9,1635,1635,85,85
UNCHANGED,backend/commercial/constants/transactionRevenue.constants.js,e3b0c44298fc1c149afbf4c8996fb92427ae41e4649b934ca495991b7852b855,e3b0c44298fc1c149afbf4c8996fb92427ae41e4649b934ca495991b7852b855,0,0,0,0
UNCHANGED,backend/commercial/constants/whiteLabel.constants.js,468a2ce353f9c219525a21eb22b30c681e20181b67994bfa70459d45313926f6,468a2ce353f9c219525a21eb22b30c681e20181b67994bfa70459d45313926f6,1586,1586,109,109
UNCHANGED,backend/commercial/errors/commercial.errors.js,eb0f72d6c85a1247343a61163f7a9a548356e0b32d029f3fa2cac2dcb5c5af74,eb0f72d6c85a1247343a61163f7a9a548356e0b32d029f3fa2cac2dcb5c5af74,3890,3890,238,238
UNCHANGED,backend/commercial/errors/transactionRevenue.errors.js,e3b0c44298fc1c149afbf4c8996fb92427ae41e4649b934ca495991b7852b855,e3b0c44298fc1c149afbf4c8996fb92427ae41e4649b934ca495991b7852b855,0,0,0,0
UNCHANGED,backend/commercial/events/transactionRevenue.events.js,e3b0c44298fc1c149afbf4c8996fb92427ae41e4649b934ca495991b7852b855,e3b0c44298fc1c149afbf4c8996fb92427ae41e4649b934ca495991b7852b855,0,0,0,0
UNCHANGED,backend/commercial/financial/billingFinancialCore.port.js,e3b0c44298fc1c149afbf4c8996fb92427ae41e4649b934ca495991b7852b855,e3b0c44298fc1c149afbf4c8996fb92427ae41e4649b934ca495991b7852b855,0,0,0,0
UNCHANGED,backend/commercial/financial/titechFinancialCore.adapter.js,e3b0c44298fc1c149afbf4c8996fb92427ae41e4649b934ca495991b7852b855,e3b0c44298fc1c149afbf4c8996fb92427ae41e4649b934ca495991b7852b855,0,0,0,0
UNCHANGED,backend/commercial/index.js,a4bdfe2228a304faa549daf55fddd618693d0700f8cfd38fc1b56c4814e2fd94,a4bdfe2228a304faa549daf55fddd618693d0700f8cfd38fc1b56c4814e2fd94,2498,2498,110,110
UNCHANGED,backend/commercial/models/FeeAssessment.js,e3b0c44298fc1c149afbf4c8996fb92427ae41e4649b934ca495991b7852b855,e3b0c44298fc1c149afbf4c8996fb92427ae41e4649b934ca495991b7852b855,0,0,0,0
UNCHANGED,backend/commercial/models/FeeRule.js,e3b0c44298fc1c149afbf4c8996fb92427ae41e4649b934ca495991b7852b855,e3b0c44298fc1c149afbf4c8996fb92427ae41e4649b934ca495991b7852b855,0,0,0,0
UNCHANGED,backend/commercial/models/RevenueEntry.js,e3b0c44298fc1c149afbf4c8996fb92427ae41e4649b934ca495991b7852b855,e3b0c44298fc1c149afbf4c8996fb92427ae41e4649b934ca495991b7852b855,0,0,0,0
UNCHANGED,backend/commercial/models/RevenueSettlement.js,e3b0c44298fc1c149afbf4c8996fb92427ae41e4649b934ca495991b7852b855,e3b0c44298fc1c149afbf4c8996fb92427ae41e4649b934ca495991b7852b855,0,0,0,0
UNCHANGED,backend/commercial/models/billingPayment.model.js,438f479663d207fea507b480e5086fbc9e0232772334ad37e1c1a550151da9ae,438f479663d207fea507b480e5086fbc9e0232772334ad37e1c1a550151da9ae,25609,25609,1117,1117
UNCHANGED,backend/commercial/models/billingPlan.model.js,e3b0c44298fc1c149afbf4c8996fb92427ae41e4649b934ca495991b7852b855,e3b0c44298fc1c149afbf4c8996fb92427ae41e4649b934ca495991b7852b855,0,0,0,0
UNCHANGED,backend/commercial/models/entitlement.model.js,e3b0c44298fc1c149afbf4c8996fb92427ae41e4649b934ca495991b7852b855,e3b0c44298fc1c149afbf4c8996fb92427ae41e4649b934ca495991b7852b855,0,0,0,0
UNCHANGED,backend/commercial/models/invoice.model.js,e3b0c44298fc1c149afbf4c8996fb92427ae41e4649b934ca495991b7852b855,e3b0c44298fc1c149afbf4c8996fb92427ae41e4649b934ca495991b7852b855,0,0,0,0
UNCHANGED,backend/commercial/models/invoiceItem.model.js,e3b0c44298fc1c149afbf4c8996fb92427ae41e4649b934ca495991b7852b855,e3b0c44298fc1c149afbf4c8996fb92427ae41e4649b934ca495991b7852b855,0,0,0,0
UNCHANGED,backend/commercial/models/subscription.model.js,e3b0c44298fc1c149afbf4c8996fb92427ae41e4649b934ca495991b7852b855,e3b0c44298fc1c149afbf4c8996fb92427ae41e4649b934ca495991b7852b855,0,0,0,0
UNCHANGED,backend/commercial/models/subscriptionItem.model.js,e3b0c44298fc1c149afbf4c8996fb92427ae41e4649b934ca495991b7852b855,e3b0c44298fc1c149afbf4c8996fb92427ae41e4649b934ca495991b7852b855,0,0,0,0
UNCHANGED,backend/commercial/models/usageRecord.model.js,e3b0c44298fc1c149afbf4c8996fb92427ae41e4649b934ca495991b7852b855,e3b0c44298fc1c149afbf4c8996fb92427ae41e4649b934ca495991b7852b855,0,0,0,0
UNCHANGED,backend/commercial/repositories/billingRepository.js,e3b0c44298fc1c149afbf4c8996fb92427ae41e4649b934ca495991b7852b855,e3b0c44298fc1c149afbf4c8996fb92427ae41e4649b934ca495991b7852b855,0,0,0,0
UNCHANGED,backend/commercial/repositories/feeAssessment.repository.js,e3b0c44298fc1c149afbf4c8996fb92427ae41e4649b934ca495991b7852b855,e3b0c44298fc1c149afbf4c8996fb92427ae41e4649b934ca495991b7852b855,0,0,0,0
UNCHANGED,backend/commercial/repositories/feeRule.repository.js,e3b0c44298fc1c149afbf4c8996fb92427ae41e4649b934ca495991b7852b855,e3b0c44298fc1c149afbf4c8996fb92427ae41e4649b934ca495991b7852b855,0,0,0,0
UNCHANGED,backend/commercial/repositories/index.js,e3b0c44298fc1c149afbf4c8996fb92427ae41e4649b934ca495991b7852b855,e3b0c44298fc1c149afbf4c8996fb92427ae41e4649b934ca495991b7852b855,0,0,0,0
UNCHANGED,backend/commercial/repositories/revenueEntry.repository.js,e3b0c44298fc1c149afbf4c8996fb92427ae41e4649b934ca495991b7852b855,e3b0c44298fc1c149afbf4c8996fb92427ae41e4649b934ca495991b7852b855,0,0,0,0
UNCHANGED,backend/commercial/repositories/revenueSettlement.repository.js,e3b0c44298fc1c149afbf4c8996fb92427ae41e4649b934ca495991b7852b855,e3b0c44298fc1c149afbf4c8996fb92427ae41e4649b934ca495991b7852b855,0,0,0,0
UNCHANGED,backend/commercial/services/billing/billingInvoice.service.js,e3b0c44298fc1c149afbf4c8996fb92427ae41e4649b934ca495991b7852b855,e3b0c44298fc1c149afbf4c8996fb92427ae41e4649b934ca495991b7852b855,0,0,0,0
UNCHANGED,backend/commercial/services/billing/billingPayment.service.js,1e1fb5af2d9df510d92102b1b28ec05722683080a6d9897f3a63706a3db96acf,1e1fb5af2d9df510d92102b1b28ec05722683080a6d9897f3a63706a3db96acf,49839,49839,1628,1628
UNCHANGED,backend/commercial/services/billing/decimalMoney.js,e3b0c44298fc1c149afbf4c8996fb92427ae41e4649b934ca495991b7852b855,e3b0c44298fc1c149afbf4c8996fb92427ae41e4649b934ca495991b7852b855,0,0,0,0
UNCHANGED,backend/commercial/services/billing/saasBilling.service.js,e3b0c44298fc1c149afbf4c8996fb92427ae41e4649b934ca495991b7852b855,e3b0c44298fc1c149afbf4c8996fb92427ae41e4649b934ca495991b7852b855,0,0,0,0
UNCHANGED,backend/commercial/services/saas/billingPlan.service.js,e3b0c44298fc1c149afbf4c8996fb92427ae41e4649b934ca495991b7852b855,e3b0c44298fc1c149afbf4c8996fb92427ae41e4649b934ca495991b7852b855,0,0,0,0
UNCHANGED,backend/commercial/services/saas/index.js,e3b0c44298fc1c149afbf4c8996fb92427ae41e4649b934ca495991b7852b855,e3b0c44298fc1c149afbf4c8996fb92427ae41e4649b934ca495991b7852b855,0,0,0,0
UNCHANGED,backend/commercial/services/saas/subscription.service.js,e3b0c44298fc1c149afbf4c8996fb92427ae41e4649b934ca495991b7852b855,e3b0c44298fc1c149afbf4c8996fb92427ae41e4649b934ca495991b7852b855,0,0,0,0
UNCHANGED,backend/commercial/services/transactionRevenue/feeAssessment.service.js,e3b0c44298fc1c149afbf4c8996fb92427ae41e4649b934ca495991b7852b855,e3b0c44298fc1c149afbf4c8996fb92427ae41e4649b934ca495991b7852b855,0,0,0,0
UNCHANGED,backend/commercial/services/transactionRevenue/feeCalculation.service.js,e3b0c44298fc1c149afbf4c8996fb92427ae41e4649b934ca495991b7852b855,e3b0c44298fc1c149afbf4c8996fb92427ae41e4649b934ca495991b7852b855,0,0,0,0
UNCHANGED,backend/commercial/services/transactionRevenue/feeRule.service.js,e3b0c44298fc1c149afbf4c8996fb92427ae41e4649b934ca495991b7852b855,e3b0c44298fc1c149afbf4c8996fb92427ae41e4649b934ca495991b7852b855,0,0,0,0
UNCHANGED,backend/commercial/services/transactionRevenue/revenueEntry.service.js,e3b0c44298fc1c149afbf4c8996fb92427ae41e4649b934ca495991b7852b855,e3b0c44298fc1c149afbf4c8996fb92427ae41e4649b934ca495991b7852b855,0,0,0,0
UNCHANGED,backend/commercial/services/transactionRevenue/revenueReversal.service.js,e3b0c44298fc1c149afbf4c8996fb92427ae41e4649b934ca495991b7852b855,e3b0c44298fc1c149afbf4c8996fb92427ae41e4649b934ca495991b7852b855,0,0,0,0
UNCHANGED,backend/commercial/services/transactionRevenue/settlement.service.js,e3b0c44298fc1c149afbf4c8996fb92427ae41e4649b934ca495991b7852b855,e3b0c44298fc1c149afbf4c8996fb92427ae41e4649b934ca495991b7852b855,0,0,0,0
UNCHANGED,backend/commercial/services/transactionRevenue/transactionRevenue.service.js,e3b0c44298fc1c149afbf4c8996fb92427ae41e4649b934ca495991b7852b855,e3b0c44298fc1c149afbf4c8996fb92427ae41e4649b934ca495991b7852b855,0,0,0,0
UNCHANGED,backend/config/app.config.js,4ea94e1a8f01b884b88c090557d27b64e62445096b6d8c28d51378808bcec667,4ea94e1a8f01b884b88c090557d27b64e62445096b6d8c28d51378808bcec667,769,769,45,45
UNCHANGED,backend/config/audit.js,45f3ccd14852963d0794ba6d9c2089f790cdf069bc99caf368416ddc3da29926,45f3ccd14852963d0794ba6d9c2089f790cdf069bc99caf368416ddc3da29926,39214,39214,2117,2117
UNCHANGED,backend/config/auth.config.js,7258dd80a7fa58e247bd1d3a409711ea039e0472ca224619d95642e1e10f4862,7258dd80a7fa58e247bd1d3a409711ea039e0472ca224619d95642e1e10f4862,960,960,55,55
UNCHANGED,backend/config/bootstrapEnvironment.js,c36629e797745bd563d8a5baf39f6ee2a543b8b7b05288ff16e406f73623aef4,c36629e797745bd563d8a5baf39f6ee2a543b8b7b05288ff16e406f73623aef4,53046,53046,2854,2854
UNCHANGED,backend/config/cache.js,c0ed6b313a1fb81dad8a208b31ebff3f28a36e5107fc7f863e26bd641bf233c5,c0ed6b313a1fb81dad8a208b31ebff3f28a36e5107fc7f863e26bd641bf233c5,58399,58399,3305,3305
UNCHANGED,backend/config/configProvider.js,12d32c62dfcc18001b6e443f519bfc7901d1b25f4eed8b89163a752055b69838,12d32c62dfcc18001b6e443f519bfc7901d1b25f4eed8b89163a752055b69838,44242,44242,2740,2740
UNCHANGED,backend/config/cors.config.js,6ee46c32fbff7861637c0fb8928ae4131ef38690eaddebe1cf803870490e2746,6ee46c32fbff7861637c0fb8928ae4131ef38690eaddebe1cf803870490e2746,1153,1153,67,67
UNCHANGED,backend/config/cors.js,bccbf758a616b74cff506cf9cba1d544f4814b9dbd0de5fb19f7996be2a74ff6,bccbf758a616b74cff506cf9cba1d544f4814b9dbd0de5fb19f7996be2a74ff6,40033,40033,2318,2318
UNCHANGED,backend/config/database.config.js,4343a2e0be884950b0bfda7ea2e7493f4312d19ac2d7d2424a3ad6a9fb5d03d5,4343a2e0be884950b0bfda7ea2e7493f4312d19ac2d7d2424a3ad6a9fb5d03d5,1037,1037,64,64
UNCHANGED,backend/config/db.js,2669894af084461f92e3872c725c5f569fc84710a012bab0d96b9ec838aaef4a,2669894af084461f92e3872c725c5f569fc84710a012bab0d96b9ec838aaef4a,76027,76027,4143,4143
UNCHANGED,backend/config/defaults.js,3617f601b7dcddb32cff55e1b58fcc275a446e402a79bc61c7f248bca7a616be,3617f601b7dcddb32cff55e1b58fcc275a446e402a79bc61c7f248bca7a616be,38567,38567,2574,2574
UNCHANGED,backend/config/email.config.js,a2821aead77deeb5d994c64a5a6832d7dc1f14cc22a137ea118ba45297d9355e,a2821aead77deeb5d994c64a5a6832d7dc1f14cc22a137ea118ba45297d9355e,16085,16085,843,843
UNCHANGED,backend/config/env.js,2ade84e5a412b210a50a8d7e60c38dac24fa8d9d5308d5196bde75416ef7739e,2ade84e5a412b210a50a8d7e60c38dac24fa8d9d5308d5196bde75416ef7739e,34226,34226,2281,2281
UNCHANGED,backend/config/environment.js,2815b8221fcf04720d6c74ae72cb5ac266f09264521e7cf13b1d590f3a56c448,2815b8221fcf04720d6c74ae72cb5ac266f09264521e7cf13b1d590f3a56c448,72783,72783,3584,3584
UNCHANGED,backend/config/environment/bootstrapState.js,3a69ff2017297b5a85522a7f04e8bebec5b813f4f9d089f20739ee8af6f8561a,3a69ff2017297b5a85522a7f04e8bebec5b813f4f9d089f20739ee8af6f8561a,66730,66730,3324,3324
UNCHANGED,backend/config/environment/diagnostics.js,f66f1a775e4129ab7754971e1ff8365e7535e9edfee1f397ca4a67434fdc7e9c,f66f1a775e4129ab7754971e1ff8365e7535e9edfee1f397ca4a67434fdc7e9c,71169,71169,3339,3339
UNCHANGED,backend/config/environment/environmentSnapshot.js,028f491a2e013f01723499a1cffa1298fba27f6cc7cb12822e69b151b7fac24f,028f491a2e013f01723499a1cffa1298fba27f6cc7cb12822e69b151b7fac24f,51581,51581,2530,2530
UNCHANGED,backend/config/environment/environmentValidator.js,6d4ff718f51ed8c0d42716b56804b28b49c3ee9f4d74599c562c18c926511602,6d4ff718f51ed8c0d42716b56804b28b49c3ee9f4d74599c562c18c926511602,103818,103818,4679,4679
UNCHANGED,backend/config/environment/index.js,4416b8a243af869f735f6e6affd7488979a9ef4e34310189ef8be48f339ded79,4416b8a243af869f735f6e6affd7488979a9ef4e34310189ef8be48f339ded79,53787,53787,2298,2298
UNCHANGED,backend/config/environment/layerMerger.js,7249482bb8abf8bfad59a36d9e3184dfc5fd00e6d49a2346897c86727d49494f,7249482bb8abf8bfad59a36d9e3184dfc5fd00e6d49a2346897c86727d49494f,77842,77842,3741,3741
UNCHANGED,backend/config/environment/namespaceBuilder.js,32543664b763763549ac3db8bb15767678bdc44b8b0826f4d3d2c7faed890104,32543664b763763549ac3db8bb15767678bdc44b8b0826f4d3d2c7faed890104,81103,81103,3888,3888
UNCHANGED,backend/config/environment/normalizeEnvironment.js,1108d7e1e61483fa134fbf8515ebdfd3e94a2d7a503621418b974c6b888de54f,1108d7e1e61483fa134fbf8515ebdfd3e94a2d7a503621418b974c6b888de54f,81517,81517,3860,3860
UNCHANGED,backend/config/environment/normalizers/array.js,c42c7ee3f1ea6ead7416ff7e52b59f301528095eeaea1a06f8099e57bf5bcd66,c42c7ee3f1ea6ead7416ff7e52b59f301528095eeaea1a06f8099e57bf5bcd66,47511,47511,2486,2486
UNCHANGED,backend/config/environment/normalizers/boolean.js,0c29637e09a4ac0cb421c80a2906a1f16a7e1c0f5a944f90c37607fa60f561bd,0c29637e09a4ac0cb421c80a2906a1f16a7e1c0f5a944f90c37607fa60f561bd,37065,37065,1913,1913
UNCHANGED,backend/config/environment/normalizers/number.js,adb56f685b3653c65be814b1901a0ad47c4242d4afcc7ac4e03aad90e2525d7c,adb56f685b3653c65be814b1901a0ad47c4242d4afcc7ac4e03aad90e2525d7c,46738,46738,2438,2438
UNCHANGED,backend/config/environment/normalizers/url.js,3b91656b55a6aecb002f4b5adcb74832d52b22719ea0f2f5ceefcb5471f52718,3b91656b55a6aecb002f4b5adcb74832d52b22719ea0f2f5ceefcb5471f52718,59061,59061,3211,3211
UNCHANGED,backend/config/environment/precedenceRules.js,d7a5c3a7db6a7bc8d5a0c4ca9d128a003f97f5131d8a6e604118c57426f22db7,d7a5c3a7db6a7bc8d5a0c4ca9d128a003f97f5131d8a6e604118c57426f22db7,85970,85970,4079,4079
UNCHANGED,backend/config/environment/requiredVariables.js,8fd23231c9d917321b7c5b18fdd9ff630eae8dfeb8a41e6134f2a703350e6260,8fd23231c9d917321b7c5b18fdd9ff630eae8dfeb8a41e6134f2a703350e6260,79207,79207,3716,3716
UNCHANGED,backend/config/environment/secretMasker.js,1076df9a93fefe09aa75b090723cd4dd3834d57c3d2f15b84f650796c7824a1c,1076df9a93fefe09aa75b090723cd4dd3834d57c3d2f15b84f650796c7824a1c,55656,55656,2869,2869
UNCHANGED,backend/config/environment/stateManager.js,e1fb40a7aac495f427c6153c2e77e51fb79937a0a4fd3d7e3cf93708aec9e26e,e1fb40a7aac495f427c6153c2e77e51fb79937a0a4fd3d7e3cf93708aec9e26e,84387,84387,4186,4186
UNCHANGED,backend/config/environment/validation/databaseValidator.js,5343e9409d0145511b02a69cc3653a265378f125e6383033aba3382b0a250688,5343e9409d0145511b02a69cc3653a265378f125e6383033aba3382b0a250688,73437,73437,3667,3667
UNCHANGED,backend/config/environment/validation/jwtValidator.js,28fae964627e89f06097e9fbb4a768e49e15daeae74a976aa789cb4bb6ff9848,28fae964627e89f06097e9fbb4a768e49e15daeae74a976aa789cb4bb6ff9848,89206,89206,4316,4316
UNCHANGED,backend/config/environment/validation/mobileMoneyValidator.js,12ae77a5ac3e3fb3a68345d6eb580d9318aa2449530262f23c9a85c9a596dc6e,12ae77a5ac3e3fb3a68345d6eb580d9318aa2449530262f23c9a85c9a596dc6e,97503,97503,4606,4606
UNCHANGED,backend/config/environment/validation/requiredValidator.js,dda1e72484833426fbf68ac6aaea847471ed96072cd62aa8ca409ee98c4ae7ce,dda1e72484833426fbf68ac6aaea847471ed96072cd62aa8ca409ee98c4ae7ce,72846,72846,3763,3763
UNCHANGED,backend/config/environment/validation/schemaValidator.js,0de37eaa7ce75a3ba414dace140636c9a8f1a77b292141bc1258bb73876c33fc,0de37eaa7ce75a3ba414dace140636c9a8f1a77b292141bc1258bb73876c33fc,77320,77320,4036,4036
UNCHANGED,backend/config/environment/validation/securityValidator.js,54223bf1d736c09e1c1dc79b5e3f3fcb07b3d9e2eff13b728d177503b71a9298,54223bf1d736c09e1c1dc79b5e3f3fcb07b3d9e2eff13b728d177503b71a9298,101677,101677,4726,4726
UNCHANGED,backend/config/environment/validation/validationReport.js,e0805ad7d62203840426c3e28697a25b5dafd16d4f8e3d2c86fc3b92c0120ba4,e0805ad7d62203840426c3e28697a25b5dafd16d4f8e3d2c86fc3b92c0120ba4,72775,72775,3563,3563
UNCHANGED,backend/config/environment/validationErrors.js,1889d3de2dfd55b5743e2e721b084389103c0a19bf6784705bf7851d8ec996e4,1889d3de2dfd55b5743e2e721b084389103c0a19bf6784705bf7851d8ec996e4,48944,48944,2497,2497
UNCHANGED,backend/config/featureFlags.js,48cc8ac6bbe5b6cfc7bf8166789b36183ca16f76e3b75c9de20a4ea8d471b3da,48cc8ac6bbe5b6cfc7bf8166789b36183ca16f76e3b75c9de20a4ea8d471b3da,68816,68816,3674,3674
UNCHANGED,backend/config/features.config.js,67840365c10054aab3d0b935f7966869467690392047029a9c19d073d93c951e,67840365c10054aab3d0b935f7966869467690392047029a9c19d073d93c951e,1204,1204,78,78
UNCHANGED,backend/config/fingerprint.js,34828f356b0c54d7f90f0693d6990dca0b6cf672a751b1ef5fa9dd9e0820e550,34828f356b0c54d7f90f0693d6990dca0b6cf672a751b1ef5fa9dd9e0820e550,31396,31396,1882,1882
UNCHANGED,backend/config/index.js,93a8a3c743d189e8a1aab673228247928def04b9a6b7cd0a701a3028cade6e25,93a8a3c743d189e8a1aab673228247928def04b9a6b7cd0a701a3028cade6e25,25365,25365,1389,1389
UNCHANGED,backend/config/jwt.js,91824106fdfb3e5f08ae5421d25a426af83d5be80c2c43c1804d7745e5b2453c,91824106fdfb3e5f08ae5421d25a426af83d5be80c2c43c1804d7745e5b2453c,76944,76944,3574,3574
UNCHANGED,backend/config/logger.js,6de3cbc1be47309ae8d728d07671bf9d38f5a42332431f16024e77f94078fc05,6de3cbc1be47309ae8d728d07671bf9d38f5a42332431f16024e77f94078fc05,60694,60694,2899,2899
UNCHANGED,backend/config/mail.js,b5c1505dda83aecaa634ed2439e756d5c4190228c8010634ffb22971849a2c3d,b5c1505dda83aecaa634ed2439e756d5c4190228c8010634ffb22971849a2c3d,78542,78542,3606,3606
UNCHANGED,backend/config/observability.config.js,0d2ae662fbb779347cb086b90e33731983940c4bcfd59b8a7c01ea7da80babd0,0d2ae662fbb779347cb086b90e33731983940c4bcfd59b8a7c01ea7da80babd0,856,856,53,53
UNCHANGED,backend/config/performanceOptimization.js,f1dacb5c402b4e85a83ad76706a13b8ada065f4d713b7a75c0c82acbb26bb440,f1dacb5c402b4e85a83ad76706a13b8ada065f4d713b7a75c0c82acbb26bb440,82636,82636,3804,3804
UNCHANGED,backend/config/provider/ConfigurationProvider.js,2158476919b5acf0a5887eba7947b68b348e040c7fcf6903c73e5434c7e6f83e,2158476919b5acf0a5887eba7947b68b348e040c7fcf6903c73e5434c7e6f83e,68693,68693,3307,3307
UNCHANGED,backend/config/provider/diagnostics.js,d5c7ee87da7b1b28b7e62d615f5f6665ddea835cbabccef6a1b1c9040281058c,d5c7ee87da7b1b28b7e62d615f5f6665ddea835cbabccef6a1b1c9040281058c,82138,82138,3795,3795
UNCHANGED,backend/config/provider/featureFlags.js,8766d1b66d83f9259765b69ee2f0ccebe4efafb4ef307da4323c5d6a4f90a89e,8766d1b66d83f9259765b69ee2f0ccebe4efafb4ef307da4323c5d6a4f90a89e,86588,86588,3981,3981
UNCHANGED,backend/config/provider/hooks.js,e092125e3f64d86045fb95ec0bf3d17ee40eb517d8c6d67a7fee6874532071d6,e092125e3f64d86045fb95ec0bf3d17ee40eb517d8c6d67a7fee6874532071d6,38864,38864,1864,1864
UNCHANGED,backend/config/provider/namespaceAccess.js,43935d0d80176d1cf41da55082424553e5d14b269a32bb4a516aa14eb27b5a93,43935d0d80176d1cf41da55082424553e5d14b269a32bb4a516aa14eb27b5a93,82995,82995,3994,3994
UNCHANGED,backend/config/provider/tenantOverrides.js,569752191afa6132c64cbb0f0417d145de9e54fb67aab852355c97585f9524c7,569752191afa6132c64cbb0f0417d145de9e54fb67aab852355c97585f9524c7,83840,83840,3980,3980
UNCHANGED,backend/config/queues.js,9c7bc57c4ceca238fe7261c009eda0cca025f22e3a658fa14f2e7da5f6bc774b,9c7bc57c4ceca238fe7261c009eda0cca025f22e3a658fa14f2e7da5f6bc774b,108714,108714,4452,4452
UNCHANGED,backend/config/redis.config.js,cbcd4d6d314c70ad8b24fbda406786ae12f0922326c775c51727d7a01203e468,cbcd4d6d314c70ad8b24fbda406786ae12f0922326c775c51727d7a01203e468,1104,1104,70,70
UNCHANGED,backend/config/redis.js,41e1255243809fbdd5199e0259e3e613b23ef9a8dd89813dd0c941070b512114,41e1255243809fbdd5199e0259e3e613b23ef9a8dd89813dd0c941070b512114,69140,69140,3062,3062
UNCHANGED,backend/config/runtime.js,de88c89b928c030de02c5960343eb92dd05ae80655fe5d68ea5da9c8262c8675,de88c89b928c030de02c5960343eb92dd05ae80655fe5d68ea5da9c8262c8675,67047,67047,2900,2900
UNCHANGED,backend/config/saasBillingStage01d.js,40d9dd70840dd4637fe42fa78ac1e4453f846239ac6a5c614ff166dca8646496,40d9dd70840dd4637fe42fa78ac1e4453f846239ac6a5c614ff166dca8646496,6705,6705,314,314
UNCHANGED,backend/config/security.config.js,46627fddd6e2c650e6b7aff384d420991b3433bd8449a903588dcab115fa9412,46627fddd6e2c650e6b7aff384d420991b3433bd8449a903588dcab115fa9412,1100,1100,77,77
UNCHANGED,backend/config/storage.js,959dd04131b4536b757ddc1448bf731a3609e9faa32da384d6eef8b915c735f2,959dd04131b4536b757ddc1448bf731a3609e9faa32da384d6eef8b915c735f2,98777,98777,4017,4017
UNCHANGED,backend/config/swagger.js,7408b913e7db3de28ba6aed0f251c95f0749e09d79d125d0d135bb817395d266,7408b913e7db3de28ba6aed0f251c95f0749e09d79d125d0d135bb817395d266,77329,77329,3363,3363
UNCHANGED,backend/config/swaggerConfig.js,f6b25946a613fbedaec6bef40129a638b25d2a3d1193785169094ce0beeac603,f6b25946a613fbedaec6bef40129a638b25d2a3d1193785169094ce0beeac603,113793,113793,4881,4881
UNCHANGED,backend/config/tenants.js,2229df4c824dab66d44f5632b0511a72cc35c8465058875d06dc09b053a45e52,2229df4c824dab66d44f5632b0511a72cc35c8465058875d06dc09b053a45e52,105903,105903,4457,4457
UNCHANGED,backend/constants/announcementConstants.js,51f9f8e71f2926f53661055197f1ebeff171c76d4dcb800de8e87edf920c7212,51f9f8e71f2926f53661055197f1ebeff171c76d4dcb800de8e87edf920c7212,31602,31602,1198,1198
UNCHANGED,backend/constants/referralConstants.js,546a412f2a79d1d08526068812646ecaec6526fadb4081e767c5586809a05001,546a412f2a79d1d08526068812646ecaec6526fadb4081e767c5586809a05001,48903,48903,1943,1943
UNCHANGED,backend/controllers/TransactionController.js,67ac67e80ba25647087da0a4171496a5749723f4da717a9efd4f8698398b8a4c,67ac67e80ba25647087da0a4171496a5749723f4da717a9efd4f8698398b8a4c,641,641,29,29
UNCHANGED,backend/controllers/admin.controller.js,f372af830696a5a70d19656675ab617381ac3d352343068700582530f5b0e1a5,f372af830696a5a70d19656675ab617381ac3d352343068700582530f5b0e1a5,23483,23483,1017,1017
UNCHANGED,backend/controllers/adminAnalytics.controller.js,d49616860ea444a96d1bf62fe782c3e92eff3133f04742e31317a5504a424085,d49616860ea444a96d1bf62fe782c3e92eff3133f04742e31317a5504a424085,79260,79260,3866,3866
UNCHANGED,backend/controllers/adminAudit.controller.js,9e22134be5a581593a680477f77932b3d5ea9d21c95939834ff8864b5487a19c,9e22134be5a581593a680477f77932b3d5ea9d21c95939834ff8864b5487a19c,71770,71770,3474,3474
UNCHANGED,backend/controllers/adminController.js,42a0fefa74533102051409315188eab647998814fe6fd060a62c8527b8a314a0,42a0fefa74533102051409315188eab647998814fe6fd060a62c8527b8a314a0,93339,93339,3369,3369
UNCHANGED,backend/controllers/adminDashboard.controller.js,33428c57e1f35ed123a330d17bc5ff4efec844f063e4a9813b49a6c43e7e1142,33428c57e1f35ed123a330d17bc5ff4efec844f063e4a9813b49a6c43e7e1142,42100,42100,2038,2038
UNCHANGED,backend/controllers/adminManagement.controller.js,befc2b191ae1315f50450040827b8e0e5f2e98ff371440efe54abb05d12002b4,befc2b191ae1315f50450040827b8e0e5f2e98ff371440efe54abb05d12002b4,69422,69422,3207,3207
UNCHANGED,backend/controllers/adminReports.controller.js,570e6e9f0a5cb4e5a07ad21d8d3d658b98697e191ba631be561bf8d9197394f8,570e6e9f0a5cb4e5a07ad21d8d3d658b98697e191ba631be561bf8d9197394f8,76703,76703,3702,3702
UNCHANGED,backend/controllers/adminRisk.controller.js,18d0bbc72a6dfbb722d7719ef8e5680fccb2407ecb271d483dd802038d801bee,18d0bbc72a6dfbb722d7719ef8e5680fccb2407ecb271d483dd802038d801bee,64755,64755,3037,3037
UNCHANGED,backend/controllers/adminSystem.controller.js,99eca6194f7018a2eb3dba0ef0cfae0190d88cded9dbd41ab128617c1596c716,99eca6194f7018a2eb3dba0ef0cfae0190d88cded9dbd41ab128617c1596c716,71613,71613,3514,3514
UNCHANGED,backend/controllers/airtelController.js,e7739a7f6f9ec164f5eb249e1ee419d71038e173a064ceb6d719714ea3a76595,e7739a7f6f9ec164f5eb249e1ee419d71038e173a064ceb6d719714ea3a76595,42211,42211,1921,1921
UNCHANGED,backend/controllers/announcementController.js,a262e66cb06a0ea5a685a931faa66e9d7b6a8f135bf94d91851f9f4731a8c263,a262e66cb06a0ea5a685a931faa66e9d7b6a8f135bf94d91851f9f4731a8c263,15052,15052,785,785
UNCHANGED,backend/controllers/authController.js,ba444ca0727d2154cc25ec6d98939967891523efdc4b971407e37da3bc6f5726,ba444ca0727d2154cc25ec6d98939967891523efdc4b971407e37da3bc6f5726,27250,27250,979,979
UNCHANGED,backend/controllers/bizchat.controller.js,c8c4e6c3ed48976c482d3858e066b6c8df4aff5dd04aff2050f919219aa478ed,c8c4e6c3ed48976c482d3858e066b6c8df4aff5dd04aff2050f919219aa478ed,711,711,16,16
UNCHANGED,backend/controllers/chat/announcementController.js,5c5f8877902cce0080c9ff1b5cddbf5e8a1d719ac511df7f76b6e330fd4d0bce,5c5f8877902cce0080c9ff1b5cddbf5e8a1d719ac511df7f76b6e330fd4d0bce,4812,4812,213,213
UNCHANGED,backend/controllers/chat/conversationController.js,22f2064829702b24d2ecfa9b0651af671db49752f729bbd5b8cbccfb289c8c0a,22f2064829702b24d2ecfa9b0651af671db49752f729bbd5b8cbccfb289c8c0a,4144,4144,182,182
UNCHANGED,backend/controllers/chat/exportController.js,7f3b2123c2d0f40fcaef50a135e6ecee2abf96a1cd90c2e52ded857f7233f98e,7f3b2123c2d0f40fcaef50a135e6ecee2abf96a1cd90c2e52ded857f7233f98e,3923,3923,163,163
UNCHANGED,backend/controllers/chat/messageController.js,1daba0d54a6ec3626d09a09ea906a0760b1cb8d0c40f652054863f7e687bbf82,1daba0d54a6ec3626d09a09ea906a0760b1cb8d0c40f652054863f7e687bbf82,4894,4894,230,230
UNCHANGED,backend/controllers/chat/supportThreadController.js,22afb5558c13484c8aadf3745f6ffd123712e75e467c3fac52deb6cd8c5e3529,22afb5558c13484c8aadf3745f6ffd123712e75e467c3fac52deb6cd8c5e3529,4862,4862,198,198
UNCHANGED,backend/controllers/chatController.js,9e5eca4198c831e8b90e1fccb3e7a34583428f5eb7581bacef7cd3bdd6d270c4,9e5eca4198c831e8b90e1fccb3e7a34583428f5eb7581bacef7cd3bdd6d270c4,3366,3366,119,119
UNCHANGED,backend/controllers/complianceController.js,ddb52584abcbcb3f8237a70f69183e0934be71a5ada29c6c7f9a3ca43012aaa9,ddb52584abcbcb3f8237a70f69183e0934be71a5ada29c6c7f9a3ca43012aaa9,11026,11026,522,522
UNCHANGED,backend/controllers/contributionController.js,bdd7b998cca43a8e13911460b5cc090184d7e8b7555cd59ff6eddf577338e1a5,bdd7b998cca43a8e13911460b5cc090184d7e8b7555cd59ff6eddf577338e1a5,9375,9375,297,297
UNCHANGED,backend/controllers/dashboardController.js,f7aa1afc77cc6dad42c96099d28c00c0daf8f19ad0bed93f277ff763dd81d7eb,f7aa1afc77cc6dad42c96099d28c00c0daf8f19ad0bed93f277ff763dd81d7eb,22510,22510,1047,1047
UNCHANGED,backend/controllers/emailController.js,645fb32903e76fbd979d1f937ec4829ad846d6c3a55e95d66b317e8e58d6b960,645fb32903e76fbd979d1f937ec4829ad846d6c3a55e95d66b317e8e58d6b960,39755,39755,1745,1745
UNCHANGED,backend/controllers/faqController.js,d72129b106b120c0ea5f8d019bbd81110feb4fb127d9a94bac24fe9a0bc47907,d72129b106b120c0ea5f8d019bbd81110feb4fb127d9a94bac24fe9a0bc47907,7188,7188,287,287
UNCHANGED,backend/controllers/forumController.js,2c41e9a6409188bd2188a4fecd673570df1a14d1557a6bd733ef9e27a16f9780,2c41e9a6409188bd2188a4fecd673570df1a14d1557a6bd733ef9e27a16f9780,11038,11038,418,418
UNCHANGED,backend/controllers/groupController.js,acff09c970b4f285facf31add949df5d4327c0b3cf69211a1133f851d8e02d1c,acff09c970b4f285facf31add949df5d4327c0b3cf69211a1133f851d8e02d1c,12620,12620,444,444
UNCHANGED,backend/controllers/groupWalletController.js,7171842ba096d7fd27db317200c8d83e863d5b59abc2ffdaa2c6abcd7846dde6,7171842ba096d7fd27db317200c8d83e863d5b59abc2ffdaa2c6abcd7846dde6,815,815,26,26
UNCHANGED,backend/controllers/helpCenterController.js,26f3e2c1c9f62550f055e9cdbe281a428c6c0b42dec8f819ace00bc2aeaf7ccd,26f3e2c1c9f62550f055e9cdbe281a428c6c0b42dec8f819ace00bc2aeaf7ccd,6873,6873,263,263
UNCHANGED,backend/controllers/kyc.controller.js,4b55168f1214c5713909c04cdff9051db618c331c01ccfe2959ff8952f09c304,4b55168f1214c5713909c04cdff9051db618c331c01ccfe2959ff8952f09c304,1426,1426,57,57
UNCHANGED,backend/controllers/legalController.js,75bc3a035bdaa01afddc19bde7041894279e7d69f860d6d3ba6942e5363e1e1d,75bc3a035bdaa01afddc19bde7041894279e7d69f860d6d3ba6942e5363e1e1d,2961,2961,114,114
UNCHANGED,backend/controllers/loanController.js,9f1319ec0e2cfcf9007534c21dd436f802b754ce754f5d80727c4923c10d6835,9f1319ec0e2cfcf9007534c21dd436f802b754ce754f5d80727c4923c10d6835,26057,26057,1183,1183
UNCHANGED,backend/controllers/loansController.js,38f214f4914275a6ae2ec7b80deb71affb7cc0f7190a4f4101eb397a4bdf316b,38f214f4914275a6ae2ec7b80deb71affb7cc0f7190a4f4101eb397a4bdf316b,14482,14482,615,615
UNCHANGED,backend/controllers/memberController.js,15a0eef7c0d49316e0e93724f2fd5f785f82b02a0747ce629fbc1cd8de2b47bf,15a0eef7c0d49316e0e93724f2fd5f785f82b02a0747ce629fbc1cd8de2b47bf,11940,11940,464,464
UNCHANGED,backend/controllers/momoCallback.controller.js,b31f44b20444f8bfe252730ce3d9191de71ed0e93d6e8ba8bbf10ceb494914dd,b31f44b20444f8bfe252730ce3d9191de71ed0e93d6e8ba8bbf10ceb494914dd,1381,1381,52,52
UNCHANGED,backend/controllers/momoCollectionController.js,c9ae8218ff8f480e112f88f968c9b2a8189dd5d7765358617ad68f826e2a752e,c9ae8218ff8f480e112f88f968c9b2a8189dd5d7765358617ad68f826e2a752e,8272,8272,367,367
UNCHANGED,backend/controllers/momoDisbursementController.js,47342a8109e358a3ecc0e1b5fd509e046359149a82f6ecc51fe35a9dbe1da853,47342a8109e358a3ecc0e1b5fd509e046359149a82f6ecc51fe35a9dbe1da853,1326,1326,47,47
UNCHANGED,backend/controllers/mtnController.js,95a5c2b6dc8bb31d60b7ca6915d482d091235797c44ef0546bdbe7b9afe8c5cc,95a5c2b6dc8bb31d60b7ca6915d482d091235797c44ef0546bdbe7b9afe8c5cc,9041,9041,480,480
UNCHANGED,backend/controllers/paymentController.js,67a9aef7a97dc380be390f0ef109fd015a69eb7c131850e1cdf78d537cb86e36,67a9aef7a97dc380be390f0ef109fd015a69eb7c131850e1cdf78d537cb86e36,37982,37982,2436,2436
UNCHANGED,backend/controllers/paymentController1.js,066c3f3a2b83799578aa2bed15e5a8afb82f48aca19d15bab0b5295858c572f2,066c3f3a2b83799578aa2bed15e5a8afb82f48aca19d15bab0b5295858c572f2,31835,31835,1052,1052
UNCHANGED,backend/controllers/rbac.controller.js,111babd755bbf49e8989ebebd93d556831233ff0766bbaaea22dc01aadeab9ec,111babd755bbf49e8989ebebd93d556831233ff0766bbaaea22dc01aadeab9ec,1711,1711,39,39
UNCHANGED,backend/controllers/referralController.js,ec33c48d310b15f1683adbe79d2ac5dd81567399fdfa9055f5b60bd8c477c76c,ec33c48d310b15f1683adbe79d2ac5dd81567399fdfa9055f5b60bd8c477c76c,8623,8623,322,322
UNCHANGED,backend/controllers/referralRewardController.js,6e5b1fb3ba267832ceb71f20ed412150fe05ffd2b7f768ff48bc68ba736551ec,6e5b1fb3ba267832ceb71f20ed412150fe05ffd2b7f768ff48bc68ba736551ec,63695,63695,3328,3328
UNCHANGED,backend/controllers/riskController.js,16c2cd9fc3cb84fc8f06ae3d528330ccafd79e3f9f267173e4c79e84e7e16034,16c2cd9fc3cb84fc8f06ae3d528330ccafd79e3f9f267173e4c79e84e7e16034,7717,7717,213,213
UNCHANGED,backend/controllers/savingsController.js,6f5475dbad6b977f8722112e0cef6379644b09e6ebfbbc0882ddc4a4df7ab1ff,6f5475dbad6b977f8722112e0cef6379644b09e6ebfbbc0882ddc4a4df7ab1ff,14863,14863,690,690
UNCHANGED,backend/controllers/settingsController.js,02a0a7c8703d085bc13fae4cbdfa5c989ba5e48f4775292fe9a6d65edfab1624,02a0a7c8703d085bc13fae4cbdfa5c989ba5e48f4775292fe9a6d65edfab1624,1745,1745,63,63
UNCHANGED,backend/controllers/systemSettingController.js,bbabe916249b754d07769c985d8db1ae8048382e59c1d60fb48253117d1dd31c,bbabe916249b754d07769c985d8db1ae8048382e59c1d60fb48253117d1dd31c,56685,56685,2458,2458
UNCHANGED,backend/controllers/transaction.controller.js,20af95b88d8fdf9e991256d8134913846a47709d35318159f693247c4a0445bb,20af95b88d8fdf9e991256d8134913846a47709d35318159f693247c4a0445bb,841,841,32,32
UNCHANGED,backend/controllers/ussdController.js,4e7fb7b9afbe07b3356fd4b7b73adcb80bafee66c15c374c17990c4759637d78,4e7fb7b9afbe07b3356fd4b7b73adcb80bafee66c15c374c17990c4759637d78,68775,68775,3095,3095
UNCHANGED,backend/controllers/verificationController.js,23738b6a748efe0027439536527c3f27e87fb996bac6873c947f5e755c46b8a9,23738b6a748efe0027439536527c3f27e87fb996bac6873c947f5e755c46b8a9,437,437,21,21
UNCHANGED,backend/controllers/walletController.js,b0f3fb08cdc17a21cdddb3b798093c2a74572a19feb84ec2db72bc7b1b219ca0,b0f3fb08cdc17a21cdddb3b798093c2a74572a19feb84ec2db72bc7b1b219ca0,447,447,16,16
UNCHANGED,backend/docs/BIZCHAT.md,c0c115f4d3db0c5a13e3ecb75c118da9e51e8d71db0f88c7a7d404c534232d59,c0c115f4d3db0c5a13e3ecb75c118da9e51e8d71db0f88c7a7d404c534232d59,1043,1043,24,24
UNCHANGED,backend/docs/commercial/BILLING_CONSOLIDATION.md,e3b0c44298fc1c149afbf4c8996fb92427ae41e4649b934ca495991b7852b855,e3b0c44298fc1c149afbf4c8996fb92427ae41e4649b934ca495991b7852b855,0,0,0,0
UNCHANGED,backend/docs/commercial/STAGE_01C_CUTOVER_RUNBOOK.md,e3b0c44298fc1c149afbf4c8996fb92427ae41e4649b934ca495991b7852b855,e3b0c44298fc1c149afbf4c8996fb92427ae41e4649b934ca495991b7852b855,0,0,0,0
UNCHANGED,backend/errors/ApiError.js,716938efe9bd43c337eaa90b6d8f14d85e754ed345786d0b5b1fb32822128a46,716938efe9bd43c337eaa90b6d8f14d85e754ed345786d0b5b1fb32822128a46,5812,5812,276,276
UNCHANGED,backend/errors/AppError.js,4ba91b2976d5635b0aee160ad3c1f0e5f26aa1cb55e8667135e4a32503c3753b,4ba91b2976d5635b0aee160ad3c1f0e5f26aa1cb55e8667135e4a32503c3753b,9301,9301,364,364
UNCHANGED,backend/errors/BadRequestError.js,a391e15f620fb55d585f38f94ea068add0265b01a63120b69d38f2312ad9e2e3,a391e15f620fb55d585f38f94ea068add0265b01a63120b69d38f2312ad9e2e3,1172,1172,50,50
UNCHANGED,backend/errors/ConflictError.js,817af1933e1438d4460ff4dc7c2459fe9ea6c95922c741e6073f581fe528caeb,817af1933e1438d4460ff4dc7c2459fe9ea6c95922c741e6073f581fe528caeb,1471,1471,62,62
UNCHANGED,backend/errors/NotFoundError.js,2a19233b816413bdd6993b7351d2d6e50d7f4a28f2424f395d7fcdd6f7ca4b40,2a19233b816413bdd6993b7351d2d6e50d7f4a28f2424f395d7fcdd6f7ca4b40,1474,1474,62,62
UNCHANGED,backend/errors/PaymentRequiredError.js,0774ef2aa0c461432bae08117176300e05b0a0a86f31fe4ead2bc3f736b34558,0774ef2aa0c461432bae08117176300e05b0a0a86f31fe4ead2bc3f736b34558,1545,1545,61,61
UNCHANGED,backend/errors/financialErrors.js,2883b8e103a212bf7a5c9be6f847d8c7dc37ad70db830a2696b40b3f539ac7d1,2883b8e103a212bf7a5c9be6f847d8c7dc37ad70db830a2696b40b3f539ac7d1,13700,13700,488,488
UNCHANGED,backend/errors/index.js,279f01644fba75634be1b00aad8888662952093b9eab4fa39db976219af8a909,279f01644fba75634be1b00aad8888662952093b9eab4fa39db976219af8a909,6062,6062,222,222
UNCHANGED,backend/eslint.config.mjs,62cf1f3ce314276e42b9a7ad9bf5e9e0d2b605d8748695815dc3dc0aea7acd9a,62cf1f3ce314276e42b9a7ad9bf5e9e0d2b605d8748695815dc3dc0aea7acd9a,1601,1601,79,79
UNCHANGED,backend/integrations/airtel/airtel.constants.js,e3b0c44298fc1c149afbf4c8996fb92427ae41e4649b934ca495991b7852b855,e3b0c44298fc1c149afbf4c8996fb92427ae41e4649b934ca495991b7852b855,0,0,0,0
UNCHANGED,backend/integrations/airtel/airtel.controller.js,e3b0c44298fc1c149afbf4c8996fb92427ae41e4649b934ca495991b7852b855,e3b0c44298fc1c149afbf4c8996fb92427ae41e4649b934ca495991b7852b855,0,0,0,0
UNCHANGED,backend/integrations/airtel/airtel.events.js,e3b0c44298fc1c149afbf4c8996fb92427ae41e4649b934ca495991b7852b855,e3b0c44298fc1c149afbf4c8996fb92427ae41e4649b934ca495991b7852b855,0,0,0,0
UNCHANGED,backend/integrations/airtel/airtel.routes.js,e3b0c44298fc1c149afbf4c8996fb92427ae41e4649b934ca495991b7852b855,e3b0c44298fc1c149afbf4c8996fb92427ae41e4649b934ca495991b7852b855,0,0,0,0
UNCHANGED,backend/integrations/airtel/airtel.service.js,e3b0c44298fc1c149afbf4c8996fb92427ae41e4649b934ca495991b7852b855,e3b0c44298fc1c149afbf4c8996fb92427ae41e4649b934ca495991b7852b855,0,0,0,0
UNCHANGED,backend/integrations/airtel/airtel.validator.js,e3b0c44298fc1c149afbf4c8996fb92427ae41e4649b934ca495991b7852b855,e3b0c44298fc1c149afbf4c8996fb92427ae41e4649b934ca495991b7852b855,0,0,0,0
UNCHANGED,backend/integrations/airtel/airtel.webhook.js,e3b0c44298fc1c149afbf4c8996fb92427ae41e4649b934ca495991b7852b855,e3b0c44298fc1c149afbf4c8996fb92427ae41e4649b934ca495991b7852b855,0,0,0,0
UNCHANGED,backend/integrations/mtn/momo.constants.js,e3b0c44298fc1c149afbf4c8996fb92427ae41e4649b934ca495991b7852b855,e3b0c44298fc1c149afbf4c8996fb92427ae41e4649b934ca495991b7852b855,0,0,0,0
UNCHANGED,backend/integrations/mtn/momo.controller.js,e3b0c44298fc1c149afbf4c8996fb92427ae41e4649b934ca495991b7852b855,e3b0c44298fc1c149afbf4c8996fb92427ae41e4649b934ca495991b7852b855,0,0,0,0
UNCHANGED,backend/integrations/mtn/momo.events.js,e3b0c44298fc1c149afbf4c8996fb92427ae41e4649b934ca495991b7852b855,e3b0c44298fc1c149afbf4c8996fb92427ae41e4649b934ca495991b7852b855,0,0,0,0
UNCHANGED,backend/integrations/mtn/momo.routes.js,e3b0c44298fc1c149afbf4c8996fb92427ae41e4649b934ca495991b7852b855,e3b0c44298fc1c149afbf4c8996fb92427ae41e4649b934ca495991b7852b855,0,0,0,0
UNCHANGED,backend/integrations/mtn/momo.service.js,e3b0c44298fc1c149afbf4c8996fb92427ae41e4649b934ca495991b7852b855,e3b0c44298fc1c149afbf4c8996fb92427ae41e4649b934ca495991b7852b855,0,0,0,0
UNCHANGED,backend/integrations/mtn/momo.validator.js,e3b0c44298fc1c149afbf4c8996fb92427ae41e4649b934ca495991b7852b855,e3b0c44298fc1c149afbf4c8996fb92427ae41e4649b934ca495991b7852b855,0,0,0,0
UNCHANGED,backend/integrations/mtn/momo.webhook.js,e3b0c44298fc1c149afbf4c8996fb92427ae41e4649b934ca495991b7852b855,e3b0c44298fc1c149afbf4c8996fb92427ae41e4649b934ca495991b7852b855,0,0,0,0
UNCHANGED,backend/jest.config.cjs,33d0e5017329385e660330a19a115a1dad5d3da17807643651b4e7fe785a3839,33d0e5017329385e660330a19a115a1dad5d3da17807643651b4e7fe785a3839,675,675,31,31
UNCHANGED,backend/jobs/queueSetup.js,2e721b2b7bc5a80526ef54d5bb109e014adce6a60442c13d8a17102f1b7e87ff,2e721b2b7bc5a80526ef54d5bb109e014adce6a60442c13d8a17102f1b7e87ff,7526,7526,216,216
UNCHANGED,backend/jobs/referralRewardRecoveryJob.js,3235f9ae2e97103c16d72f90411ff2233f79db4ea4201add719888a1a96a456f,3235f9ae2e97103c16d72f90411ff2233f79db4ea4201add719888a1a96a456f,62674,62674,3435,3435
UNCHANGED,backend/k8s/app-deployment.yaml,9cc73a17d2a117f522f6583765c16de1c138fdd9fce70c47b02c331d731792be,9cc73a17d2a117f522f6583765c16de1c138fdd9fce70c47b02c331d731792be,1252,1252,54,54
UNCHANGED,backend/k8s/backend-deployment.yaml,e5791aab72be698cee62b811768c72e94bfb0186fd033f3536e8198276e09376,e5791aab72be698cee62b811768c72e94bfb0186fd033f3536e8198276e09376,477,477,25,25
UNCHANGED,backend/k8s/hpa.yaml,4d2add530511c1f304db12797ddf38c8e2d87069b79c99090d2a06dce27d7103,4d2add530511c1f304db12797ddf38c8e2d87069b79c99090d2a06dce27d7103,994,994,48,48
UNCHANGED,backend/k8s/namespace.yaml,d5334e4561bdad0248d63b8474d8f180ea4d490f4e030bee5885b04a614c7bf8,d5334e4561bdad0248d63b8474d8f180ea4d490f4e030bee5885b04a614c7bf8,76,76,5,5
UNCHANGED,backend/k8s/service.yaml,a64f39cb797bfc12ab25c2b020effb984923fc9e4a30f78913b41a072d325b5c,a64f39cb797bfc12ab25c2b020effb984923fc9e4a30f78913b41a072d325b5c,254,254,17,17
UNCHANGED,backend/legal/controllers/legalController.js,d532dc7de4ca3b70b544239a5f92892029561fb911bc61209373059a3368c234,d532dc7de4ca3b70b544239a5f92892029561fb911bc61209373059a3368c234,49698,49698,3456,3456
UNCHANGED,backend/legal/models/LegalAcceptance.js,0bbcf8aab141372b22882fddc912070fbfdeb7dad6c049e5bef7fc163acd6f7d,0bbcf8aab141372b22882fddc912070fbfdeb7dad6c049e5bef7fc163acd6f7d,29992,29992,1859,1859
UNCHANGED,backend/legal/models/LegalAuditEvent.js,7f65082d068cc14ddbc44a50115ac8dee189f6d5c16d3c15b77b12eda779f92a,7f65082d068cc14ddbc44a50115ac8dee189f6d5c16d3c15b77b12eda779f92a,31383,31383,2017,2017
UNCHANGED,backend/legal/models/LegalDocument.js,2151d74e1db731e55373bb76996102572858db61b4a32f109e035932a351dd9a,2151d74e1db731e55373bb76996102572858db61b4a32f109e035932a351dd9a,40963,40963,2628,2628
UNCHANGED,backend/legal/models/LegalDocumentVersion.js,4e01deb244189710854806010e2b818f35ce80ed4b2781fd2e1550a1b2582249,4e01deb244189710854806010e2b818f35ce80ed4b2781fd2e1550a1b2582249,44139,44139,2833,2833
UNCHANGED,backend/legal/routes/legalRoutes.js,fc9e88449deee7ca4f18780cd8a736075acd4f1bcc502773a9eb2829414fc4ef,fc9e88449deee7ca4f18780cd8a736075acd4f1bcc502773a9eb2829414fc4ef,15233,15233,532,532
UNCHANGED,backend/legal/services/legalAcceptanceService.js,ae22029fb19a22f33513333878950dd0f32934bb43f3b17fbb5fcdaa2b3ef174,ae22029fb19a22f33513333878950dd0f32934bb43f3b17fbb5fcdaa2b3ef174,28566,28566,1354,1354
UNCHANGED,backend/legal/services/legalDocumentService.js,da4158cdc9c64b1330da3b0eebcc07a784cc29c1d754b79427a762999280cfcc,da4158cdc9c64b1330da3b0eebcc07a784cc29c1d754b79427a762999280cfcc,44561,44561,2413,2413
UNCHANGED,backend/legal/services/legalPublicationService.js,d2d39557e7ac0761d507b352d40141cb73927541788b0463d11674386cef8cfb,d2d39557e7ac0761d507b352d40141cb73927541788b0463d11674386cef8cfb,40676,40676,1548,1548
UNCHANGED,backend/middleware/Performance/adaptiveThrottling.js,9249a06abcad2017b7f7f64c0c8afb08a9d191eb3685edb006a7a439e96ecf3d,9249a06abcad2017b7f7f64c0c8afb08a9d191eb3685edb006a7a439e96ecf3d,12946,12946,1085,1085
UNCHANGED,backend/middleware/Performance/backpressureManager.js,6cc3a3ab7a6f035b097a6d4177c8d10df785a5524add9f706a45d7751e8fd6d8,6cc3a3ab7a6f035b097a6d4177c8d10df785a5524add9f706a45d7751e8fd6d8,13373,13373,1015,1015
UNCHANGED,backend/middleware/Performance/capacityPlanner.js,cf2c7fa20f568008bea4299971e4c288a384a21ba91ddcafabdd7903a3ad7e50,cf2c7fa20f568008bea4299971e4c288a384a21ba91ddcafabdd7903a3ad7e50,13855,13855,881,881
UNCHANGED,backend/middleware/Performance/circuitBreaker.js,a160b7f6d6a8111b00034add38a94182757eb36dee6f18464341e8a269f213c4,a160b7f6d6a8111b00034add38a94182757eb36dee6f18464341e8a269f213c4,14262,14262,1159,1159
UNCHANGED,backend/middleware/Performance/compression.js,3c6eee8229bd18547c651261ce847ad92b67819d8732b6ecab7e0f7767beefca,3c6eee8229bd18547c651261ce847ad92b67819d8732b6ecab7e0f7767beefca,59643,59643,3872,3872
UNCHANGED,backend/middleware/Performance/concurrencyControl.js,6687b6aa0eaf612232eeed67467cc1eee4615e21eaea84df8230d7812d289e20,6687b6aa0eaf612232eeed67467cc1eee4615e21eaea84df8230d7812d289e20,13276,13276,1084,1084
UNCHANGED,backend/middleware/Performance/connectionPoolManager.js,a7c766e667fc5face8e6ba92a681423741b47dc02495fa2fbfa29245826fd214,a7c766e667fc5face8e6ba92a681423741b47dc02495fa2fbfa29245826fd214,13052,13052,1058,1058
UNCHANGED,backend/middleware/Performance/databaseFailover.js,5554072dcf7eb303e77c0b101cc030246c3caa095ac3cf0f5f075ff30e7c78d6,5554072dcf7eb303e77c0b101cc030246c3caa095ac3cf0f5f075ff30e7c78d6,13209,13209,1048,1048
UNCHANGED,backend/middleware/Performance/databaseOptimization.js,766ac7d77366fe1f4f68d56549e0db9242aa8cf7be0ade98047e971a619abc7b,766ac7d77366fe1f4f68d56549e0db9242aa8cf7be0ade98047e971a619abc7b,12874,12874,1069,1069
UNCHANGED,backend/middleware/Performance/distributedLock.js,97ec78635e4fea5368ee1add122f6ef854fae8242b602575e6864b12ac43cf4e,97ec78635e4fea5368ee1add122f6ef854fae8242b602575e6864b12ac43cf4e,13305,13305,1108,1108
UNCHANGED,backend/middleware/Performance/healthAdaptive.js,adf6fb8eeedded16e17748e658c2464273fb31740b4945077c271744a05cdb5b,adf6fb8eeedded16e17748e658c2464273fb31740b4945077c271744a05cdb5b,13027,13027,1082,1082
UNCHANGED,backend/middleware/Performance/idempotencyProtection.js,51446b9de83d42ccc74e09f6c6b220edaa602ce4dcf955673fd4e2389f3df95f,51446b9de83d42ccc74e09f6c6b220edaa602ce4dcf955673fd4e2389f3df95f,12835,12835,1034,1034
UNCHANGED,backend/middleware/Performance/loadShedding.js,2ec3ea6029007c6854081d15cf99a90540420ffc0e78680cbeabc7cac60a8ddb,2ec3ea6029007c6854081d15cf99a90540420ffc0e78680cbeabc7cac60a8ddb,12361,12361,1026,1026
UNCHANGED,backend/middleware/Performance/observabilityOptimizer.js,408b7f81f3e3a38bdbea213003b907b140fd83a47f082c3fe160daf121d9b644,408b7f81f3e3a38bdbea213003b907b140fd83a47f082c3fe160daf121d9b644,13510,13510,1094,1094
UNCHANGED,backend/middleware/Performance/payloadOptimization.js,aea68c84d1a0985afa5bc5dde2d6e6d67261985443d36d306c4a577fdd7fb3e5,aea68c84d1a0985afa5bc5dde2d6e6d67261985443d36d306c4a577fdd7fb3e5,11346,11346,921,921
UNCHANGED,backend/middleware/Performance/predictiveScaling.js,550927cfec806c1aae9e378ca3449e684de373cf8b27b81557f88d15a7fc3dcc,550927cfec806c1aae9e378ca3449e684de373cf8b27b81557f88d15a7fc3dcc,13631,13631,1103,1103
UNCHANGED,backend/middleware/Performance/queryOptimizer.js,907f332576eed6d3ece64ba62668ffb15d8a2961c5bfa439fcd0d961f04c76d3,907f332576eed6d3ece64ba62668ffb15d8a2961c5bfa439fcd0d961f04c76d3,13155,13155,1101,1101
UNCHANGED,backend/middleware/Performance/requestDeduplication.js,13d61ebdf3a7835fcbc36e5bc1386f63f51e94b9fe8d2fd6d5de7cc384051d21,13d61ebdf3a7835fcbc36e5bc1386f63f51e94b9fe8d2fd6d5de7cc384051d21,13064,13064,1037,1037
UNCHANGED,backend/middleware/Performance/requestTimeout.js,3d16cd1f2b7715e402734a52f3a18238e7a610e85ea457d45f97d62b17f9af66,3d16cd1f2b7715e402734a52f3a18238e7a610e85ea457d45f97d62b17f9af66,13402,13402,1028,1028
UNCHANGED,backend/middleware/Performance/resourceGovernor.js,5afe6b82aa73f723b22095f27c6e11cc813fcf264377f354dba0665174597e1a,5afe6b82aa73f723b22095f27c6e11cc813fcf264377f354dba0665174597e1a,12532,12532,1076,1076
UNCHANGED,backend/middleware/Performance/responseCache.js,288f473f69c44ff61b5979b25c9425bcd8c6244ff7ff5638d8b2d66ed25cac63,288f473f69c44ff61b5979b25c9425bcd8c6244ff7ff5638d8b2d66ed25cac63,10915,10915,851,851
UNCHANGED,backend/middleware/Performance/runtimeHealth.js,d140733d014538708f170eb173ac499682ec8f8a8568cae303f8b2fe810c73a7,d140733d014538708f170eb173ac499682ec8f8a8568cae303f8b2fe810c73a7,14274,14274,1207,1207
UNCHANGED,backend/middleware/announcementAuthorization.js,48445db237d3e94b68facec6292b2cd93d920d6ce51d68e6dd874c80a61a1920,48445db237d3e94b68facec6292b2cd93d920d6ce51d68e6dd874c80a61a1920,21888,21888,1145,1145
UNCHANGED,backend/middleware/apiGateway.js,cb315572a6f90fc3470006913528fdcacbd65522033fc877cc495b7265bbdc1b,cb315572a6f90fc3470006913528fdcacbd65522033fc877cc495b7265bbdc1b,3626,3626,119,119
UNCHANGED,backend/middleware/attachmentValidation.js,3d264fc92841bfdac96372cca84e18169e5a03cb281df8a675ab521824756535,3d264fc92841bfdac96372cca84e18169e5a03cb281df8a675ab521824756535,7947,7947,389,389
UNCHANGED,backend/middleware/auditMiddleware.js,bc36f9b510d9aaa945c5c7eafc4b3e97d28c052e7c705949c0d4e0dbd02b4a1a,bc36f9b510d9aaa945c5c7eafc4b3e97d28c052e7c705949c0d4e0dbd02b4a1a,10607,10607,576,576
UNCHANGED,backend/middleware/auth.js,cd30232efcdb1c5ecdf8e84aa875bb0415f7191d80105f8750a9be82f0e52eb1,cd30232efcdb1c5ecdf8e84aa875bb0415f7191d80105f8750a9be82f0e52eb1,38558,38558,2051,2051
UNCHANGED,backend/middleware/authMiddleware.js,2c1b6961652535381b8d1d578634d37ccc8849a31df19668bcfca3df1ebcb359,2c1b6961652535381b8d1d578634d37ccc8849a31df19668bcfca3df1ebcb359,1678,1678,43,43
UNCHANGED,backend/middleware/authenticateTenant.js,9700fe00672672c0244e2c98c9f44cc3dbf999b55a291052dc7a8ee23464b4ff,9700fe00672672c0244e2c98c9f44cc3dbf999b55a291052dc7a8ee23464b4ff,10753,10753,660,660
UNCHANGED,backend/middleware/authorization/approvalWorkflow.js,e3b0c44298fc1c149afbf4c8996fb92427ae41e4649b934ca495991b7852b855,e3b0c44298fc1c149afbf4c8996fb92427ae41e4649b934ca495991b7852b855,0,0,0,0
UNCHANGED,backend/middleware/authorization/authorization.js,bf4b2722d37e92483e45c567d798a34b6d876cc1d9af4b8b16e3e02f47f728bd,bf4b2722d37e92483e45c567d798a34b6d876cc1d9af4b8b16e3e02f47f728bd,9537,9537,858,858
UNCHANGED,backend/middleware/authorization/complianceSecurity.js,93da79c9ea5e43c208d5c8597ac686519ea7629818cfbfefde409b4c4f890018,93da79c9ea5e43c208d5c8597ac686519ea7629818cfbfefde409b4c4f890018,10743,10743,1042,1042
UNCHANGED,backend/middleware/authorization/permissionRegistry.js,e3b0c44298fc1c149afbf4c8996fb92427ae41e4649b934ca495991b7852b855,e3b0c44298fc1c149afbf4c8996fb92427ae41e4649b934ca495991b7852b855,0,0,0,0
UNCHANGED,backend/middleware/authorization/policyEngine.js,e3b0c44298fc1c149afbf4c8996fb92427ae41e4649b934ca495991b7852b855,e3b0c44298fc1c149afbf4c8996fb92427ae41e4649b934ca495991b7852b855,0,0,0,0
UNCHANGED,backend/middleware/authorization/resourceAuthorization.js,e3b0c44298fc1c149afbf4c8996fb92427ae41e4649b934ca495991b7852b855,e3b0c44298fc1c149afbf4c8996fb92427ae41e4649b934ca495991b7852b855,0,0,0,0
UNCHANGED,backend/middleware/authorization/roleHierarchy.js,e3b0c44298fc1c149afbf4c8996fb92427ae41e4649b934ca495991b7852b855,e3b0c44298fc1c149afbf4c8996fb92427ae41e4649b934ca495991b7852b855,0,0,0,0
UNCHANGED,backend/middleware/bootstrap.js,7c26b8bebe161a9fd5cac86d177bd492b2c64006f4da33197bbf6fa9216c5c45,7c26b8bebe161a9fd5cac86d177bd492b2c64006f4da33197bbf6fa9216c5c45,7056,7056,844,844
UNCHANGED,backend/middleware/chatAuthorization.js,c515e5f116a5485170a789818ea987925c06dca51cedba6180557b47bc6e45f5,c515e5f116a5485170a789818ea987925c06dca51cedba6180557b47bc6e45f5,6667,6667,377,377
UNCHANGED,backend/middleware/chatRateLimit.js,dbd3665b91915c7ceb690a8306eae7a1e26f34660c6eadcb46e4e508c0416864,dbd3665b91915c7ceb690a8306eae7a1e26f34660c6eadcb46e4e508c0416864,7388,7388,405,405
UNCHANGED,backend/middleware/checkPermission.js,95d4db1418d2803f69f1f22f113a385f19e7a557198dde8723795d335ddbc723,95d4db1418d2803f69f1f22f113a385f19e7a557198dde8723795d335ddbc723,537,537,14,14
UNCHANGED,backend/middleware/context/authorizationContext.js,8b6fc1954d7121c61fb1092d376e6ba4c5bd3718dc9558def9f4ddece8b3cfcb,8b6fc1954d7121c61fb1092d376e6ba4c5bd3718dc9558def9f4ddece8b3cfcb,8259,8259,1020,1020
UNCHANGED,backend/middleware/context/featureContext.js,0e48a711b60f5ecbe2a19dcea7665740e4d0d0b7e4ee931cc83386fd87a94395,0e48a711b60f5ecbe2a19dcea7665740e4d0d0b7e4ee931cc83386fd87a94395,8716,8716,941,941
UNCHANGED,backend/middleware/context/tenantContext.js,03d380bc47a2d5e552c2c4c54f896516e8446d29d77b34a7078fb0f2754eb70d,03d380bc47a2d5e552c2c4c54f896516e8446d29d77b34a7078fb0f2754eb70d,7240,7240,906,906
UNCHANGED,backend/middleware/context/userContext.js,d8d6314315bc724bb8484078fe5a10a95f7ed7d34561cc165c5214b80ecf2e26,d8d6314315bc724bb8484078fe5a10a95f7ed7d34561cc165c5214b80ecf2e26,8179,8179,1019,1019
UNCHANGED,backend/middleware/conversationAccess.js,9386c8bc4b86cc945076107b99e0c173f4ca36a256f52ec98bb7d6cb82b4ee52,9386c8bc4b86cc945076107b99e0c173f4ca36a256f52ec98bb7d6cb82b4ee52,7344,7344,348,348
UNCHANGED,backend/middleware/core/README.md,1e432f19be88ba172ec0124813e2af4dedae3084ceffb00dbfa7d505259fe263,1e432f19be88ba172ec0124813e2af4dedae3084ceffb00dbfa7d505259fe263,6742,6742,588,588
UNCHANGED,backend/middleware/core/correlationId.js,976e478dc64570dfc321d45fbdd1f05ffab479f5d0d33c0c12aef416a054b266,976e478dc64570dfc321d45fbdd1f05ffab479f5d0d33c0c12aef416a054b266,4551,4551,207,207
UNCHANGED,backend/middleware/core/index.js,9c50fecbe3748952cd40500cef34e7df661a4674634a6a11dcce123b8b24551d,9c50fecbe3748952cd40500cef34e7df661a4674634a6a11dcce123b8b24551d,4367,4367,292,292
UNCHANGED,backend/middleware/core/requestContext.js,492182704c4cc3ab3797f8ee31043a02f9691a7d0910d422b78b10fda405569b,492182704c4cc3ab3797f8ee31043a02f9691a7d0910d422b78b10fda405569b,6021,6021,298,298
UNCHANGED,backend/middleware/core/requestId.js,a6d03591df97690afe7161caf8ef8e57373fe8938e1f105b53bc98c53beb57a7,a6d03591df97690afe7161caf8ef8e57373fe8938e1f105b53bc98c53beb57a7,3506,3506,166,166
UNCHANGED,backend/middleware/core/requestLogger.js,a734d9d2d783f983d4412f74d0db5c75d53a433524f3319b34ae3cd6e3305e40,a734d9d2d783f983d4412f74d0db5c75d53a433524f3319b34ae3cd6e3305e40,6417,6417,448,448
UNCHANGED,backend/middleware/core/requestMetrics.js,eb712c3d71a321953175e79a8a19306dbd010c12f445dc3d73765767204df004,eb712c3d71a321953175e79a8a19306dbd010c12f445dc3d73765767204df004,4309,4309,218,218
UNCHANGED,backend/middleware/core/trustProxy.js,c99d819fbc8cbd93770255a884742af2349b7b0f4040a9626e5536307a864897,c99d819fbc8cbd93770255a884742af2349b7b0f4040a9626e5536307a864897,6696,6696,340,340
UNCHANGED,backend/middleware/correlationMiddleware.js,90203b513db025de2aede596c5acfa57cd49507d772c287e924e93ab401316d9,90203b513db025de2aede596c5acfa57cd49507d772c287e924e93ab401316d9,10121,10121,525,525
UNCHANGED,backend/middleware/dashboards/executiveSecurityDashboard.js,e3b0c44298fc1c149afbf4c8996fb92427ae41e4649b934ca495991b7852b855,e3b0c44298fc1c149afbf4c8996fb92427ae41e4649b934ca495991b7852b855,0,0,0,0
UNCHANGED,backend/middleware/dependencyResolver.js,37b7b99cec88d66057f44a36a20e2c2e7cbd97adc6192bc554b3df502825ca6b,37b7b99cec88d66057f44a36a20e2c2e7cbd97adc6192bc554b3df502825ca6b,7000,7000,905,905
UNCHANGED,backend/middleware/diagnostics.js,ea990beb8f165cdd0c4912003d98937e94334c8a458805e588dd2a4f606c0b7e,ea990beb8f165cdd0c4912003d98937e94334c8a458805e588dd2a4f606c0b7e,8537,8537,855,855
UNCHANGED,backend/middleware/enforceTenant.js,0f5393894489ede78af28a2714234d1e5e4b76e84c856889ebcdd766a3339611,0f5393894489ede78af28a2714234d1e5e4b76e84c856889ebcdd766a3339611,566,566,13,13
UNCHANGED,backend/middleware/errorHandler.js,d0f19c4ff3821e7cd08728775d65c173bb3b43022654d3effc46f9bfd9447ae2,d0f19c4ff3821e7cd08728775d65c173bb3b43022654d3effc46f9bfd9447ae2,21879,21879,987,987
UNCHANGED,backend/middleware/errorMiddleware.js,c407f30a8faa6ae87ae6e3277053e2524b3743c5130b309ed3e3ad17f4792ae8,c407f30a8faa6ae87ae6e3277053e2524b3743c5130b309ed3e3ad17f4792ae8,1985,1985,77,77
UNCHANGED,backend/middleware/errors.js,b5529bd54ce53dc0d8ae91cd87d098833921fd5ffe0c3eecaa63392732d79899,b5529bd54ce53dc0d8ae91cd87d098833921fd5ffe0c3eecaa63392732d79899,7146,7146,788,788
UNCHANGED,backend/middleware/featureGuard.js,538cdc813d5d531ce147d2bb7229da8ed78e67521bd48a62e2a08376ab85d692,538cdc813d5d531ce147d2bb7229da8ed78e67521bd48a62e2a08376ab85d692,9117,9117,494,494
UNCHANGED,backend/middleware/fraudMiddleware.js,0d9f81255d6741074e31808bf4f4db81a43717af9fd642295d7736da66dc241b,0d9f81255d6741074e31808bf4f4db81a43717af9fd642295d7736da66dc241b,1757,1757,60,60
UNCHANGED,backend/middleware/gatewayTransform.js,73f1313486d78aee9c48158d2eb47a0bb0896976ddd1caf35322ae7725659544,73f1313486d78aee9c48158d2eb47a0bb0896976ddd1caf35322ae7725659544,1630,1630,63,63
UNCHANGED,backend/middleware/index.js,7d6792203e85d2a754ff8841847eb33890c5bfcc6212ae04541cddd08429dfcd,7d6792203e85d2a754ff8841847eb33890c5bfcc6212ae04541cddd08429dfcd,9455,9455,800,800
UNCHANGED,backend/middleware/legalAcceptanceMiddleware.js,47581b562cf1576a9a00a7534ab620c60883e572aa66afc14a9f0dd75e0837be,47581b562cf1576a9a00a7534ab620c60883e572aa66afc14a9f0dd75e0837be,3941,3941,128,128
UNCHANGED,backend/middleware/lifecycle.js,8185c9b02a9e92166d687393d251a89363a25c6763125417e6da8aaede04f71d,8185c9b02a9e92166d687393d251a89363a25c6763125417e6da8aaede04f71d,8655,8655,894,894
UNCHANGED,backend/middleware/limiter.js,0483b6d03c83fc8be85f470b772382d60092116fcf82af4ffb1df2d3e4185b58,0483b6d03c83fc8be85f470b772382d60092116fcf82af4ffb1df2d3e4185b58,568,568,20,20
UNCHANGED,backend/middleware/linkedEntityValidator.js,3f051ec71cf4545a97f2b4ccad5abb7c1ee2342780c0940fd7b79b1eeef18ba7,3f051ec71cf4545a97f2b4ccad5abb7c1ee2342780c0940fd7b79b1eeef18ba7,2571,2571,76,76
UNCHANGED,backend/middleware/loader.js,4ae718c7dfc5849802db24d197e70adddc01bd52a680555c4cc94efba50a2c6a,4ae718c7dfc5849802db24d197e70adddc01bd52a680555c4cc94efba50a2c6a,6306,6306,911,911
UNCHANGED,backend/middleware/logging.js,b4517d0b67e2f7d54a6b5afce17443b4e0aebc540285a7686f9e36acf4d80cb2,b4517d0b67e2f7d54a6b5afce17443b4e0aebc540285a7686f9e36acf4d80cb2,589,589,27,27
UNCHANGED,backend/middleware/messageSanitizer.js,98897da76d88994204c8cddf8a53c12e360d670b9fb50b5171b8cbfff0df0309,98897da76d88994204c8cddf8a53c12e360d670b9fb50b5171b8cbfff0df0309,8147,8147,396,396
UNCHANGED,backend/middleware/metricsMiddleware.js,cc855b874269b439a5f9396d8665a5a358c64fed3277f3335c978ad1ac47c284,cc855b874269b439a5f9396d8665a5a358c64fed3277f3335c978ad1ac47c284,713,713,32,32
UNCHANGED,backend/middleware/monitoring.js,281dab5143a1e28bebb3d0625fb0a595d1d85d7a3794e9a1f41652e5bbfec277,281dab5143a1e28bebb3d0625fb0a595d1d85d7a3794e9a1f41652e5bbfec277,5826,5826,262,262
UNCHANGED,backend/middleware/mtnWebhookMiddleware.js,4343299693c469e7d10fad2da1c888ffbd474f266ffa4863a1721461eeb0c990,4343299693c469e7d10fad2da1c888ffbd474f266ffa4863a1721461eeb0c990,949,949,35,35
UNCHANGED,backend/middleware/observability/auditContext.js,d28bf661c153045f011ce19fb894de28732ae2f25371d7d83d6d5cd258135e94,d28bf661c153045f011ce19fb894de28732ae2f25371d7d83d6d5cd258135e94,7173,7173,376,376
UNCHANGED,backend/middleware/observability/httpLogger.js,39b571d1d13d5e46ea759a2f82ae3117a3cd1999096ea290382c198c60bb2bd1,39b571d1d13d5e46ea759a2f82ae3117a3cd1999096ea290382c198c60bb2bd1,7316,7316,854,854
UNCHANGED,backend/middleware/observability/metrics.js,9affea02b7169c1efb0247f20941f8c590ff8d75c7b2adcc40293502a171102e,9affea02b7169c1efb0247f20941f8c590ff8d75c7b2adcc40293502a171102e,8583,8583,1005,1005
UNCHANGED,backend/middleware/observability/performance.js,4ecbc39a5a3e55cd6edc46e767bbacf355259075df46668d917072b50e872dc0,4ecbc39a5a3e55cd6edc46e767bbacf355259075df46668d917072b50e872dc0,7028,7028,316,316
UNCHANGED,backend/middleware/observability/tracing.js,1f39a85021c8287e8937cd756d81646df4ce02a742321c5dbb8d951a591dfa9c,1f39a85021c8287e8937cd756d81646df4ce02a742321c5dbb8d951a591dfa9c,8483,8483,980,980
UNCHANGED,backend/middleware/ordering.js,347425c40265ec8a17a27a4e5d5bd9f50dfed172568cf6bdb69c69686f6ba623,347425c40265ec8a17a27a4e5d5bd9f50dfed172568cf6bdb69c69686f6ba623,7537,7537,1042,1042
UNCHANGED,backend/middleware/persistence/models/ResilienceCheckpoint.js,e3b0c44298fc1c149afbf4c8996fb92427ae41e4649b934ca495991b7852b855,e3b0c44298fc1c149afbf4c8996fb92427ae41e4649b934ca495991b7852b855,0,0,0,0
UNCHANGED,backend/middleware/persistence/models/ResilienceFailure.js,e3b0c44298fc1c149afbf4c8996fb92427ae41e4649b934ca495991b7852b855,e3b0c44298fc1c149afbf4c8996fb92427ae41e4649b934ca495991b7852b855,0,0,0,0
UNCHANGED,backend/middleware/persistence/models/ResilienceRecovery.js,e3b0c44298fc1c149afbf4c8996fb92427ae41e4649b934ca495991b7852b855,e3b0c44298fc1c149afbf4c8996fb92427ae41e4649b934ca495991b7852b855,0,0,0,0
UNCHANGED,backend/middleware/persistence/models/ResilienceState.js,6bca7518bafc3b1739f1a52f0a9ceb17fd454dc1d0647db80d42b823a1fb9439,6bca7518bafc3b1739f1a52f0a9ceb17fd454dc1d0647db80d42b823a1fb9439,443,443,53,53
UNCHANGED,backend/middleware/persistence/resilienceCheckpointManager.js,0a330c543def9e241b5749cccb83f9f42a84a7e538b7e5ad680ff5c36dedaced,0a330c543def9e241b5749cccb83f9f42a84a7e538b7e5ad680ff5c36dedaced,754,754,79,79
UNCHANGED,backend/middleware/persistence/resilienceCircuitStateStore.js,be1343135967177207fb53c6a0e034884177238a93bdc93e00a41090fd35ba06,be1343135967177207fb53c6a0e034884177238a93bdc93e00a41090fd35ba06,840,840,90,90
UNCHANGED,backend/middleware/persistence/resilienceFailureRepository.js,5e23d5e1914f48798ec4d8cc067490edba2a46daf9df570d65e356073dda88f9,5e23d5e1914f48798ec4d8cc067490edba2a46daf9df570d65e356073dda88f9,646,646,68,68
UNCHANGED,backend/middleware/persistence/resilienceMongoAdapter.js,1243c535e708e050b4b987c84a117d516d3ecba80b056b2880d8d5202de23220,1243c535e708e050b4b987c84a117d516d3ecba80b056b2880d8d5202de23220,1024,1024,102,102
UNCHANGED,backend/middleware/persistence/resiliencePersistenceBootstrap.js,0f4bbc938061b4674f4529f126f00a918ef737ea9812119a794b425e84161603,0f4bbc938061b4674f4529f126f00a918ef737ea9812119a794b425e84161603,675,675,70,70
UNCHANGED,backend/middleware/persistence/resilienceRecoveryRepository.js,4c03409eef50c6412808fcd84e797a0dfc87fcfc5cbd4110e51288e9750a90b7,4c03409eef50c6412808fcd84e797a0dfc87fcfc5cbd4110e51288e9750a90b7,806,806,90,90
UNCHANGED,backend/middleware/persistence/resilienceRecoveryRestore.js,757f5e15a74aa479462e5d3b08f19dac1ec1444bef87deb4b0d9dd207ee23726,757f5e15a74aa479462e5d3b08f19dac1ec1444bef87deb4b0d9dd207ee23726,386,386,46,46
UNCHANGED,backend/middleware/persistence/resilienceStateManager.js,fd877d1884588951b73a2705c519ca615b2e9523381946d8ff1c804187f60767,fd877d1884588951b73a2705c519ca615b2e9523381946d8ff1c804187f60767,543,543,63,63
UNCHANGED,backend/middleware/persistence/resilienceStateRepository.js,e7c927cdb6fc75b1c8b54a25e92ed2ea41fdd1fe6d26c482c083392aefd955db,e7c927cdb6fc75b1c8b54a25e92ed2ea41fdd1fe6d26c482c083392aefd955db,1085,1085,82,82
UNCHANGED,backend/middleware/persistence/resilienceStateSynchronizer.js,8a2f7cc8396ea9ec3eef342a79b66906abcdeb00ea0b54d8478c21735079376a,8a2f7cc8396ea9ec3eef342a79b66906abcdeb00ea0b54d8478c21735079376a,497,497,56,56
UNCHANGED,backend/middleware/pipeline.js,3df921c8ee814ca26662e80dbbee8a3498c367fb73f0bb0950fcda368f37544e,3df921c8ee814ca26662e80dbbee8a3498c367fb73f0bb0950fcda368f37544e,11160,11160,1006,1006
UNCHANGED,backend/middleware/pipeline/MiddlewarePipeline.js,def908fee4678fecc2e97589313bd3410121ee97e5574c2c2422242b46da5abd,def908fee4678fecc2e97589313bd3410121ee97e5574c2c2422242b46da5abd,1761,1761,59,59
UNCHANGED,backend/middleware/pipeline/PipelineBuilder.js,e3b0c44298fc1c149afbf4c8996fb92427ae41e4649b934ca495991b7852b855,e3b0c44298fc1c149afbf4c8996fb92427ae41e4649b934ca495991b7852b855,0,0,0,0
UNCHANGED,backend/middleware/pipeline/PipelineContext.js,37e1bcefe65b62a3766d777a919adba00e034f223d832fa3e3fee94b55203cb5,37e1bcefe65b62a3766d777a919adba00e034f223d832fa3e3fee94b55203cb5,142,142,19,19
UNCHANGED,backend/middleware/pipeline/PipelineStage.js,928fc47f125f5c497536b06637a2121f39cc4a185cf0149bec977e65c56ed204,928fc47f125f5c497536b06637a2121f39cc4a185cf0149bec977e65c56ed204,385,385,26,26
UNCHANGED,backend/middleware/pipeline/StageDiagnostics.js,05f4c0d526bbd112fdd33ce9d4af6e4324c1ea6f74fae95a3b923887abab109c,05f4c0d526bbd112fdd33ce9d4af6e4324c1ea6f74fae95a3b923887abab109c,1283,1283,32,32
UNCHANGED,backend/middleware/pipeline/StageRegistry.js,ba020598cd27be822a0373a1796d91e3851ed85a79950e06085ca1e4d43afa53,ba020598cd27be822a0373a1796d91e3851ed85a79950e06085ca1e4d43afa53,135,135,13,13
UNCHANGED,backend/middleware/pipeline/StageValidator.js,e3b0c44298fc1c149afbf4c8996fb92427ae41e4649b934ca495991b7852b855,e3b0c44298fc1c149afbf4c8996fb92427ae41e4649b934ca495991b7852b855,0,0,0,0
UNCHANGED,backend/middleware/pipeline/index.js,e3b0c44298fc1c149afbf4c8996fb92427ae41e4649b934ca495991b7852b855,e3b0c44298fc1c149afbf4c8996fb92427ae41e4649b934ca495991b7852b855,0,0,0,0
UNCHANGED,backend/middleware/rateLimitMiddleware.js,6efeced8173f9f52ff1cddc945175b40bd2914a2d33e024f7ff281a3478cd6bf,6efeced8173f9f52ff1cddc945175b40bd2914a2d33e024f7ff281a3478cd6bf,6104,6104,190,190
UNCHANGED,backend/middleware/rateLimiters.js,4fa24cb2a89cc2d237acf6d7b0fca1d9336067b6a85596e6ed150568fb9be2c1,4fa24cb2a89cc2d237acf6d7b0fca1d9336067b6a85596e6ed150568fb9be2c1,1535,1535,67,67
UNCHANGED,backend/middleware/registration.js,cf27571f7e20064547cc66dd5522780ab7bc68f4bbbea2261ae49d928297f237,cf27571f7e20064547cc66dd5522780ab7bc68f4bbbea2261ae49d928297f237,6840,6840,818,818
UNCHANGED,backend/middleware/registry.js,f3c0adbe651395a8c67d4cbcc0cbc977eeae754609e6343b0407e5f1114435e0,f3c0adbe651395a8c67d4cbcc0cbc977eeae754609e6343b0407e5f1114435e0,10806,10806,964,964
UNCHANGED,backend/middleware/request/clientInfo.js,0ba239a247512a000fd4670f50ed1fd9ac0e839428153e52ea80bacba01b2c23,0ba239a247512a000fd4670f50ed1fd9ac0e839428153e52ea80bacba01b2c23,7823,7823,962,962
UNCHANGED,backend/middleware/request/correlationId.js,0712a87fcb0e08b29af4d8c39f12fbfdb397ea62472967509f0231b1d3d375f3,0712a87fcb0e08b29af4d8c39f12fbfdb397ea62472967509f0231b1d3d375f3,7146,7146,807,807
UNCHANGED,backend/middleware/request/requestContext.js,3803f558958bdc443080b7fb63de3179994c63d887dd8c542c39da47bea4d3ec,3803f558958bdc443080b7fb63de3179994c63d887dd8c542c39da47bea4d3ec,8885,8885,840,840
UNCHANGED,backend/middleware/request/requestId.js,d513c6e11d4364eb57810beaf69a231537b9389becd97131d5923405901a83be,d513c6e11d4364eb57810beaf69a231537b9389becd97131d5923405901a83be,5857,5857,684,684
UNCHANGED,backend/middleware/requestContext.js,20faff9f28bc5433cfddba15401df9cd71063f186257a3f26612205f0916d41f,20faff9f28bc5433cfddba15401df9cd71063f186257a3f26612205f0916d41f,11545,11545,667,667
UNCHANGED,backend/middleware/requestId.js,ecfa8af42deba560213ef90cb8eb55cc82e4e584fc9d7621ac6ca40ee61a35ab,ecfa8af42deba560213ef90cb8eb55cc82e4e584fc9d7621ac6ca40ee61a35ab,795,795,29,29
UNCHANGED,backend/middleware/requireAuth.js,64319ac82eed97cca34c23274cdc8325850d36b99f8489ecac76d13875735d08,64319ac82eed97cca34c23274cdc8325850d36b99f8489ecac76d13875735d08,878,878,22,22
UNCHANGED,backend/middleware/resilience/admin/resilienceAdminAuthorization.js,d16f941ab93aefe7def1ee544aebf326d7bcf80971fabda5afc98214385bba8e,d16f941ab93aefe7def1ee544aebf326d7bcf80971fabda5afc98214385bba8e,1287,1287,103,103
UNCHANGED,backend/middleware/resilience/admin/resilienceAdminController.js,e3b0c44298fc1c149afbf4c8996fb92427ae41e4649b934ca495991b7852b855,e3b0c44298fc1c149afbf4c8996fb92427ae41e4649b934ca495991b7852b855,0,0,0,0
UNCHANGED,backend/middleware/resilience/admin/resilienceAdminRoutes.js,8dfc5ebd46c489738fc6bf1060b7e7898e9e0c7fa3805b408900a6fc7d4f948b,8dfc5ebd46c489738fc6bf1060b7e7898e9e0c7fa3805b408900a6fc7d4f948b,783,783,106,106
UNCHANGED,backend/middleware/resilience/admin/resilienceAdminService.js,de5c5ec4303853c273de7006decd9ada23df3289b862100a088920fb0093ac13,de5c5ec4303853c273de7006decd9ada23df3289b862100a088920fb0093ac13,1314,1314,112,112
UNCHANGED,backend/middleware/resilience/admin/resilienceAuditController.js,e3b0c44298fc1c149afbf4c8996fb92427ae41e4649b934ca495991b7852b855,e3b0c44298fc1c149afbf4c8996fb92427ae41e4649b934ca495991b7852b855,0,0,0,0
UNCHANGED,backend/middleware/resilience/admin/resilienceCircuitAdmin.js,1f269db6862843e0643615c82eba60db6a0b79f006e48c80b7f1a4396c922d94,1f269db6862843e0643615c82eba60db6a0b79f006e48c80b7f1a4396c922d94,601,601,65,65
UNCHANGED,backend/middleware/resilience/admin/resilienceDashboardController.js,fb3657a4d08aa31df3336ff08fd2885c5048f5042188adb20b76a6994e271267,fb3657a4d08aa31df3336ff08fd2885c5048f5042188adb20b76a6994e271267,528,528,51,51
UNCHANGED,backend/middleware/resilience/admin/resilienceDiagnosticsController.js,1e20f4be05b93dd7468a02f724b3f08491e9f83ff025a1c6496dbfb10c2407ac,1e20f4be05b93dd7468a02f724b3f08491e9f83ff025a1c6496dbfb10c2407ac,507,507,52,52
UNCHANGED,backend/middleware/resilience/admin/resiliencePolicyAdmin.js,7bd4f93d219c27903d04b00c85e79ad53ed4b25ec203060c519168f8afa4ac12,7bd4f93d219c27903d04b00c85e79ad53ed4b25ec203060c519168f8afa4ac12,631,631,68,68
UNCHANGED,backend/middleware/resilience/admin/resilienceStrategyAdmin.js,c49275f3e516459b70ec4bda076931990e1da843a075b5a3cc8ba0966b7d4138,c49275f3e516459b70ec4bda076931990e1da843a075b5a3cc8ba0966b7d4138,676,676,76,76
UNCHANGED,backend/middleware/resilience/admin/resilienceTenantAdmin.js,c6c3c6aa6345a9e4f21d21c116786107d03c8d83fa3a482f8b80cd378bb6ca6f,c6c3c6aa6345a9e4f21d21c116786107d03c8d83fa3a482f8b80cd378bb6ca6f,606,606,71,71
UNCHANGED,backend/middleware/resilience/agents/resilienceAgent.js,028c72020360a78dc3a834aecb7807666f0841729f6b6aea175a927828e7fc17,028c72020360a78dc3a834aecb7807666f0841729f6b6aea175a927828e7fc17,11847,11847,938,938
UNCHANGED,backend/middleware/resilience/ai/aiDecisionAudit.js,46ec30cdc9fe1e3d0f4d7e12416845313e98b39a5709dccb04001ae40a83fcb3,46ec30cdc9fe1e3d0f4d7e12416845313e98b39a5709dccb04001ae40a83fcb3,406,406,55,55
UNCHANGED,backend/middleware/resilience/ai/anomalyDetectionEngine.js,16ea3fda3df010d33e3cccac43c22b44e7da0d76b6f14b76a1d4d08bf541c8bf,16ea3fda3df010d33e3cccac43c22b44e7da0d76b6f14b76a1d4d08bf541c8bf,449,449,49,49
UNCHANGED,backend/middleware/resilience/ai/autonomousResilienceAgent.js,ac3c8340626132f3ca4c2ce48b195786c214dfcee536db6d7dad3dac606b0d3e,ac3c8340626132f3ca4c2ce48b195786c214dfcee536db6d7dad3dac606b0d3e,764,764,80,80
UNCHANGED,backend/middleware/resilience/ai/capacityPredictionEngine.js,b991bd47416a735d577b3b23a9c9fa46f463a21b22ac623a24f0ce9db4b45c2d,b991bd47416a735d577b3b23a9c9fa46f463a21b22ac623a24f0ce9db4b45c2d,348,348,38,38
UNCHANGED,backend/middleware/resilience/ai/failurePredictionEngine.js,7abe7d65344c5cb8fbf045df70bf940cf81676bb8b8a470fa44bbc77bcb0194a,7abe7d65344c5cb8fbf045df70bf940cf81676bb8b8a470fa44bbc77bcb0194a,840,840,81,81
UNCHANGED,backend/middleware/resilience/ai/predictiveCircuitController.js,ef09f3741467bebed5d8f6d608318e0028d78532ef49ed3b7f1ff9032a175527,ef09f3741467bebed5d8f6d608318e0028d78532ef49ed3b7f1ff9032a175527,787,787,78,78
UNCHANGED,backend/middleware/resilience/ai/recoveryDecisionEngine.js,4b9aa7f9048ec3ea4e1b911c5afc637f494f5681f830b08a0fcd33c91bfe82de,4b9aa7f9048ec3ea4e1b911c5afc637f494f5681f830b08a0fcd33c91bfe82de,571,571,63,63
UNCHANGED,backend/middleware/resilience/ai/resilienceAIBootstrap.js,c71abcf0dc24d0ef4d39e2d5415ce7b16d09c68c76dee9b0d747dde229443528,c71abcf0dc24d0ef4d39e2d5415ce7b16d09c68c76dee9b0d747dde229443528,612,612,53,53
UNCHANGED,backend/middleware/resilience/ai/resilienceAIEngine.js,a910c99f37b4632cb4d75300fe33f9863580ce1333af6fa8e2dc0094ee2330e8,a910c99f37b4632cb4d75300fe33f9863580ce1333af6fa8e2dc0094ee2330e8,1435,1435,97,97
UNCHANGED,backend/middleware/resilience/ai/resiliencePolicyOptimizer.js,b4d83f717b7fa6f0a4d1e97bf78149e2956443853a16546d8e79743642983159,b4d83f717b7fa6f0a4d1e97bf78149e2956443853a16546d8e79743642983159,519,519,52,52
UNCHANGED,backend/middleware/resilience/ai/resilienceScoreEngine.js,4ca7afdd2819efc66981cb31c73f38877a78ce5fb698487883445a6db25ae8b0,4ca7afdd2819efc66981cb31c73f38877a78ce5fb698487883445a6db25ae8b0,630,630,66,66
UNCHANGED,backend/middleware/resilience/ai/resilienceTelemetryCollector.js,427fe58477f4965c295ac3f66597b9711fdc10d821367951265225257739c34e,427fe58477f4965c295ac3f66597b9711fdc10d821367951265225257739c34e,496,496,64,64
UNCHANGED,backend/middleware/resilience/autonomous/autonomousAuditTrail.js,40f1bee373668269496d3bf1d8a1d41a0d159a720fe78b1dfbc53b77319dd10d,40f1bee373668269496d3bf1d8a1d41a0d159a720fe78b1dfbc53b77319dd10d,377,377,50,50
UNCHANGED,backend/middleware/resilience/autonomous/autonomousBootstrap.js,84b36347732983d2fa1c7215511414bc5e3d53ec2b940cd081b9e3dc8ad340ff,84b36347732983d2fa1c7215511414bc5e3d53ec2b940cd081b9e3dc8ad340ff,828,828,71,71
UNCHANGED,backend/middleware/resilience/autonomous/autonomousOperationsCenter.js,cc9ec38fbe1764b1a1750198002535f2e691fea35fff1f09d454b059aceac15f,cc9ec38fbe1764b1a1750198002535f2e691fea35fff1f09d454b059aceac15f,500,500,60,60
UNCHANGED,backend/middleware/resilience/autonomous/autonomousRecoveryExecutor.js,b43e97277a0dfeba5e1c0d5cc93f0217f5292a9d170f7434dbaae261d0a452e1,b43e97277a0dfeba5e1c0d5cc93f0217f5292a9d170f7434dbaae261d0a452e1,321,321,39,39
UNCHANGED,backend/middleware/resilience/autonomous/autonomousResilienceEngine.js,021ce34bba4bf6ce95c13bf9881190bdeeaf59d69b7700bfe4843f6ae78f7376,021ce34bba4bf6ce95c13bf9881190bdeeaf59d69b7700bfe4843f6ae78f7376,1286,1286,97,97
UNCHANGED,backend/middleware/resilience/autonomous/continuousOptimizationEngine.js,221700db75203209eeacae9d04dd70fbf96ed1d8b32a13f032df7783c1eadd79,221700db75203209eeacae9d04dd70fbf96ed1d8b32a13f032df7783c1eadd79,439,439,46,46
UNCHANGED,backend/middleware/resilience/autonomous/dependencySwitchManager.js,5243790bbe1a147a08b3cf2642b7b60bd1cad40565aa8e1f999c95694238174e,5243790bbe1a147a08b3cf2642b7b60bd1cad40565aa8e1f999c95694238174e,608,608,72,72
UNCHANGED,backend/middleware/resilience/autonomous/healingActionExecutor.js,bf2e851bf344b623df8ac87045a6b68dc796cc7f9971d0ba905c215fecc20af9,bf2e851bf344b623df8ac87045a6b68dc796cc7f9971d0ba905c215fecc20af9,369,369,43,43
UNCHANGED,backend/middleware/resilience/autonomous/incidentRemediationEngine.js,306a268fcf1f8e6c50975d5ccaebed76e565019a7dc7e7bf4b7c83d2a915c20b,306a268fcf1f8e6c50975d5ccaebed76e565019a7dc7e7bf4b7c83d2a915c20b,570,570,64,64
UNCHANGED,backend/middleware/resilience/autonomous/resilienceAgent.js,a6c3ce58ab51485ebcb0bb9ebe21f45bbd101759816846e9e30a8b6d8a6b7836,a6c3ce58ab51485ebcb0bb9ebe21f45bbd101759816846e9e30a8b6d8a6b7836,810,810,91,91
UNCHANGED,backend/middleware/resilience/autonomous/resilienceAgentRegistry.js,ab0ded05700bed93df3f0a40d7f07f6a0d21575e57755fa96bbcaef8b3532c7a,ab0ded05700bed93df3f0a40d7f07f6a0d21575e57755fa96bbcaef8b3532c7a,530,530,68,68
UNCHANGED,backend/middleware/resilience/autonomous/resilienceLearningEngine.js,156a5237ab8d01abbeb1e7cbf9dae72de075f1635d288c5543e383feb8122e2c,156a5237ab8d01abbeb1e7cbf9dae72de075f1635d288c5543e383feb8122e2c,457,457,56,56
UNCHANGED,backend/middleware/resilience/autonomous/selfHealingWorkflowEngine.js,64d53195f32ae43830853aed55d8bdea8c9b59d9069576ac2ba4585be5cb70cc,64d53195f32ae43830853aed55d8bdea8c9b59d9069576ac2ba4585be5cb70cc,719,719,84,84
UNCHANGED,backend/middleware/resilience/bootstrap.js,d047f0f58cd596a1e9bbd052578753dd6264f707409aaafcb11ce1995f425f5d,d047f0f58cd596a1e9bbd052578753dd6264f707409aaafcb11ce1995f425f5d,5878,5878,271,271
UNCHANGED,backend/middleware/resilience/circuitBreaker.js,efb22c308c305f197f57e8ce7d2e086f08a7b37f4763ac0d32b632a1b1474301,efb22c308c305f197f57e8ce7d2e086f08a7b37f4763ac0d32b632a1b1474301,12551,12551,572,572
UNCHANGED,backend/middleware/resilience/civilization/resilienceCivilization.js,2966b48d0f8a6fcc5af7c125a76f9eb6a02738633449f434ea6f54c87727b355,2966b48d0f8a6fcc5af7c125a76f9eb6a02738633449f434ea6f54c87727b355,10840,10840,855,855
UNCHANGED,backend/middleware/resilience/command-center/aiOperationsAssistant.js,06b56d91354afb6a8f6bdb97eaf62e7afa7865090f122de178ea8784be17dc98,06b56d91354afb6a8f6bdb97eaf62e7afa7865090f122de178ea8784be17dc98,498,498,57,57
UNCHANGED,backend/middleware/resilience/command-center/commandCenterAudit.js,8d4745125c01aa2989c305b1d42688cc0c22f41e07223ee846ea4667a32d2475,8d4745125c01aa2989c305b1d42688cc0c22f41e07223ee846ea4667a32d2475,372,372,49,49
UNCHANGED,backend/middleware/resilience/command-center/commandCenterBootstrap.js,3e83fa3c1a07ea6d8e9033136263e09163f5ef3a913d22bae68f7c3f50ee27a1,3e83fa3c1a07ea6d8e9033136263e09163f5ef3a913d22bae68f7c3f50ee27a1,847,847,77,77
UNCHANGED,backend/middleware/resilience/command-center/executiveReportingService.js,6e392cf670b380a0269899e8355ed222c59542d4ea235646e435eec0202569e1,6e392cf670b380a0269899e8355ed222c59542d4ea235646e435eec0202569e1,434,434,46,46
UNCHANGED,backend/middleware/resilience/command-center/globalResilienceView.js,e21ff4603efa295a746fa976fa4bc0a80eeb5317283d6368dfe6c51f1b55baff,e21ff4603efa295a746fa976fa4bc0a80eeb5317283d6368dfe6c51f1b55baff,757,757,78,78
UNCHANGED,backend/middleware/resilience/command-center/incidentCommandEngine.js,25a73a5c32b7aa6c97db375eaf6555ab82d15112c4753b6181ce35739f7e11de,25a73a5c32b7aa6c97db375eaf6555ab82d15112c4753b6181ce35739f7e11de,622,622,72,72
UNCHANGED,backend/middleware/resilience/command-center/incidentWorkflowManager.js,43c2922adc582ea0a13626422e28b971a1fd6a154b9b667fb847b0dccf690a1c,43c2922adc582ea0a13626422e28b971a1fd6a154b9b667fb847b0dccf690a1c,600,600,65,65
UNCHANGED,backend/middleware/resilience/command-center/resilienceCommandCenter.js,ee928f028d03df14d4e03f8da226901616e52930db6fb793074a1e9085c9065a,ee928f028d03df14d4e03f8da226901616e52930db6fb793074a1e9085c9065a,1098,1098,75,75
UNCHANGED,backend/middleware/resilience/command-center/resilienceDashboardService.js,41176f4590a62127c09bfdf7619e7941680e000034eb0307519b56567b900403,41176f4590a62127c09bfdf7619e7941680e000034eb0307519b56567b900403,464,464,52,52
UNCHANGED,backend/middleware/resilience/command-center/resilienceTopologyEngine.js,d161feb5a990e60d71f1f3ccfece1b6398985de474f2d58fa08658af0dcee932,d161feb5a990e60d71f1f3ccfece1b6398985de474f2d58fa08658af0dcee932,404,404,54,54
UNCHANGED,backend/middleware/resilience/command-center/slaSloManager.js,c8e0aa85f853ca8625ba3772c75356dcc59a1024dddae0d127c2b3a13d7cc911,c8e0aa85f853ca8625ba3772c75356dcc59a1024dddae0d127c2b3a13d7cc911,424,424,55,55
UNCHANGED,backend/middleware/resilience/command-center/sreIntegrationAdapter.js,577932b3858979bdbb158b13036b3d990967107f8985ded781bb39436477b43f,577932b3858979bdbb158b13036b3d990967107f8985ded781bb39436477b43f,414,414,51,51
UNCHANGED,backend/middleware/resilience/command-center/tenantOperationsCenter.js,cc07e8b96e598fb175c3c7929140b86b3d5014c9bf070e62a5d7efd5552f6c3b,cc07e8b96e598fb175c3c7929140b86b3d5014c9bf070e62a5d7efd5552f6c3b,463,463,57,57
UNCHANGED,backend/middleware/resilience/control-plane/resilienceAdminController.js,e3b0c44298fc1c149afbf4c8996fb92427ae41e4649b934ca495991b7852b855,e3b0c44298fc1c149afbf4c8996fb92427ae41e4649b934ca495991b7852b855,0,0,0,0
UNCHANGED,backend/middleware/resilience/control-plane/resilienceCircuitConfig.js,9a8ed4ba55cfb198fee4992c2bd9906f61b26bd4024a21d977558c5388b812e6,9a8ed4ba55cfb198fee4992c2bd9906f61b26bd4024a21d977558c5388b812e6,614,614,63,63
UNCHANGED,backend/middleware/resilience/control-plane/resilienceConfigManager.js,2b7b07341f6761e09add4991b8a5cdec4a73ebc4af5ea361dd2e7dba8331f63d,2b7b07341f6761e09add4991b8a5cdec4a73ebc4af5ea361dd2e7dba8331f63d,2186,2186,189,189
UNCHANGED,backend/middleware/resilience/control-plane/resilienceConfigValidator.js,a437ec5a36a2ac398e03653ecdadd66a9b18d2e6e694de220c801532facca66f,a437ec5a36a2ac398e03653ecdadd66a9b18d2e6e694de220c801532facca66f,610,610,56,56
UNCHANGED,backend/middleware/resilience/control-plane/resilienceControlPlaneBootstrap.js,00ad193596d837da84b5da73903d23b6cab429f241f598c7da3240c3ac70c782,00ad193596d837da84b5da73903d23b6cab429f241f598c7da3240c3ac70c782,591,591,57,57
UNCHANGED,backend/middleware/resilience/control-plane/resilienceFeatureFlags.js,289ceeb2e16770b9055bbab5d63b799362cf473c6d0f8a33e5f7bd6e274e7e95,289ceeb2e16770b9055bbab5d63b799362cf473c6d0f8a33e5f7bd6e274e7e95,820,820,104,104
UNCHANGED,backend/middleware/resilience/control-plane/resiliencePolicyManager.js,f9453d41866430aef9061fdbd69720c1830749c19c91efcb50dcb134757bea96,f9453d41866430aef9061fdbd69720c1830749c19c91efcb50dcb134757bea96,706,706,74,74
UNCHANGED,backend/middleware/resilience/control-plane/resilienceSecureStore.js,ad1a24e4caed468f36580ca52abfed085bb30ca3d4e4cb57ee5f94ce6f2aa9ee,ad1a24e4caed468f36580ca52abfed085bb30ca3d4e4cb57ee5f94ce6f2aa9ee,513,513,58,58
UNCHANGED,backend/middleware/resilience/control-plane/resilienceStrategyController.js,e100896b08b22290ddf52fe62a7fb9d5b7ab86312f252402439836fdca55a510,e100896b08b22290ddf52fe62a7fb9d5b7ab86312f252402439836fdca55a510,735,735,83,83
UNCHANGED,backend/middleware/resilience/control-plane/resilienceTenantProfiles.js,357958ddb7645a2db0bebabb570f1719ff5987e09c7b2aba4954f873d3043d71,357958ddb7645a2db0bebabb570f1719ff5987e09c7b2aba4954f873d3043d71,598,598,71,71
UNCHANGED,backend/middleware/resilience/deployment/configurationLoader.js,fcc2eb5a997bca21d939abfefbdc2a995fa0f5d144dfaca7b09577b5ac333768,fcc2eb5a997bca21d939abfefbdc2a995fa0f5d144dfaca7b09577b5ac333768,531,531,47,47
UNCHANGED,backend/middleware/resilience/deployment/deploymentDiagnostics.js,8569478790ece8c6bc51043c1d4c0d699810e48d33aad0ba85e11de7ec904c09,8569478790ece8c6bc51043c1d4c0d699810e48d33aad0ba85e11de7ec904c09,632,632,66,66
UNCHANGED,backend/middleware/resilience/deployment/environmentValidator.js,6ecc05ecdf337d2f31d686faf51fe52c77dc5a2fcd98249bd8c34af26e00fa27,6ecc05ecdf337d2f31d686faf51fe52c77dc5a2fcd98249bd8c34af26e00fa27,531,531,58,58
UNCHANGED,backend/middleware/resilience/deployment/gracefulShutdown.js,dd02b61f99a0923ee12aa1c0379ae627b8842b6fbb47160536fe00814f118bfa,dd02b61f99a0923ee12aa1c0379ae627b8842b6fbb47160536fe00814f118bfa,708,708,82,82
UNCHANGED,backend/middleware/resilience/deployment/healthChecks.js,b0ed1aeda5505c95b4802aa4ed1698e51304eaa9a6a0146ec9a3490be9ea458f,b0ed1aeda5505c95b4802aa4ed1698e51304eaa9a6a0146ec9a3490be9ea458f,522,522,59,59
UNCHANGED,backend/middleware/resilience/deployment/index.js,a060fd688f5e73fdd558b1b339de5889c7ecbee69c0b672ad262b890a5a77012,a060fd688f5e73fdd558b1b339de5889c7ecbee69c0b672ad262b890a5a77012,430,430,28,28
UNCHANGED,backend/middleware/resilience/deployment/kubernetesIntegration.js,e10c8e01a4f6ef75db9474ef600972ebc39656e17e007547828a1763c52086d4,e10c8e01a4f6ef75db9474ef600972ebc39656e17e007547828a1763c52086d4,1150,1150,112,112
UNCHANGED,backend/middleware/resilience/deployment/livenessProbe.js,2447b8b1d52823c66a66e4ef4de2ffee1deb1e8f6ec47211e6b5973e5ae8e5bc,2447b8b1d52823c66a66e4ef4de2ffee1deb1e8f6ec47211e6b5973e5ae8e5bc,234,234,35,35
UNCHANGED,backend/middleware/resilience/deployment/readinessProbe.js,59c66fef54c77f1baf1d9a4687086b251f1f13d065bc631e9617e5ce5e37a6f0,59c66fef54c77f1baf1d9a4687086b251f1f13d065bc631e9617e5ce5e37a6f0,405,405,52,52
UNCHANGED,backend/middleware/resilience/deployment/serviceRegistry.js,be408750ca1ce8d11031fac21b6525e8958d5b588c15c0c8767cae8bf6235808,be408750ca1ce8d11031fac21b6525e8958d5b588c15c0c8767cae8bf6235808,791,791,106,106
UNCHANGED,backend/middleware/resilience/deployment/startupProbe.js,5fce7cc0990d935d7770c09c0972083d93324fd0e1dc28d03ac90caed75d6e0c,5fce7cc0990d935d7770c09c0972083d93324fd0e1dc28d03ac90caed75d6e0c,351,351,58,58
UNCHANGED,backend/middleware/resilience/digitalTwin/resilienceDigitalTwin.js,290084e83e788f7dcbd58139a9510c6d287aa7fe60cea47011a0e8ab9154c04e,290084e83e788f7dcbd58139a9510c6d287aa7fe60cea47011a0e8ab9154c04e,11051,11051,877,877
UNCHANGED,backend/middleware/resilience/ecosystem/resilienceEcosystemNetwork.js,142ee21d11114a4f35ee4bfd740336792ce72b8da7f37d2f4e1ba50b94988df9,142ee21d11114a4f35ee4bfd740336792ce72b8da7f37d2f4e1ba50b94988df9,11011,11011,877,877
UNCHANGED,backend/middleware/resilience/event-bus/kafkaResilienceAdapter.js,16058988369e984f483622078e31e03075bb0453cdd781902a35e94e37f27f9a,16058988369e984f483622078e31e03075bb0453cdd781902a35e94e37f27f9a,606,606,61,61
UNCHANGED,backend/middleware/resilience/event-bus/rabbitMqResilienceAdapter.js,256adbfb433ba0c1828647f743055c2817d969d27012984e9353f6626ea175e0,256adbfb433ba0c1828647f743055c2817d969d27012984e9353f6626ea175e0,554,554,56,56
UNCHANGED,backend/middleware/resilience/event-bus/resilienceEventBus.js,3f0872903b0c62f7c61654c1cbffb09b77e749a6f3ff304fa4e6fa984e9daa5a,3f0872903b0c62f7c61654c1cbffb09b77e749a6f3ff304fa4e6fa984e9daa5a,728,728,101,101
UNCHANGED,backend/middleware/resilience/event-bus/resilienceEventBusBootstrap.js,981c032b1146a70405f1c95095908c22855502b43843d6de1237c232a39d52ce,981c032b1146a70405f1c95095908c22855502b43843d6de1237c232a39d52ce,675,675,63,63
UNCHANGED,backend/middleware/resilience/event-bus/resilienceEventFactory.js,70949297aa7b0c9c1b7fbfd991d8dff401338d6ccef77b32f94cf4895acfffc4,70949297aa7b0c9c1b7fbfd991d8dff401338d6ccef77b32f94cf4895acfffc4,542,542,56,56
UNCHANGED,backend/middleware/resilience/event-bus/resilienceEventProcessor.js,e3b0c44298fc1c149afbf4c8996fb92427ae41e4649b934ca495991b7852b855,e3b0c44298fc1c149afbf4c8996fb92427ae41e4649b934ca495991b7852b855,0,0,0,0
UNCHANGED,backend/middleware/resilience/event-bus/resilienceEventReplay.js,b6f47130ce555d2be607fb7c583815c1adebd9e61ad53b91d30661420c8e333c,b6f47130ce555d2be607fb7c583815c1adebd9e61ad53b91d30661420c8e333c,584,584,67,67
UNCHANGED,backend/middleware/resilience/event-bus/resilienceEventStore.js,82e6f15264570b7d7d0b3a43bc4b609fb86a1beaa60e0927bfaa0b3ec040f388,82e6f15264570b7d7d0b3a43bc4b609fb86a1beaa60e0927bfaa0b3ec040f388,522,522,64,64
UNCHANGED,backend/middleware/resilience/event-bus/resilienceEventTypes.js,ba379841a7d7beb28c9b22f21d2f086c08b56b43634d52031d81471df5942930,ba379841a7d7beb28c9b22f21d2f086c08b56b43634d52031d81471df5942930,1062,1062,73,73
UNCHANGED,backend/middleware/resilience/event-bus/resilienceMessageBroker.js,f2d96c67ccd3070ce326855b4552e489fcf00243f80e0e28c4ae7de771bcb1ce,f2d96c67ccd3070ce326855b4552e489fcf00243f80e0e28c4ae7de771bcb1ce,404,404,44,44
UNCHANGED,backend/middleware/resilience/event-bus/resilienceRecoveryCoordinator.js,522c074d2997664de91e7b5fcc0df107b45089a75958b193d223aa073b6f8170,522c074d2997664de91e7b5fcc0df107b45089a75958b193d223aa073b6f8170,1459,1459,145,145
UNCHANGED,backend/middleware/resilience/fabric/distributedMemory.js,4ce6caa0c6f59d43156fdea2d41bba8ec45d8475296a4cdad5703232c4d7b8e7,4ce6caa0c6f59d43156fdea2d41bba8ec45d8475296a4cdad5703232c4d7b8e7,33316,33316,2434,2434
UNCHANGED,backend/middleware/resilience/fabric/fabricProtocol.js,43d998c118d58c06562359ef45cdf0230c202f2ae08d44a7aceca7cdfb86cacc,43d998c118d58c06562359ef45cdf0230c202f2ae08d44a7aceca7cdfb86cacc,2623,2623,226,226
UNCHANGED,backend/middleware/resilience/fabric/fabricRegistry.js,ad1c351beb6ed70f5779f7a9c770af1176635667ab00f4adef0c6df31d7e6017,ad1c351beb6ed70f5779f7a9c770af1176635667ab00f4adef0c6df31d7e6017,7496,7496,553,553
UNCHANGED,backend/middleware/resilience/fabric/fabricSnapshot.js,e3b0c44298fc1c149afbf4c8996fb92427ae41e4649b934ca495991b7852b855,e3b0c44298fc1c149afbf4c8996fb92427ae41e4649b934ca495991b7852b855,0,0,0,0
UNCHANGED,backend/middleware/resilience/fabric/intelligenceFederation.js,f122e84296da376c956efbc23293351be13156f1f72a6e2c2933200aad9081f5,f122e84296da376c956efbc23293351be13156f1f72a6e2c2933200aad9081f5,40410,40410,2198,2198
UNCHANGED,backend/middleware/resilience/fabric/knowledgeGraph.js,135237d45a494b7d66a1182f9d34337d44c0e83e01945122c9438e77feb188cd,135237d45a494b7d66a1182f9d34337d44c0e83e01945122c9438e77feb188cd,8411,8411,393,393
UNCHANGED,backend/middleware/resilience/fabric/planetarySynchronization.js,495cc86fcae37a1e02c3fbca2414d34d86d7961319e659cae5b71191dc421b28,495cc86fcae37a1e02c3fbca2414d34d86d7961319e659cae5b71191dc421b28,49444,49444,2411,2411
UNCHANGED,backend/middleware/resilience/fabric/selfAwareIntelligence.js,0560ea656c40eebd147f8998b84f4a72d1bc61674270eaccfe3264492321ae5b,0560ea656c40eebd147f8998b84f4a72d1bc61674270eaccfe3264492321ae5b,32673,32673,2130,2130
UNCHANGED,backend/middleware/resilience/fabric/sovereignInteroperability.js,bdda70c0421147a0d1f67e16bd5758d1da3d3366f7b61bbb04782a33b9664e0b,bdda70c0421147a0d1f67e16bd5758d1da3d3366f7b61bbb04782a33b9664e0b,49549,49549,2730,2730
UNCHANGED,backend/middleware/resilience/fabric/universalResilienceFabric.js,90b10e6ca7db960cfd0dae44140377804019e0e67afc17ba9450ae0cebb44946,90b10e6ca7db960cfd0dae44140377804019e0e67afc17ba9450ae0cebb44946,8801,8801,351,351
UNCHANGED,backend/middleware/resilience/global/enterpriseFederationManager.js,e3b0c44298fc1c149afbf4c8996fb92427ae41e4649b934ca495991b7852b855,e3b0c44298fc1c149afbf4c8996fb92427ae41e4649b934ca495991b7852b855,0,0,0,0
UNCHANGED,backend/middleware/resilience/global/globalIncidentIntelligence.js,e3b0c44298fc1c149afbf4c8996fb92427ae41e4649b934ca495991b7852b855,e3b0c44298fc1c149afbf4c8996fb92427ae41e4649b934ca495991b7852b855,0,0,0,0
UNCHANGED,backend/middleware/resilience/global/globalNetworkAudit.js,e3b0c44298fc1c149afbf4c8996fb92427ae41e4649b934ca495991b7852b855,e3b0c44298fc1c149afbf4c8996fb92427ae41e4649b934ca495991b7852b855,0,0,0,0
UNCHANGED,backend/middleware/resilience/global/globalNetworkBootstrap.js,e3b0c44298fc1c149afbf4c8996fb92427ae41e4649b934ca495991b7852b855,e3b0c44298fc1c149afbf4c8996fb92427ae41e4649b934ca495991b7852b855,0,0,0,0
UNCHANGED,backend/middleware/resilience/global/globalResilienceNetwork.js,a7a228f200d5f59867b490203557a80e1904352201c982f6c8ca16808e9563b1,a7a228f200d5f59867b490203557a80e1904352201c982f6c8ca16808e9563b1,10909,10909,569,569
UNCHANGED,backend/middleware/resilience/global/globalRiskAssessmentEngine.js,e3b0c44298fc1c149afbf4c8996fb92427ae41e4649b934ca495991b7852b855,e3b0c44298fc1c149afbf4c8996fb92427ae41e4649b934ca495991b7852b855,0,0,0,0
UNCHANGED,backend/middleware/resilience/global/industryBenchmarkEngine.js,e3b0c44298fc1c149afbf4c8996fb92427ae41e4649b934ca495991b7852b855,e3b0c44298fc1c149afbf4c8996fb92427ae41e4649b934ca495991b7852b855,0,0,0,0
UNCHANGED,backend/middleware/resilience/global/multiCloudFailoverManager.js,e3b0c44298fc1c149afbf4c8996fb92427ae41e4649b934ca495991b7852b855,e3b0c44298fc1c149afbf4c8996fb92427ae41e4649b934ca495991b7852b855,0,0,0,0
UNCHANGED,backend/middleware/resilience/global/regionalCoordinator.js,6525b822e20e1b5160674689f49286492f6ab95bc634c652683bcd29810c96bd,6525b822e20e1b5160674689f49286492f6ab95bc634c652683bcd29810c96bd,153556,153556,11104,11104
UNCHANGED,backend/middleware/resilience/global/resilienceConsensusEngine.js,e3b0c44298fc1c149afbf4c8996fb92427ae41e4649b934ca495991b7852b855,e3b0c44298fc1c149afbf4c8996fb92427ae41e4649b934ca495991b7852b855,0,0,0,0
UNCHANGED,backend/middleware/resilience/global/resilienceFederationRegistry.js,e3b0c44298fc1c149afbf4c8996fb92427ae41e4649b934ca495991b7852b855,e3b0c44298fc1c149afbf4c8996fb92427ae41e4649b934ca495991b7852b855,0,0,0,0
UNCHANGED,backend/middleware/resilience/global/resilienceKnowledgeGraph.js,e3b0c44298fc1c149afbf4c8996fb92427ae41e4649b934ca495991b7852b855,e3b0c44298fc1c149afbf4c8996fb92427ae41e4649b934ca495991b7852b855,0,0,0,0
UNCHANGED,backend/middleware/resilience/global/resilienceMeshNetwork.js,e3b0c44298fc1c149afbf4c8996fb92427ae41e4649b934ca495991b7852b855,e3b0c44298fc1c149afbf4c8996fb92427ae41e4649b934ca495991b7852b855,0,0,0,0
UNCHANGED,backend/middleware/resilience/gracefulDegradation.js,03d062a10626e87eb1c49d5a7379eeae2983435bcaf7352fcefa578ffc90d01f,03d062a10626e87eb1c49d5a7379eeae2983435bcaf7352fcefa578ffc90d01f,184650,184650,11454,11454
UNCHANGED,backend/middleware/resilience/index.js,d5892ab6db29c58636318aeee36c5cf65aa696054e76428bfe7093782fb20986,d5892ab6db29c58636318aeee36c5cf65aa696054e76428bfe7093782fb20986,63912,63912,3653,3653
UNCHANGED,backend/middleware/resilience/intelligence/resilienceIntelligence.js,e67895e217cd304fcaf9226e9481540a03a3c66f7e543d2fa4dca47935962e30,e67895e217cd304fcaf9226e9481540a03a3c66f7e543d2fa4dca47935962e30,10585,10585,862,862
UNCHANGED,backend/middleware/resilience/mesh/meshIdentity.js,ceb92b44d42336d51849efe73cad599c37bf0e33d486390d7547405b693b05d9,ceb92b44d42336d51849efe73cad599c37bf0e33d486390d7547405b693b05d9,8905,8905,717,717
UNCHANGED,backend/middleware/resilience/mesh/meshMemory.js,df4c2137d6537739a7c419ced81755e28114af58ffc3d586c72ede204134ce64,df4c2137d6537739a7c419ced81755e28114af58ffc3d586c72ede204134ce64,10189,10189,762,762
UNCHANGED,backend/middleware/resilience/mesh/meshProtocol.js,269d88ab9215e5af0d26dd112b82f20747085675cb91c4e5afbe3551d86b1236,269d88ab9215e5af0d26dd112b82f20747085675cb91c4e5afbe3551d86b1236,9448,9448,664,664
UNCHANGED,backend/middleware/resilience/mesh/meshRegistry.js,82983b025f09f00533d59c9b183cfec1bf23fc9f1af45feedeac3b6ebc6b5f03,82983b025f09f00533d59c9b183cfec1bf23fc9f1af45feedeac3b6ebc6b5f03,10680,10680,867,867
UNCHANGED,backend/middleware/resilience/mesh/meshRouter.js,5ec20ed7328a3478bd5fef95c8da3537fae6de167116d20d4d95b640fb4bcc3e,5ec20ed7328a3478bd5fef95c8da3537fae6de167116d20d4d95b640fb4bcc3e,9704,9704,758,758
UNCHANGED,backend/middleware/resilience/mesh/meshSimulation.js,a45b6d6777485eb26a8bf973fe147a4e3f82bcdfe736bb2a250e28094a686cf5,a45b6d6777485eb26a8bf973fe147a4e3f82bcdfe736bb2a250e28094a686cf5,11355,11355,901,901
UNCHANGED,backend/middleware/resilience/mesh/meshSnapshot.js,bbc9c7dbd284d81890bd72a66011e2216000a36dcc247a8de4dc5ad25a9cb490,bbc9c7dbd284d81890bd72a66011e2216000a36dcc247a8de4dc5ad25a9cb490,9555,9555,756,756
UNCHANGED,backend/middleware/resilience/mesh/meshSynchronization.js,8542458315c5ea28b700a0050a1a6181d00382fc11096fac900f5929b6e3308a,8542458315c5ea28b700a0050a1a6181d00382fc11096fac900f5929b6e3308a,10566,10566,857,857
UNCHANGED,backend/middleware/resilience/mesh/universalResilienceMesh.js,e8f846d6dc458b3521925e89897da08962fce3ff5dd4e9efda9f5b9577430f72,e8f846d6dc458b3521925e89897da08962fce3ff5dd4e9efda9f5b9577430f72,67604,67604,3727,3727
UNCHANGED,backend/middleware/resilience/observability/resilienceAudit.js,f4eaa9f9f997bdc7f4e017a171ad01251e291b59f608984e6bb488523ff48955,f4eaa9f9f997bdc7f4e017a171ad01251e291b59f608984e6bb488523ff48955,444,444,49,49
UNCHANGED,backend/middleware/resilience/observability/resilienceEventStream.js,5d15a21597b3927b05848f428336806c215b981ff242951f423b44ba19745566,5d15a21597b3927b05848f428336806c215b981ff242951f423b44ba19745566,397,397,43,43
UNCHANGED,backend/middleware/resilience/observability/resilienceHealthTelemetry.js,eeb48e6f24dcc257c2304c8523678f3da3388c8c2d147e72c22d30faa4ce7104,eeb48e6f24dcc257c2304c8523678f3da3388c8c2d147e72c22d30faa4ce7104,554,554,62,62
UNCHANGED,backend/middleware/resilience/observability/resilienceKpis.js,d92f9ed915c65fd81179ffeba0045bfe98f432994151767a5f2effa99ed61c92,d92f9ed915c65fd81179ffeba0045bfe98f432994151767a5f2effa99ed61c92,755,755,74,74
UNCHANGED,backend/middleware/resilience/observability/resilienceLogger.js,2149e76fd961d6d6ed9e8f36312a217554cc7780afaebbab3015ed9a7ffb30a0,2149e76fd961d6d6ed9e8f36312a217554cc7780afaebbab3015ed9a7ffb30a0,480,480,55,55
UNCHANGED,backend/middleware/resilience/observability/resilienceMetrics.js,74e3bf5c1c29da6d74227ed8f3673832af63a377c7aa40dd31123bcab8dc9213,74e3bf5c1c29da6d74227ed8f3673832af63a377c7aa40dd31123bcab8dc9213,1294,1294,108,108
UNCHANGED,backend/middleware/resilience/observability/resilienceObservabilityBootstrap.js,42f1152aad9cb0a1a0ad8931f06f76b10751f92d77e0e2f042ad0880c55913c3,42f1152aad9cb0a1a0ad8931f06f76b10751f92d77e0e2f042ad0880c55913c3,1058,1058,96,96
UNCHANGED,backend/middleware/resilience/observability/resilienceTelemetry.js,4bb6ac9ea8ad4d75918e93b2ad50f022e7b21a93bfb6bedc9ee05db82a36dda9,4bb6ac9ea8ad4d75918e93b2ad50f022e7b21a93bfb6bedc9ee05db82a36dda9,2176,2176,205,205
UNCHANGED,backend/middleware/resilience/observability/resilienceTracer.js,ce5e003d102bb8ba66895ddd3a2bb5ad452e0a68237844fa413a6f95dd43d6af,ce5e003d102bb8ba66895ddd3a2bb5ad452e0a68237844fa413a6f95dd43d6af,668,668,70,70
UNCHANGED,backend/middleware/resilience/operatingSystem/autonomousResilienceOS.js,ad5c96da52de934372de39bf4d4b71eca8c3fc84e2ac606e3eedc26a5a3044be,ad5c96da52de934372de39bf4d4b71eca8c3fc84e2ac606e3eedc26a5a3044be,11667,11667,918,918
UNCHANGED,backend/middleware/resilience/persistence/resiliencePersistenceBootstrap.js,0f4bbc938061b4674f4529f126f00a918ef737ea9812119a794b425e84161603,0f4bbc938061b4674f4529f126f00a918ef737ea9812119a794b425e84161603,675,675,70,70
UNCHANGED,backend/middleware/resilience/resilienceMiddleware.js,d0809e9225cf8ea5cb3f78673c6c0fb17ba7de5eec1ddca8a1395198d3d3b335,d0809e9225cf8ea5cb3f78673c6c0fb17ba7de5eec1ddca8a1395198d3d3b335,10054,10054,752,752
UNCHANGED,backend/middleware/resilience/retryAdapters.js,ceb36986414452cb0c64d2795e86bc0ca52b848dcbdbe26d4cb7390da4bfe8f7,ceb36986414452cb0c64d2795e86bc0ca52b848dcbdbe26d4cb7390da4bfe8f7,10651,10651,912,912
UNCHANGED,backend/middleware/resilience/retryClassificationEngine.js,9ad66814551489f493eb28eb84bbb18d3ac1508cdadad3c104a25f1110d2d4ee,9ad66814551489f493eb28eb84bbb18d3ac1508cdadad3c104a25f1110d2d4ee,10772,10772,809,809
UNCHANGED,backend/middleware/resilience/retryClient.js,42554e1aaf5b6100b345745ebf52daf5057a32a989dc395cea4428da68cd8a89,42554e1aaf5b6100b345745ebf52daf5057a32a989dc395cea4428da68cd8a89,8065,8065,661,661
UNCHANGED,backend/middleware/resilience/retryContext.js,159fd6acbfdf193f7f8895f4f495f204271a2ccdafc0ea909bed34a5c47dea5a,159fd6acbfdf193f7f8895f4f495f204271a2ccdafc0ea909bed34a5c47dea5a,9800,9800,675,675
UNCHANGED,backend/middleware/resilience/retryContextFactory.js,1271d43131cc19084f2efd3cfe59f07cb3a62a9a37feddc9105b8abab751d7fa,1271d43131cc19084f2efd3cfe59f07cb3a62a9a37feddc9105b8abab751d7fa,11198,11198,717,717
UNCHANGED,backend/middleware/resilience/retryContextManager.js,2cc3b3f0c5102cd7a89865eaa060c67d456f79df70af034b6f978f31f1bf8fc2,2cc3b3f0c5102cd7a89865eaa060c67d456f79df70af034b6f978f31f1bf8fc2,11221,11221,769,769
UNCHANGED,backend/middleware/resilience/retryContextStorage.js,823e477d37daa2a39864b0dae9d0c868dae419c49218e4a8b544d61c75782ed9,823e477d37daa2a39864b0dae9d0c868dae419c49218e4a8b544d61c75782ed9,9509,9509,594,594
UNCHANGED,backend/middleware/resilience/retryDecisionEngine.js,439efaac363fe598ef9e35c21e840e8d566c3efd9658f0eda2483e6f7f8b9126,439efaac363fe598ef9e35c21e840e8d566c3efd9658f0eda2483e6f7f8b9126,10672,10672,746,746
UNCHANGED,backend/middleware/resilience/retryExecutionEngine.js,61fed8cf94be4237f693471a7a79d8fa02a0430f4d6aa84b02079160c96a0968,61fed8cf94be4237f693471a7a79d8fa02a0430f4d6aa84b02079160c96a0968,10852,10852,765,765
UNCHANGED,backend/middleware/resilience/retryMiddleware.js,0556ffa0f031590223514d3563baaf7c05f344749c8501f832d254db2958cdfe,0556ffa0f031590223514d3563baaf7c05f344749c8501f832d254db2958cdfe,10163,10163,705,705
UNCHANGED,backend/middleware/resilience/retryObservability.js,ca304634d373cbab2cd9e61a4f42961bdb5d6556d2593d5ba8dc6419f51cef7c,ca304634d373cbab2cd9e61a4f42961bdb5d6556d2593d5ba8dc6419f51cef7c,10248,10248,867,867
UNCHANGED,backend/middleware/resilience/retryPolicy.js,3ceaa8bc5a7606cf39d32a0676477fed386a84f5a59b33d9299a095af9de0ff9,3ceaa8bc5a7606cf39d32a0676477fed386a84f5a59b33d9299a095af9de0ff9,92374,92374,4476,4476
UNCHANGED,backend/middleware/resilience/retryPolicyRegistry.js,3ad3bb4a5a3535504efd5e4f051f0c1e23e18b283c4e7a3aeb03fbe612cab3cc,3ad3bb4a5a3535504efd5e4f051f0c1e23e18b283c4e7a3aeb03fbe612cab3cc,10254,10254,878,878
UNCHANGED,backend/middleware/resilience/retryService.js,0d8c5aa61a5d9aab0b5bbbe39ba0cee65ec507550e854ed8b7e5b0aaf4b375e1,0d8c5aa61a5d9aab0b5bbbe39ba0cee65ec507550e854ed8b7e5b0aaf4b375e1,9078,9078,677,677
UNCHANGED,backend/middleware/resilience/runtime/resilienceBootstrap.js,b978b72a1fcf746366d470a2dd19a94b44070b2dfbd4d3cacd5528de1a4ea002,b978b72a1fcf746366d470a2dd19a94b44070b2dfbd4d3cacd5528de1a4ea002,23084,23084,1230,1230
UNCHANGED,backend/middleware/resilience/runtime/resilienceCircuitRegistration.js,e3b0c44298fc1c149afbf4c8996fb92427ae41e4649b934ca495991b7852b855,e3b0c44298fc1c149afbf4c8996fb92427ae41e4649b934ca495991b7852b855,0,0,0,0
UNCHANGED,backend/middleware/resilience/runtime/resilienceContainer.js,6c7535a893e58d27c420b92bfe2d72a88b4207a7cf2c4afd80e4ca5357bc2c3b,6c7535a893e58d27c420b92bfe2d72a88b4207a7cf2c4afd80e4ca5357bc2c3b,2649,2649,229,229
UNCHANGED,backend/middleware/resilience/runtime/resilienceDependencies.js,e3e9238c014074181d27476aff49a6f677823538cedfbda87c8ae0813498824d,e3e9238c014074181d27476aff49a6f677823538cedfbda87c8ae0813498824d,595,595,55,55
UNCHANGED,backend/middleware/resilience/runtime/resilienceHealthRegistration.js,e3b0c44298fc1c149afbf4c8996fb92427ae41e4649b934ca495991b7852b855,e3b0c44298fc1c149afbf4c8996fb92427ae41e4649b934ca495991b7852b855,0,0,0,0
UNCHANGED,backend/middleware/resilience/runtime/resilienceMiddlewareRegistration.js,e3b0c44298fc1c149afbf4c8996fb92427ae41e4649b934ca495991b7852b855,e3b0c44298fc1c149afbf4c8996fb92427ae41e4649b934ca495991b7852b855,0,0,0,0
UNCHANGED,backend/middleware/resilience/runtime/resiliencePolicyLoader.js,e3b0c44298fc1c149afbf4c8996fb92427ae41e4649b934ca495991b7852b855,e3b0c44298fc1c149afbf4c8996fb92427ae41e4649b934ca495991b7852b855,0,0,0,0
UNCHANGED,backend/middleware/resilience/runtime/resilienceRetryRegistration.js,e3b0c44298fc1c149afbf4c8996fb92427ae41e4649b934ca495991b7852b855,e3b0c44298fc1c149afbf4c8996fb92427ae41e4649b934ca495991b7852b855,0,0,0,0
UNCHANGED,backend/middleware/resilience/runtime/resilienceRuntime.js,8f4306b15616e23b589ec9f2392e6782c296b5279f15dcd181d8e5154e32a7b0,8f4306b15616e23b589ec9f2392e6782c296b5279f15dcd181d8e5154e32a7b0,1356,1356,147,147
UNCHANGED,backend/middleware/resilience/runtime/resilienceShutdownRegistration.js,e3b0c44298fc1c149afbf4c8996fb92427ae41e4649b934ca495991b7852b855,e3b0c44298fc1c149afbf4c8996fb92427ae41e4649b934ca495991b7852b855,0,0,0,0
UNCHANGED,backend/middleware/resilience/runtime/resilienceStrategyRegistration.js,e3b0c44298fc1c149afbf4c8996fb92427ae41e4649b934ca495991b7852b855,e3b0c44298fc1c149afbf4c8996fb92427ae41e4649b934ca495991b7852b855,0,0,0,0
UNCHANGED,backend/middleware/resilience/security/index.js,39d859b4748068ef1d8d0a0e1106a5e040a8349802bffc344f59afb622ab3456,39d859b4748068ef1d8d0a0e1106a5e040a8349802bffc344f59afb622ab3456,870,870,70,70
UNCHANGED,backend/middleware/resilience/security/resilienceAccessControl.js,ae96bc6c3ec47adcd38574d7c28f6b35eec5f0dd48db07816195c18a6e0189d4,ae96bc6c3ec47adcd38574d7c28f6b35eec5f0dd48db07816195c18a6e0189d4,643,643,74,74
UNCHANGED,backend/middleware/resilience/security/resilienceAuditProtection.js,f287780896e34442f2cbeda8e79a8c0903dca7b188a795d6a5198a909837270f,f287780896e34442f2cbeda8e79a8c0903dca7b188a795d6a5198a909837270f,757,757,76,76
UNCHANGED,backend/middleware/resilience/security/resilienceComplianceReporter.js,3d8231fc81a4e466e580e922d4f2e920e58e9a186583c7ec8cffd631ad3fc89b,3d8231fc81a4e466e580e922d4f2e920e58e9a186583c7ec8cffd631ad3fc89b,670,670,62,62
UNCHANGED,backend/middleware/resilience/security/resilienceFinancialGuard.js,89cc1d4db299da0fdd872a70e595ed9a79304b3f12c1afe8e9eceadb23d9a6b3,89cc1d4db299da0fdd872a70e595ed9a79304b3f12c1afe8e9eceadb23d9a6b3,727,727,66,66
UNCHANGED,backend/middleware/resilience/security/resilienceRegulatoryControls.js,c006a55191fb2e23adda1b44bb086189571b7cc939735c7543316b699d1515aa,c006a55191fb2e23adda1b44bb086189571b7cc939735c7543316b699d1515aa,594,594,55,55
UNCHANGED,backend/middleware/resilience/security/resilienceSecurityBootstrap.js,6ec55847686038886a4e720206650c45517ee24b127e8f78adfff4f7ac386aff,6ec55847686038886a4e720206650c45517ee24b127e8f78adfff4f7ac386aff,697,697,58,58
UNCHANGED,backend/middleware/resilience/security/resilienceSecurityEvents.js,fe296eebe568597c61a10b6a4790b3658826e5e0f4c1d3809a80203119e29bfd,fe296eebe568597c61a10b6a4790b3658826e5e0f4c1d3809a80203119e29bfd,396,396,44,44
UNCHANGED,backend/middleware/resilience/security/resilienceSecurityManager.js,de53554a38239cad2025ed9338b8f422731ed59d580f792fb26752e983f3228e,de53554a38239cad2025ed9338b8f422731ed59d580f792fb26752e983f3228e,1350,1350,114,114
UNCHANGED,backend/middleware/resilience/security/resilienceSecurityPolicy.js,1effe90aee3320db49e3433b196621357fbcf0b005ff6c0b85c401cdf7eca375,1effe90aee3320db49e3433b196621357fbcf0b005ff6c0b85c401cdf7eca375,705,705,75,75
UNCHANGED,backend/middleware/resilience/security/resilienceTenantIsolation.js,4eb74c8c736b2f78a44b23df5bc012ba31304255df1c28deff4a6e6983afe730,4eb74c8c736b2f78a44b23df5bc012ba31304255df1c28deff4a6e6983afe730,398,398,41,41
UNCHANGED,backend/middleware/resilience/security/resilienceThreatDetector.js,c5d4623b220208174d06a5303820054b52a345614ce27865a7372c42877c400c,c5d4623b220208174d06a5303820054b52a345614ce27865a7372c42877c400c,626,626,67,67
UNCHANGED,backend/middleware/resilience/security/retryAbuseProtection.js,7b6e56162ed2d875cd2e43f9d4db832f286e6c0f1528346eed466b1b8c80a223,7b6e56162ed2d875cd2e43f9d4db832f286e6c0f1528346eed466b1b8c80a223,538,538,60,60
UNCHANGED,backend/middleware/resilience/security/retryAuditIntegrity.js,582671cd31e0ca6279612d49fb7da8041a33b02fc1bbb0688afb09f5f7cf6a9e,582671cd31e0ca6279612d49fb7da8041a33b02fc1bbb0688afb09f5f7cf6a9e,807,807,91,91
UNCHANGED,backend/middleware/resilience/security/retryComplianceEvidence.js,409393716c8aa681eaf9c6eab9e77fcdce1f3ded532e42574b88bcf57d715cce,409393716c8aa681eaf9c6eab9e77fcdce1f3ded532e42574b88bcf57d715cce,556,556,56,56
UNCHANGED,backend/middleware/resilience/security/retryDataMasker.js,9a11d03ddd71d6be39c2dd6c0c8fa2131cf563b4943f52a9b982afa12bea23df,9a11d03ddd71d6be39c2dd6c0c8fa2131cf563b4943f52a9b982afa12bea23df,826,826,83,83
UNCHANGED,backend/middleware/resilience/security/retryFraudIntegration.js,bdd47eaaae93f3009ee7b7087c98cb2fe8664b70109d5b2356322287824f3c24,bdd47eaaae93f3009ee7b7087c98cb2fe8664b70109d5b2356322287824f3c24,426,426,52,52
UNCHANGED,backend/middleware/resilience/security/retryPCIControls.js,5ca9d7bb795b0cf80c89aa7a0368f4b82a91e30cd9f4a6ea5d9166f8f128a076,5ca9d7bb795b0cf80c89aa7a0368f4b82a91e30cd9f4a6ea5d9166f8f128a076,445,445,45,45
UNCHANGED,backend/middleware/resilience/security/retryRateLimitCoordinator.js,0a0a821e3e136a66cf0d31e7d8374c474ade1c71f1ebaff4260f88e3198872be,0a0a821e3e136a66cf0d31e7d8374c474ade1c71f1ebaff4260f88e3198872be,412,412,46,46
UNCHANGED,backend/middleware/resilience/security/retrySecurityManager.js,1a24e0e2a4ced22c0f7de3ee85aa9e0ba594c2b5f2250d8495d4b05b0b08f6c4,1a24e0e2a4ced22c0f7de3ee85aa9e0ba594c2b5f2250d8495d4b05b0b08f6c4,2202,2202,161,161
UNCHANGED,backend/middleware/resilience/security/retryTenantIsolation.js,6eda2cde5fd2dba6769ad65e1777b0000f1d706a04050b82b79254b6a657b57a,6eda2cde5fd2dba6769ad65e1777b0000f1d706a04050b82b79254b6a657b57a,311,311,36,36
UNCHANGED,backend/middleware/resilience/simulationUniverse/resilienceSimulationUniverse.js,b3badf6891fc7162063ee4a82346d6f697bafd2a38dbae70c5ff5a17baab5b0f,b3badf6891fc7162063ee4a82346d6f697bafd2a38dbae70c5ff5a17baab5b0f,10329,10329,802,802
UNCHANGED,backend/middleware/resilience/testing/chaosEngine.js,e3b0c44298fc1c149afbf4c8996fb92427ae41e4649b934ca495991b7852b855,e3b0c44298fc1c149afbf4c8996fb92427ae41e4649b934ca495991b7852b855,0,0,0,0
UNCHANGED,backend/middleware/resilience/testing/chaosScenarios.js,5383d6802b2c88d1aaf48a1e950b292444998e19ae7084da9f4dfdc69d7da84b,5383d6802b2c88d1aaf48a1e950b292444998e19ae7084da9f4dfdc69d7da84b,646,646,71,71
UNCHANGED,backend/middleware/resilience/testing/circuitBreakerTester.js,ede2dfe9baa7aa6afabf330e9292fb16669781e653e16e2ced96c528123b1000,ede2dfe9baa7aa6afabf330e9292fb16669781e653e16e2ced96c528123b1000,823,823,80,80
UNCHANGED,backend/middleware/resilience/testing/dependencySimulator.js,12232ab9ae14f41a06f1dbe933a353e133291290617a8d8af2603c6cd396f46a,12232ab9ae14f41a06f1dbe933a353e133291290617a8d8af2603c6cd396f46a,530,530,61,61
UNCHANGED,backend/middleware/resilience/testing/failureInjector.js,f1d036cbdfddfa8fc40e491778175361065ff94fab0366357ae84460ba78e9a3,f1d036cbdfddfa8fc40e491778175361065ff94fab0366357ae84460ba78e9a3,691,691,85,85
UNCHANGED,backend/middleware/resilience/testing/financialSafetyValidator.js,26a6e44eb3a3e7efd443ec6cff4d4804bc05ad9302f0647f1eae3da6f204d1bd,26a6e44eb3a3e7efd443ec6cff4d4804bc05ad9302f0647f1eae3da6f204d1bd,419,419,39,39
UNCHANGED,backend/middleware/resilience/testing/recoveryValidator.js,245a028c35363dc4b09b54be25d2f949adfb76df4a0e0c10dd024ea7355fd610,245a028c35363dc4b09b54be25d2f949adfb76df4a0e0c10dd024ea7355fd610,300,300,39,39
UNCHANGED,backend/middleware/resilience/testing/resilienceCertification.js,640a67f0442f5de663896f1d11900c5a1894b7e50c5a2394c060a0613e6c6be6,640a67f0442f5de663896f1d11900c5a1894b7e50c5a2394c060a0613e6c6be6,532,532,54,54
UNCHANGED,backend/middleware/resilience/testing/resilienceLoadTester.js,2b0ed87a2705a15765391b5286b31dd07d8b49b700646c5111d31613698f7c36,2b0ed87a2705a15765391b5286b31dd07d8b49b700646c5111d31613698f7c36,769,769,70,70
UNCHANGED,backend/middleware/resilience/testing/resilienceScenarioRegistry.js,faf6b5ceaadeb2c930bf330a57b925158e53a7f32be330bf09fecdbc4d6730f2,faf6b5ceaadeb2c930bf330a57b925158e53a7f32be330bf09fecdbc4d6730f2,545,545,68,68
UNCHANGED,backend/middleware/resilience/testing/resilienceTestRunner.js,35fab60010364949fb6bf8f3101804a693886f89e31e8eba2f2d4f0e8431acc7,35fab60010364949fb6bf8f3101804a693886f89e31e8eba2f2d4f0e8431acc7,1587,1587,131,131
UNCHANGED,backend/middleware/resilience/testing/resilienceTestingBootstrap.js,6a9c385b36b2844f34964c3ca23876739f11c5bdcfdfeb2fb47754cff1d8c0ef,6a9c385b36b2844f34964c3ca23876739f11c5bdcfdfeb2fb47754cff1d8c0ef,709,709,68,68
UNCHANGED,backend/middleware/resilience/testing/retryTestSuite.js,c2e7f0496a6d9ed371d983afa6030f757dd1647f8e17dd9b192f0c6fc7890d47,c2e7f0496a6d9ed371d983afa6030f757dd1647f8e17dd9b192f0c6fc7890d47,10978,10978,889,889
UNCHANGED,backend/middleware/security/assurance/assuranceReporter.js,e3b0c44298fc1c149afbf4c8996fb92427ae41e4649b934ca495991b7852b855,e3b0c44298fc1c149afbf4c8996fb92427ae41e4649b934ca495991b7852b855,0,0,0,0
UNCHANGED,backend/middleware/security/assurance/attackPathAnalyzer.js,e3b0c44298fc1c149afbf4c8996fb92427ae41e4649b934ca495991b7852b855,e3b0c44298fc1c149afbf4c8996fb92427ae41e4649b934ca495991b7852b855,0,0,0,0
UNCHANGED,backend/middleware/security/assurance/certificateHealthMonitor.js,e3b0c44298fc1c149afbf4c8996fb92427ae41e4649b934ca495991b7852b855,e3b0c44298fc1c149afbf4c8996fb92427ae41e4649b934ca495991b7852b855,0,0,0,0
UNCHANGED,backend/middleware/security/assurance/complianceEvidenceCollector.js,e3b0c44298fc1c149afbf4c8996fb92427ae41e4649b934ca495991b7852b855,e3b0c44298fc1c149afbf4c8996fb92427ae41e4649b934ca495991b7852b855,0,0,0,0
UNCHANGED,backend/middleware/security/assurance/configurationDriftDetector.js,e3b0c44298fc1c149afbf4c8996fb92427ae41e4649b934ca495991b7852b855,e3b0c44298fc1c149afbf4c8996fb92427ae41e4649b934ca495991b7852b855,0,0,0,0
UNCHANGED,backend/middleware/security/assurance/controlValidator.js,e3b0c44298fc1c149afbf4c8996fb92427ae41e4649b934ca495991b7852b855,e3b0c44298fc1c149afbf4c8996fb92427ae41e4649b934ca495991b7852b855,0,0,0,0
UNCHANGED,backend/middleware/security/assurance/postureScorer.js,e3b0c44298fc1c149afbf4c8996fb92427ae41e4649b934ca495991b7852b855,e3b0c44298fc1c149afbf4c8996fb92427ae41e4649b934ca495991b7852b855,0,0,0,0
UNCHANGED,backend/middleware/security/assurance/runtimePolicyValidator.js,e3b0c44298fc1c149afbf4c8996fb92427ae41e4649b934ca495991b7852b855,e3b0c44298fc1c149afbf4c8996fb92427ae41e4649b934ca495991b7852b855,0,0,0,0
UNCHANGED,backend/middleware/security/assurance/secretsExposureScanner.js,e3b0c44298fc1c149afbf4c8996fb92427ae41e4649b934ca495991b7852b855,e3b0c44298fc1c149afbf4c8996fb92427ae41e4649b934ca495991b7852b855,0,0,0,0
UNCHANGED,backend/middleware/security/securityAssurancePlatform.js,e3b0c44298fc1c149afbf4c8996fb92427ae41e4649b934ca495991b7852b855,e3b0c44298fc1c149afbf4c8996fb92427ae41e4649b934ca495991b7852b855,0,0,0,0
UNCHANGED,backend/middleware/securityHardening.js,0917e1d172c10e097b2b37929069c892b196ca7cce3e1c2ab5612229ab6435f3,0917e1d172c10e097b2b37929069c892b196ca7cce3e1c2ab5612229ab6435f3,13069,13069,459,459
UNCHANGED,backend/middleware/socketIO.js,89972a5ac29ecfb478419ac6b4b9ac0c96381ba84bb079bc91a7c0894c1d2549,89972a5ac29ecfb478419ac6b4b9ac0c96381ba84bb079bc91a7c0894c1d2549,7846,7846,281,281
UNCHANGED,backend/middleware/systemSettingAuthorization.js,60b2581ab8e4ed2c887b5d9b1a065096a6164beac24f368f0062821e251f1edb,60b2581ab8e4ed2c887b5d9b1a065096a6164beac24f368f0062821e251f1edb,45553,45553,1960,1960
UNCHANGED,backend/middleware/tenancy/tenantContext.js,68a6695e6160588d6cebb1c0a7e1564e8be28c432afab4dd7052e6b0ed768729,68a6695e6160588d6cebb1c0a7e1564e8be28c432afab4dd7052e6b0ed768729,11061,11061,805,805
UNCHANGED,backend/middleware/tenancy/tenantRepository.js,d3fde86ed1a7bfa5da2864b84f29fc55f32181c3c3b1b96fb08c7f55a551f55e,d3fde86ed1a7bfa5da2864b84f29fc55f32181c3c3b1b96fb08c7f55a551f55e,56410,56410,3060,3060
UNCHANGED,backend/middleware/tenancy/tenantResolver.js,4b6a2a4f4aa39229db9744ce0638d81958bdb432243d9de88aa9509ad24f2eaa,4b6a2a4f4aa39229db9744ce0638d81958bdb432243d9de88aa9509ad24f2eaa,66643,66643,4551,4551
UNCHANGED,backend/middleware/tenant.js,ff3ff919012b071e67b5268221c079af72dceec4c99710e1b40491152b96ef6e,ff3ff919012b071e67b5268221c079af72dceec4c99710e1b40491152b96ef6e,229,229,8,8
UNCHANGED,backend/middleware/tenantMiddleware.js,257875ffd573e366361958ac1d16bc23d09f00704879d118e517096c29b97a16,257875ffd573e366361958ac1d16bc23d09f00704879d118e517096c29b97a16,10242,10242,471,471
UNCHANGED,backend/middleware/traffic/bodyParser.js,4b69d50a780e44af5876f6578d7474ca6e77a305b4fdfc1efa7d31898982a4a2,4b69d50a780e44af5876f6578d7474ca6e77a305b4fdfc1efa7d31898982a4a2,7747,7747,837,837
UNCHANGED,backend/middleware/traffic/compression.js,a8b1170f668baa10e2bbe334f873cc2d92304878ab881063285a911d8075d872,a8b1170f668baa10e2bbe334f873cc2d92304878ab881063285a911d8075d872,7247,7247,856,856
UNCHANGED,backend/middleware/traffic/cors.js,3b12e9d7dbe003770210bf8480dbbd2da58fdd5d3cb1bf5c604845c39cd9ef59,3b12e9d7dbe003770210bf8480dbbd2da58fdd5d3cb1bf5c604845c39cd9ef59,6670,6670,887,887
UNCHANGED,backend/middleware/traffic/rateLimiter.js,815d5f3d66d26bc8ef79edd2d71b60722032048723ead3aba6b9e27858b1cc02,815d5f3d66d26bc8ef79edd2d71b60722032048723ead3aba6b9e27858b1cc02,7711,7711,971,971
UNCHANGED,backend/middleware/ussdTenantMiddleware.js,5635ee606eb7e74c80894f78efa12b4af8085434c25b54faf4237851bf7e40b7,5635ee606eb7e74c80894f78efa12b4af8085434c25b54faf4237851bf7e40b7,9982,9982,451,451
UNCHANGED,backend/middleware/validate.js,c252efd7986b6d5a75b5645898fe2a148cfcd80f41fc3e97c4c83fdafcb54bd6,c252efd7986b6d5a75b5645898fe2a148cfcd80f41fc3e97c4c83fdafcb54bd6,624,624,28,28
UNCHANGED,backend/migrations/20240101_000000_initial_schema.js,4b101b76e405610fe8dea033a8442139b5744d9eae540ef3a4aa3ab851776620,4b101b76e405610fe8dea033a8442139b5744d9eae540ef3a4aa3ab851776620,4194,4194,134,134
UNCHANGED,backend/migrations/20240115_100000_add_email_audit_collection.js,fa20438c697eb63df7482b479078092839a70400e914afd7583bc94077881e92,fa20438c697eb63df7482b479078092839a70400e914afd7583bc94077881e92,2827,2827,86,86
UNCHANGED,backend/migrations/20240115_110000_add_migration_collection.js,2e6998f870985cf6a1b8a573f8dafab60eedd80a8c900d70cbe5a316289a115b,2e6998f870985cf6a1b8a573f8dafab60eedd80a8c900d70cbe5a316289a115b,3032,3032,92,92
UNCHANGED,backend/migrations/20260303_000000_sample_migration.js,b5a1bb2898280a97a41c669ee9142c0b2287eef6d388288140116e836f476809,b5a1bb2898280a97a41c669ee9142c0b2287eef6d388288140116e836f476809,331,331,12,12
UNCHANGED,backend/migrations/20260303_100000_add_payment_chat_auth_collections.js,2af146385c4b7da2a922e51568fa0a3b2e59741dd6dcc033de85143349027389,2af146385c4b7da2a922e51568fa0a3b2e59741dd6dcc033de85143349027389,2662,2662,57,57
UNCHANGED,backend/migrations/20260830_120000_consolidate_titech_saas_billing.js,768cbfc151dec8e3ed737785b29c91086e253aafcbd81c5905237fe17b2d63b2,768cbfc151dec8e3ed737785b29c91086e253aafcbd81c5905237fe17b2d63b2,111037,111037,4946,4946
UNCHANGED,backend/migrations/20260830_130000_add_saas_billing_payment.js,17acd3c7c2af2dff9d2b08175c0fd8a60a196639415f895e437466b7fdf63533,17acd3c7c2af2dff9d2b08175c0fd8a60a196639415f895e437466b7fdf63533,12063,12063,526,526
UNCHANGED,backend/migrations/create_mobile_money_callbacks.sql,0ab05a24e1b4700550c96600caea063f09b68a6d43e44d5999a9ac47d494bdd9,0ab05a24e1b4700550c96600caea063f09b68a6d43e44d5999a9ac47d494bdd9,10230,10230,376,376
UNCHANGED,backend/migrations/create_mobile_money_reconciliation.sql,1a938dfb3b9ec60316bb4be34233d538cf228c81fda862a268d430e1df366f1a,1a938dfb3b9ec60316bb4be34233d538cf228c81fda862a268d430e1df366f1a,13022,13022,451,451
UNCHANGED,backend/migrations/create_mobile_money_transactions.sql,0e3ad8f0f4d4809708bf8c8bb63c235d342272b9e4a5dddde4a689b8e1c401f3,0e3ad8f0f4d4809708bf8c8bb63c235d342272b9e4a5dddde4a689b8e1c401f3,10940,10940,416,416
UNCHANGED,backend/models/Account.js,fb3bb4f94ae7914024cf4289e1242b57f0c84ecc52cef3e081f2861a7898b248,fb3bb4f94ae7914024cf4289e1242b57f0c84ecc52cef3e081f2861a7898b248,70654,70654,3987,3987
UNCHANGED,backend/models/Announcement.js,e3e2898d3003c941e3cdd46bae466adf19f1c7bc1f27b2d2ed2c3a4d1f16448e,e3e2898d3003c941e3cdd46bae466adf19f1c7bc1f27b2d2ed2c3a4d1f16448e,52474,52474,2838,2838
UNCHANGED,backend/models/AnnouncementAudit.js,f3eadd17111cebb9d9eaf04033ec9ba7fbb0629e31819537238ce44a206d4c7d,f3eadd17111cebb9d9eaf04033ec9ba7fbb0629e31819537238ce44a206d4c7d,31090,31090,1636,1636
UNCHANGED,backend/models/AnnouncementRead.js,1d914b56fd51e99018e4d4f1f94e2a5210e0a06c29ed05f031a08870591cc498,1d914b56fd51e99018e4d4f1f94e2a5210e0a06c29ed05f031a08870591cc498,36887,36887,1946,1946
UNCHANGED,backend/models/Audit.js,8b8b2a566a34e7ab3431891b99583f49ec9ac819a50289c34cb0a79221c2f9d8,8b8b2a566a34e7ab3431891b99583f49ec9ac819a50289c34cb0a79221c2f9d8,14858,14858,735,735
UNCHANGED,backend/models/AuditLog.js,b4c2601e0797c73b899032a28e981a474d8b03b1ca69119308852435ca21388c,b4c2601e0797c73b899032a28e981a474d8b03b1ca69119308852435ca21388c,27578,27578,1376,1376
UNCHANGED,backend/models/Chat.js,a4e69495a4946071410367b1250d8313ae491516d869e257f5e3b9c04f79b492,a4e69495a4946071410367b1250d8313ae491516d869e257f5e3b9c04f79b492,38963,38963,2029,2029
UNCHANGED,backend/models/ChatMessage.js,66589a827b24835565c3298061f60666171992d2239659178d32a04f1eb1ea0d,66589a827b24835565c3298061f60666171992d2239659178d32a04f1eb1ea0d,40823,40823,1927,1927
UNCHANGED,backend/models/ComplianceLog.js,23b9e058fa8f29c43fa9aefd142007c426758534bb1b84c1d54992723695ca7e,23b9e058fa8f29c43fa9aefd142007c426758534bb1b84c1d54992723695ca7e,26937,26937,1339,1339
UNCHANGED,backend/models/Contribution.js,359427ad03ba8237e07f9653ddb788659b1b82414d9dcf7957d59b791d89891f,359427ad03ba8237e07f9653ddb788659b1b82414d9dcf7957d59b791d89891f,36976,36976,2027,2027
UNCHANGED,backend/models/Conversation.js,cbf750d14d1828811f90930ece8aaa03d953212e4af2b5556b218158a9f6e9f1,cbf750d14d1828811f90930ece8aaa03d953212e4af2b5556b218158a9f6e9f1,35358,35358,1820,1820
UNCHANGED,backend/models/ConversationExport.js,b4970d1209640aadf1bc3585c09b4ac7c721cc4378ff69be9c2cb175be149bc0,b4970d1209640aadf1bc3585c09b4ac7c721cc4378ff69be9c2cb175be149bc0,34806,34806,1757,1757
UNCHANGED,backend/models/EmailAudit.js,e36a251b2dd58edea78ebadac0cb55508ac7ecaea3e18c43d5668009eabeb9e7,e36a251b2dd58edea78ebadac0cb55508ac7ecaea3e18c43d5668009eabeb9e7,18090,18090,901,901
UNCHANGED,backend/models/EmailVerificationToken.js,eb5cd53b71626f29ef032b658bb4afeb152a21a86b3ac621750899d5addfad4d,eb5cd53b71626f29ef032b658bb4afeb152a21a86b3ac621750899d5addfad4d,16010,16010,776,776
UNCHANGED,backend/models/Entry.js,9eed522c1bbded6630be7de2bd3be4ed9fbe7cd5eb055deb4d724a9372d00b06,9eed522c1bbded6630be7de2bd3be4ed9fbe7cd5eb055deb4d724a9372d00b06,24258,24258,1268,1268
UNCHANGED,backend/models/FraudLog.js,8e707ee5d1dd464c02cd7f3bc1a9c6679865343ed4fd76e6794fd21f852d5c19,8e707ee5d1dd464c02cd7f3bc1a9c6679865343ed4fd76e6794fd21f852d5c19,30231,30231,1531,1531
UNCHANGED,backend/models/Group.js,900c53bab06bea563c89b2116a3ab102f598e03f7af8ee258d54a1c896ffeb68,900c53bab06bea563c89b2116a3ab102f598e03f7af8ee258d54a1c896ffeb68,36415,36415,1895,1895
UNCHANGED,backend/models/GroupWallet.js,60a0cc897c82e5148de13827a8fdd7b00acc4ed161e993ae7f98ee78747fd123,60a0cc897c82e5148de13827a8fdd7b00acc4ed161e993ae7f98ee78747fd123,14397,14397,606,606
UNCHANGED,backend/models/IdempotencyKey.js,d35c0782ee3bc4107f24821ab4ff225f514a970b5789b16e68e53045ee95c2b4,d35c0782ee3bc4107f24821ab4ff225f514a970b5789b16e68e53045ee95c2b4,16353,16353,791,791
UNCHANGED,backend/models/KYC.js,727b5a28fbe5f0a6050be074d2131821f3b6a955bf37c0f6aa455537c4c6c766,727b5a28fbe5f0a6050be074d2131821f3b6a955bf37c0f6aa455537c4c6c766,21226,21226,961,961
UNCHANGED,backend/models/Loan.js,f57c88ab26245432491f1da423a6134c77f1061a48a13dcb7ec6137e9413fc68,f57c88ab26245432491f1da423a6134c77f1061a48a13dcb7ec6137e9413fc68,81943,81943,4267,4267
UNCHANGED,backend/models/LoanAudit.js,812802d8c236c50e0de4a1f317ff0d3e7032296d56cdadf4803e521d8896963e,812802d8c236c50e0de4a1f317ff0d3e7032296d56cdadf4803e521d8896963e,28275,28275,1340,1340
UNCHANGED,backend/models/LoanEligibility.js,1ca67680a3eabb0871bbb42ad3be2adaa1906faedce0c463f0364e48afdf1c9e,1ca67680a3eabb0871bbb42ad3be2adaa1906faedce0c463f0364e48afdf1c9e,29212,29212,1323,1323
UNCHANGED,backend/models/LoanRepaymentSchedule.js,5f2b679c2d3601176bbfe07207e1f3f8d5f9eb1a3898dafc0519393a3bbe36b2,5f2b679c2d3601176bbfe07207e1f3f8d5f9eb1a3898dafc0519393a3bbe36b2,32209,32209,1275,1275
UNCHANGED,backend/models/Member.js,34a82609ed7fcc16f5849e657722a1e637d5357661f2a11769f7b00ff064d5a8,34a82609ed7fcc16f5849e657722a1e637d5357661f2a11769f7b00ff064d5a8,44685,44685,2365,2365
UNCHANGED,backend/models/Message.js,ad05616afb8d6effb0ef6c222e3f914afb69fdc16623c200892bdbac894ce4b0,ad05616afb8d6effb0ef6c222e3f914afb69fdc16623c200892bdbac894ce4b0,27943,27943,1279,1279
UNCHANGED,backend/models/MessageAudit.js,38acf6d41be5bc1bc727e55bad5650a7e72ff8d0ab102937e26ca266d9ad449f,38acf6d41be5bc1bc727e55bad5650a7e72ff8d0ab102937e26ca266d9ad449f,23696,23696,1119,1119
UNCHANGED,backend/models/MessageRead.js,c278fea3983041d8bd6e7820a021780af4dcf348a47f2e0e93a79589cc43ead2,c278fea3983041d8bd6e7820a021780af4dcf348a47f2e0e93a79589cc43ead2,26415,26415,1211,1211
UNCHANGED,backend/models/Migration.js,041e089c12e2d1d4f343036f8fdf29164f07322ed91e58762f952f534cf04857,041e089c12e2d1d4f343036f8fdf29164f07322ed91e58762f952f534cf04857,41160,41160,1949,1949
UNCHANGED,backend/models/PasswordResetToken.js,9296c965054ca5da6ac444c43617698b9078357d086e975c3d1d5b82f3022e1b,9296c965054ca5da6ac444c43617698b9078357d086e975c3d1d5b82f3022e1b,31860,31860,1573,1573
UNCHANGED,backend/models/Payment.js,a751c55a5a64e9f5d55b376bc26b18f1c81f10482dedbee20f6f1302cd337e9d,a751c55a5a64e9f5d55b376bc26b18f1c81f10482dedbee20f6f1302cd337e9d,51587,51587,2629,2629
UNCHANGED,backend/models/PaymentIntent.js,a3452dadf5950a17cbf7a21a9f502d6ca3077ead1085285a1b6a6a92b84337e5,a3452dadf5950a17cbf7a21a9f502d6ca3077ead1085285a1b6a6a92b84337e5,53810,53810,2821,2821
UNCHANGED,backend/models/Permission.js,af438fc150d796d3bdb929b128c59a79adfece23365b644b8d662480c08a19cb,af438fc150d796d3bdb929b128c59a79adfece23365b644b8d662480c08a19cb,29915,29915,1509,1509
UNCHANGED,backend/models/Reconciliation.js,49627901fd2ac0f8223741dcdae122c1a4fe8e16460a2c75b1e8c92001e265d6,49627901fd2ac0f8223741dcdae122c1a4fe8e16460a2c75b1e8c92001e265d6,62212,62212,3255,3255
UNCHANGED,backend/models/Referral.js,e7d16885c538ff1d342c1793f8f331504421aee5bddd4ebe847410b00390238b,e7d16885c538ff1d342c1793f8f331504421aee5bddd4ebe847410b00390238b,61085,61085,3199,3199
UNCHANGED,backend/models/ReferralReward.js,a191a82ef31516b7d45561e52e5930c0a1f0b991672bcccee7cdb8def85f842d,a191a82ef31516b7d45561e52e5930c0a1f0b991672bcccee7cdb8def85f842d,137326,137326,5991,5991
UNCHANGED,backend/models/RefreshToken.js,5306e127f5532afdaf97debbfa3a726a262a83ccf42508ab0851be2669fd389b,5306e127f5532afdaf97debbfa3a726a262a83ccf42508ab0851be2669fd389b,45759,45759,2172,2172
UNCHANGED,backend/models/RiskProfile.js,30436c467deddbcc1e7fad434faf60756d80be100e2a7c95e9e503a27dd045ac,30436c467deddbcc1e7fad434faf60756d80be100e2a7c95e9e503a27dd045ac,29972,29972,1476,1476
UNCHANGED,backend/models/Role.js,ce34067baca6cd5a0c79f1535fed66c2e6ae0c082c5edc65672a0c4e85836c9b,ce34067baca6cd5a0c79f1535fed66c2e6ae0c082c5edc65672a0c4e85836c9b,23494,23494,1206,1206
UNCHANGED,backend/models/Savings.js,f7743fd895d5a1ac582bb094e7417a3f3ba2bd6c37f8aab76415fa5e10c06d13,f7743fd895d5a1ac582bb094e7417a3f3ba2bd6c37f8aab76415fa5e10c06d13,55396,55396,2948,2948
UNCHANGED,backend/models/Setting.js,1db16e07569bda5be206195c2f02d9aec7aea7026a302b6cd441210ac38d33a0,1db16e07569bda5be206195c2f02d9aec7aea7026a302b6cd441210ac38d33a0,32416,32416,1381,1381
UNCHANGED,backend/models/SystemSetting.js,8f08aae09fb261d0d31ecc766503a08662140a1fcde5517b70967256c7253888,8f08aae09fb261d0d31ecc766503a08662140a1fcde5517b70967256c7253888,77441,77441,3277,3277
UNCHANGED,backend/models/Transaction.js,ccebbeaf62eb8d4eb3935984ff15fa23a2f16a7fa6098edc485cf2bb7893b4e1,ccebbeaf62eb8d4eb3935984ff15fa23a2f16a7fa6098edc485cf2bb7893b4e1,78681,78681,3842,3842
UNCHANGED,backend/models/User.js,c7df592fdd0308a06f7b42f5d3eff64070404b3fe6b2bbd4424051e6df24cb55,c7df592fdd0308a06f7b42f5d3eff64070404b3fe6b2bbd4424051e6df24cb55,53863,53863,2574,2574
UNCHANGED,backend/models/Wallet.js,12c0e810ef4c9599c77005fe0528e25e806f26c22959831567d41d38c8fb3e03,12c0e810ef4c9599c77005fe0528e25e806f26c22959831567d41d38c8fb3e03,38515,38515,1626,1626
UNCHANGED,backend/models/account.model.js,414788a318192580207e2ee272c0878fec4c824934104091198334efafe9e150,414788a318192580207e2ee272c0878fec4c824934104091198334efafe9e150,52561,52561,2875,2875
UNCHANGED,backend/models/audit/audit.service.js,fd55fcc52bb8dcd21e80f6b55a2b586463854830aa5f90493c5288141ecbeb6c,fd55fcc52bb8dcd21e80f6b55a2b586463854830aa5f90493c5288141ecbeb6c,15656,15656,715,715
UNCHANGED,backend/models/idempotencyRecord.model.js,07b26f34d8db3e4614809d16fe975d36a2f530fe69ee9b75b49c5f7d36ab81e8,07b26f34d8db3e4614809d16fe975d36a2f530fe69ee9b75b49c5f7d36ab81e8,37628,37628,1730,1730
UNCHANGED,backend/models/saasBillingReconciliation.model.js,f1a90494e3fbbb22408413192d1aaf8eb3b8585e6608a35ba044ba9ec29139df,f1a90494e3fbbb22408413192d1aaf8eb3b8585e6608a35ba044ba9ec29139df,31865,31865,1478,1478
UNCHANGED,backend/models/saasBillingShadowExecution.model.js,2d8f9e3cf74b60b62b71b253a24cd1a50346d47c46c6484d6152e09bbdcb01fc,2d8f9e3cf74b60b62b71b253a24cd1a50346d47c46c6484d6152e09bbdcb01fc,13201,13201,671,671
UNCHANGED,backend/modules/airtelMoneyService.js,9ed43ef849ab5b8c40edcbd72f8a37966657370157f6420788cde9c7908599ba,9ed43ef849ab5b8c40edcbd72f8a37966657370157f6420788cde9c7908599ba,69738,69738,3040,3040
UNCHANGED,backend/modules/aml/models/AMLScreeningResult.js,4c7078642fb73392479bd4f91cc8c57f75695ff0c11b7200e00b0d2bdefa6d12,4c7078642fb73392479bd4f91cc8c57f75695ff0c11b7200e00b0d2bdefa6d12,27668,27668,1694,1694
UNCHANGED,backend/modules/amlService.js,e96388e037a44ee6265085dcc6a28785975342df27a48c068fb8f31d311a780d,e96388e037a44ee6265085dcc6a28785975342df27a48c068fb8f31d311a780d,65190,65190,3396,3396
UNCHANGED,backend/modules/audit/audit.model.js,287cedd512adf5f0ef7e6a01d3ceff96f18254570d5f6b06116541a8057917f6,287cedd512adf5f0ef7e6a01d3ceff96f18254570d5f6b06116541a8057917f6,912,912,38,38
UNCHANGED,backend/modules/audit/audit.service.js,f6c4a76ac782f433d1042c6de40540130d8ec5a30ef1e6c68fe25179e01ff700,f6c4a76ac782f433d1042c6de40540130d8ec5a30ef1e6c68fe25179e01ff700,1760,1760,66,66
UNCHANGED,backend/modules/audit/audit.verify.js,fa20657b6a32d2baa9c015c97e064f788ad233b7ea464f88ac23a7b1bc00a6f8,fa20657b6a32d2baa9c015c97e064f788ad233b7ea464f88ac23a7b1bc00a6f8,2004,2004,77,77
UNCHANGED,backend/modules/auth/controllers/AuthController.js,870de5f0e87ab1d6ed43215f5ed5e0c65e5d9d19911e45b063924992bb97c5db,870de5f0e87ab1d6ed43215f5ed5e0c65e5d9d19911e45b063924992bb97c5db,959,959,44,44
UNCHANGED,backend/modules/auth/middleware/authMiddleware.js,8dd2c855c6a8642ffc4e1962bbb00e6b65c43ce2208fd09db1bc099466aabe36,8dd2c855c6a8642ffc4e1962bbb00e6b65c43ce2208fd09db1bc099466aabe36,527,527,23,23
UNCHANGED,backend/modules/auth/middleware/permissionMiddleware.js,82114d7a0253715d5d05f9058d108bfbc9934d20facdcddb5c64869b2f23eeb4,82114d7a0253715d5d05f9058d108bfbc9934d20facdcddb5c64869b2f23eeb4,336,336,16,16
UNCHANGED,backend/modules/auth/models/User.js,0c9a5a5d5cb96847e6462f5632b5ab63098f103923b5586f52f10b0a9f9ef203,0c9a5a5d5cb96847e6462f5632b5ab63098f103923b5586f52f10b0a9f9ef203,1245,1245,62,62
UNCHANGED,backend/modules/auth/routes/auth.routes.js,1bba1fa9667f468584d7b3dc536fb519ea2a487384dc1c90eccf4d32ac2606e3,1bba1fa9667f468584d7b3dc536fb519ea2a487384dc1c90eccf4d32ac2606e3,5110,5110,135,135
UNCHANGED,backend/modules/compliance/middleware/auditMiddleware.js,6dd8814de3ed14589e1d2803035b43385e453251fcceaa93f511480fb4592a51,6dd8814de3ed14589e1d2803035b43385e453251fcceaa93f511480fb4592a51,647,647,28,28
UNCHANGED,backend/modules/compliance/models/AuditLog.js,5a24d810b7a1f100450e865c6f1d4637094103c787ffab51968cde259df762ac,5a24d810b7a1f100450e865c6f1d4637094103c787ffab51968cde259df762ac,1508,1508,60,60
UNCHANGED,backend/modules/compliance/services/AuditService.js,e21f3d510a802a6da85e50c82de0b5215b4b27d5872e630ed157cd37da02d0ac,e21f3d510a802a6da85e50c82de0b5215b4b27d5872e630ed157cd37da02d0ac,403,403,26,26
UNCHANGED,backend/modules/compliance/services/FraudDetectionService.js,ccbff145614825a9c506e8e80553c7d3f1bd49993f2bc1443f01b27d29079d16,ccbff145614825a9c506e8e80553c7d3f1bd49993f2bc1443f01b27d29079d16,642,642,30,30
UNCHANGED,backend/modules/compliance/services/RegulatoryReportService.js,c8457bdcc14cad1c56dc489aac42bb141d253a047756967976dc19f70b556c14,c8457bdcc14cad1c56dc489aac42bb141d253a047756967976dc19f70b556c14,785,785,33,33
UNCHANGED,backend/modules/dashboard/services/dashboardService.js,07630d37aa2daac12a10deec3d6669b5acd6c58c0cde6f19f61ba2b038ea84f4,07630d37aa2daac12a10deec3d6669b5acd6c58c0cde6f19f61ba2b038ea84f4,69619,69619,3679,3679
UNCHANGED,backend/modules/disasterRecoveryService.js,0c830c8f5acea706341285bd9e728b69026c0c1f55aae1c0c1a95363ddbc72da,0c830c8f5acea706341285bd9e728b69026c0c1f55aae1c0c1a95363ddbc72da,70918,70918,3718,3718
UNCHANGED,backend/modules/executiveDashboardService.js,95a5f7cfd9c94faee70ae15aa4e1d50f0533314dea6a30eee733fb87d4feb617,95a5f7cfd9c94faee70ae15aa4e1d50f0533314dea6a30eee733fb87d4feb617,47162,47162,2701,2701
UNCHANGED,backend/modules/finance/__tests__/repayment.int.test.js,92708f712859b614c93ede98d8c8c4b5e58021bb8c5ff52dfaeb55c84a0c07ff,92708f712859b614c93ede98d8c8c4b5e58021bb8c5ff52dfaeb55c84a0c07ff,5365,5365,154,154
UNCHANGED,backend/modules/finance/balance/availableBalance.js,c7691ecd7be5652c900dfe5d08d78a5edfad89926c59cced32cf3be27ff6c388,c7691ecd7be5652c900dfe5d08d78a5edfad89926c59cced32cf3be27ff6c388,302,302,39,39
UNCHANGED,backend/modules/finance/balance/balanceCache.js,eeec8e956c48f131ba20af2ec21eca3f724c043825169b17b065e8da458458e0,eeec8e956c48f131ba20af2ec21eca3f724c043825169b17b065e8da458458e0,781,781,88,88
UNCHANGED,backend/modules/finance/balance/balanceEngine.js,1253906d8c12b64fd1fa15af681234f9f863849f292834dc13cb7582fa5177bf,1253906d8c12b64fd1fa15af681234f9f863849f292834dc13cb7582fa5177bf,5792,5792,461,461
UNCHANGED,backend/modules/finance/balance/balanceSnapshot.js,7008c861d9c952ff5f520b3e0c427d82a49a81ec8dcce23711400e1f299c809e,7008c861d9c952ff5f520b3e0c427d82a49a81ec8dcce23711400e1f299c809e,396,396,43,43
UNCHANGED,backend/modules/finance/balance/ledgerBalance.js,7174f9365e92d850f15011c460ba010194b1fc0f00765b30989520b5e428280c,7174f9365e92d850f15011c460ba010194b1fc0f00765b30989520b5e428280c,726,726,69,69
UNCHANGED,backend/modules/finance/balance/pendingBalance.js,9b4943e967b2f0269ff12d659b6678a64e36b1ade6b90521bea32f335494c934,9b4943e967b2f0269ff12d659b6678a64e36b1ade6b90521bea32f335494c934,613,613,60,60
UNCHANGED,backend/modules/finance/balance/reconciliationEngine.js,badbbe6eff0ac5cb62c4a864d71cb910f2cd8030c5edbb2fafbe58c185a5ea09,badbbe6eff0ac5cb62c4a864d71cb910f2cd8030c5edbb2fafbe58c185a5ea09,1038,1038,95,95
UNCHANGED,backend/modules/finance/balance/reservedBalance.js,3fa10f3c93a6249a42e2d8398cc6caa6bd1c2a6bceafca4555422f2bd15cefeb,3fa10f3c93a6249a42e2d8398cc6caa6bd1c2a6bceafca4555422f2bd15cefeb,620,620,60,60
UNCHANGED,backend/modules/finance/controllers/LoanController.js,52e6e4618cd6f982cca9e1d1e914a60fe4234bd3d819370f72df65740af43152,52e6e4618cd6f982cca9e1d1e914a60fe4234bd3d819370f72df65740af43152,1688,1688,82,82
UNCHANGED,backend/modules/finance/controllers/financeController.js,e3b0c44298fc1c149afbf4c8996fb92427ae41e4649b934ca495991b7852b855,e3b0c44298fc1c149afbf4c8996fb92427ae41e4649b934ca495991b7852b855,0,0,0,0
UNCHANGED,backend/modules/finance/controllers/repaymentController.js,4d9c11fc784abbf36dae5c558c6223fbc8e5620e9ae88bc5d4acd9541d6164a0,4d9c11fc784abbf36dae5c558c6223fbc8e5620e9ae88bc5d4acd9541d6164a0,3791,3791,95,95
UNCHANGED,backend/modules/finance/jobs/airtelSettlementJob.js,c41cf245088c7ee97b1dba6420b0ac4c452eb1f328200ff9b3289bcce6b25f6d,c41cf245088c7ee97b1dba6420b0ac4c452eb1f328200ff9b3289bcce6b25f6d,7545,7545,540,540
UNCHANGED,backend/modules/finance/jobs/auditVerificationJob.js,d48152ffa6b0831dd92102805956aa26a3bb1792b062d9bae41c96afdcd8dc7d,d48152ffa6b0831dd92102805956aa26a3bb1792b062d9bae41c96afdcd8dc7d,8535,8535,626,626
UNCHANGED,backend/modules/finance/jobs/dividendDistributionJob.js,1d2f41f2545a83403c625fef3b311b902d977061535b225f26824aa4eebcea04,1d2f41f2545a83403c625fef3b311b902d977061535b225f26824aa4eebcea04,7255,7255,515,515
UNCHANGED,backend/modules/finance/jobs/interestAccrualJob.js,fa4a8ca7bdeb2ef2d530994a14d81331769bf21fcc5ec796c8797a96d0e65d3c,fa4a8ca7bdeb2ef2d530994a14d81331769bf21fcc5ec796c8797a96d0e65d3c,5688,5688,351,351
UNCHANGED,backend/modules/finance/jobs/ledgerIntegrityJob.js,ce04f4dbb97204a70036ab5e9f8c1272ca9e20917097c4c82b38bfa3f15efcb1,ce04f4dbb97204a70036ab5e9f8c1272ca9e20917097c4c82b38bfa3f15efcb1,10136,10136,746,746
UNCHANGED,backend/modules/finance/jobs/loanDelinquencyJob.js,1e812d0e9f755b87f9b60afca7043785d33553dec0931f500c48263483713924,1e812d0e9f755b87f9b60afca7043785d33553dec0931f500c48263483713924,7293,7293,528,528
UNCHANGED,backend/modules/finance/jobs/loanProvisioningJob.js,ce996873dd5a73ec61ae16364abf68431642f2508b072958efb45e4bb0a8e39c,ce996873dd5a73ec61ae16364abf68431642f2508b072958efb45e4bb0a8e39c,7221,7221,526,526
UNCHANGED,backend/modules/finance/jobs/momoSettlementJob.js,8d23697bd6c8c9c56e7279812682718997318c98e786db312f84a1a7cc59d313,8d23697bd6c8c9c56e7279812682718997318c98e786db312f84a1a7cc59d313,7561,7561,543,543
UNCHANGED,backend/modules/finance/jobs/portfolioAnalyticsJob.js,51dfbfac59459104fbcaca98a8e631e195138740a6419b7a5ea121a3b750a708,51dfbfac59459104fbcaca98a8e631e195138740a6419b7a5ea121a3b750a708,8993,8993,623,623
UNCHANGED,backend/modules/finance/jobs/reconciliationJob.js,225148ee5a671783a7b858b5b1cc5066293021a3b54a98ac5c090abd283fdbe8,225148ee5a671783a7b858b5b1cc5066293021a3b54a98ac5c090abd283fdbe8,5744,5744,380,380
UNCHANGED,backend/modules/finance/jobs/regulatoryReportingJob.js,13ac6ae9e9c497f26be538350d69db436a491034c175220c2d922db8b84f6a97,13ac6ae9e9c497f26be538350d69db436a491034c175220c2d922db8b84f6a97,8550,8550,583,583
UNCHANGED,backend/modules/finance/jobs/statementGenerationJob.js,3789554b38fc010d6ad5a7cb212edfb8eaf65c02b705962a90468a4bdc000cb8,3789554b38fc010d6ad5a7cb212edfb8eaf65c02b705962a90468a4bdc000cb8,6483,6483,421,421
UNCHANGED,backend/modules/finance/jobs/yearEndClosingJob.js,b67d807fd2a6d4feb35d98c5115b19ef20c1bf598450eb6cc5e2182ccca01660,b67d807fd2a6d4feb35d98c5115b19ef20c1bf598450eb6cc5e2182ccca01660,7932,7932,554,554
UNCHANGED,backend/modules/finance/ledger/audit/ledgerAudit.js,e3b0c44298fc1c149afbf4c8996fb92427ae41e4649b934ca495991b7852b855,e3b0c44298fc1c149afbf4c8996fb92427ae41e4649b934ca495991b7852b855,0,0,0,0
UNCHANGED,backend/modules/finance/ledger/audit/periodAudit.js,e3b0c44298fc1c149afbf4c8996fb92427ae41e4649b934ca495991b7852b855,e3b0c44298fc1c149afbf4c8996fb92427ae41e4649b934ca495991b7852b855,0,0,0,0
UNCHANGED,backend/modules/finance/ledger/audit/postingAudit.js,e3b0c44298fc1c149afbf4c8996fb92427ae41e4649b934ca495991b7852b855,e3b0c44298fc1c149afbf4c8996fb92427ae41e4649b934ca495991b7852b855,0,0,0,0
UNCHANGED,backend/modules/finance/ledger/audit/reversalAudit.js,e3b0c44298fc1c149afbf4c8996fb92427ae41e4649b934ca495991b7852b855,e3b0c44298fc1c149afbf4c8996fb92427ae41e4649b934ca495991b7852b855,0,0,0,0
UNCHANGED,backend/modules/finance/ledger/cache/balanceCache.js,e3b0c44298fc1c149afbf4c8996fb92427ae41e4649b934ca495991b7852b855,e3b0c44298fc1c149afbf4c8996fb92427ae41e4649b934ca495991b7852b855,0,0,0,0
UNCHANGED,backend/modules/finance/ledger/cache/ledgerCache.js,e3b0c44298fc1c149afbf4c8996fb92427ae41e4649b934ca495991b7852b855,e3b0c44298fc1c149afbf4c8996fb92427ae41e4649b934ca495991b7852b855,0,0,0,0
UNCHANGED,backend/modules/finance/ledger/cache/snapshotCache.js,e3b0c44298fc1c149afbf4c8996fb92427ae41e4649b934ca495991b7852b855,e3b0c44298fc1c149afbf4c8996fb92427ae41e4649b934ca495991b7852b855,0,0,0,0
UNCHANGED,backend/modules/finance/ledger/core/accountLockService.js,e3b0c44298fc1c149afbf4c8996fb92427ae41e4649b934ca495991b7852b855,e3b0c44298fc1c149afbf4c8996fb92427ae41e4649b934ca495991b7852b855,0,0,0,0
UNCHANGED,backend/modules/finance/ledger/core/adjustmentService.js,e3b0c44298fc1c149afbf4c8996fb92427ae41e4649b934ca495991b7852b855,e3b0c44298fc1c149afbf4c8996fb92427ae41e4649b934ca495991b7852b855,0,0,0,0
UNCHANGED,backend/modules/finance/ledger/core/balanceService.js,e3b0c44298fc1c149afbf4c8996fb92427ae41e4649b934ca495991b7852b855,e3b0c44298fc1c149afbf4c8996fb92427ae41e4649b934ca495991b7852b855,0,0,0,0
UNCHANGED,backend/modules/finance/ledger/core/fiscalCalendarService.js,e3b0c44298fc1c149afbf4c8996fb92427ae41e4649b934ca495991b7852b855,e3b0c44298fc1c149afbf4c8996fb92427ae41e4649b934ca495991b7852b855,0,0,0,0
UNCHANGED,backend/modules/finance/ledger/core/journalService.js,e3b0c44298fc1c149afbf4c8996fb92427ae41e4649b934ca495991b7852b855,e3b0c44298fc1c149afbf4c8996fb92427ae41e4649b934ca495991b7852b855,0,0,0,0
UNCHANGED,backend/modules/finance/ledger/core/ledgerEngine.js,53194ffb74b1189ccdbdf4ea17274f7847c451dfb21f46247544a77e08f4f922,53194ffb74b1189ccdbdf4ea17274f7847c451dfb21f46247544a77e08f4f922,55075,55075,2863,2863
UNCHANGED,backend/modules/finance/ledger/core/periodCloseService.js,e3b0c44298fc1c149afbf4c8996fb92427ae41e4649b934ca495991b7852b855,e3b0c44298fc1c149afbf4c8996fb92427ae41e4649b934ca495991b7852b855,0,0,0,0
UNCHANGED,backend/modules/finance/ledger/core/postingEngine.js,e3b0c44298fc1c149afbf4c8996fb92427ae41e4649b934ca495991b7852b855,e3b0c44298fc1c149afbf4c8996fb92427ae41e4649b934ca495991b7852b855,0,0,0,0
UNCHANGED,backend/modules/finance/ledger/core/reversalService.js,e3b0c44298fc1c149afbf4c8996fb92427ae41e4649b934ca495991b7852b855,e3b0c44298fc1c149afbf4c8996fb92427ae41e4649b934ca495991b7852b855,0,0,0,0
UNCHANGED,backend/modules/finance/ledger/core/snapshotService.js,e3b0c44298fc1c149afbf4c8996fb92427ae41e4649b934ca495991b7852b855,e3b0c44298fc1c149afbf4c8996fb92427ae41e4649b934ca495991b7852b855,0,0,0,0
UNCHANGED,backend/modules/finance/ledger/events/balanceEvents.js,e3b0c44298fc1c149afbf4c8996fb92427ae41e4649b934ca495991b7852b855,e3b0c44298fc1c149afbf4c8996fb92427ae41e4649b934ca495991b7852b855,0,0,0,0
UNCHANGED,backend/modules/finance/ledger/events/ledgerEvents.js,e3b0c44298fc1c149afbf4c8996fb92427ae41e4649b934ca495991b7852b855,e3b0c44298fc1c149afbf4c8996fb92427ae41e4649b934ca495991b7852b855,0,0,0,0
UNCHANGED,backend/modules/finance/ledger/events/periodEvents.js,e3b0c44298fc1c149afbf4c8996fb92427ae41e4649b934ca495991b7852b855,e3b0c44298fc1c149afbf4c8996fb92427ae41e4649b934ca495991b7852b855,0,0,0,0
UNCHANGED,backend/modules/finance/ledger/events/reversalEvents.js,e3b0c44298fc1c149afbf4c8996fb92427ae41e4649b934ca495991b7852b855,e3b0c44298fc1c149afbf4c8996fb92427ae41e4649b934ca495991b7852b855,0,0,0,0
UNCHANGED,backend/modules/finance/ledger/events/snapshotEvents.js,e3b0c44298fc1c149afbf4c8996fb92427ae41e4649b934ca495991b7852b855,e3b0c44298fc1c149afbf4c8996fb92427ae41e4649b934ca495991b7852b855,0,0,0,0
UNCHANGED,backend/modules/finance/ledger/jobs/balanceRebuildJob.js,e3b0c44298fc1c149afbf4c8996fb92427ae41e4649b934ca495991b7852b855,e3b0c44298fc1c149afbf4c8996fb92427ae41e4649b934ca495991b7852b855,0,0,0,0
UNCHANGED,backend/modules/finance/ledger/jobs/dailySnapshotJob.js,e3b0c44298fc1c149afbf4c8996fb92427ae41e4649b934ca495991b7852b855,e3b0c44298fc1c149afbf4c8996fb92427ae41e4649b934ca495991b7852b855,0,0,0,0
UNCHANGED,backend/modules/finance/ledger/jobs/ledgerIntegrityJob.js,e3b0c44298fc1c149afbf4c8996fb92427ae41e4649b934ca495991b7852b855,e3b0c44298fc1c149afbf4c8996fb92427ae41e4649b934ca495991b7852b855,0,0,0,0
UNCHANGED,backend/modules/finance/ledger/jobs/monthlySnapshotJob.js,e3b0c44298fc1c149afbf4c8996fb92427ae41e4649b934ca495991b7852b855,e3b0c44298fc1c149afbf4c8996fb92427ae41e4649b934ca495991b7852b855,0,0,0,0
UNCHANGED,backend/modules/finance/ledger/jobs/periodCloseJob.js,e3b0c44298fc1c149afbf4c8996fb92427ae41e4649b934ca495991b7852b855,e3b0c44298fc1c149afbf4c8996fb92427ae41e4649b934ca495991b7852b855,0,0,0,0
UNCHANGED,backend/modules/finance/ledger/jobs/yearlySnapshotJob.js,e3b0c44298fc1c149afbf4c8996fb92427ae41e4649b934ca495991b7852b855,e3b0c44298fc1c149afbf4c8996fb92427ae41e4649b934ca495991b7852b855,0,0,0,0
UNCHANGED,backend/modules/finance/ledger/ledgerEngine.js,a252517802213faddbed1b9065cde63271ff6bcd24f96dd0b3914be7fe2559c3,a252517802213faddbed1b9065cde63271ff6bcd24f96dd0b3914be7fe2559c3,108739,108739,5976,5976
UNCHANGED,backend/modules/finance/ledger/metrics/balanceMetrics.js,e3b0c44298fc1c149afbf4c8996fb92427ae41e4649b934ca495991b7852b855,e3b0c44298fc1c149afbf4c8996fb92427ae41e4649b934ca495991b7852b855,0,0,0,0
UNCHANGED,backend/modules/finance/ledger/metrics/ledgerMetrics.js,e3b0c44298fc1c149afbf4c8996fb92427ae41e4649b934ca495991b7852b855,e3b0c44298fc1c149afbf4c8996fb92427ae41e4649b934ca495991b7852b855,0,0,0,0
UNCHANGED,backend/modules/finance/ledger/metrics/periodMetrics.js,e3b0c44298fc1c149afbf4c8996fb92427ae41e4649b934ca495991b7852b855,e3b0c44298fc1c149afbf4c8996fb92427ae41e4649b934ca495991b7852b855,0,0,0,0
UNCHANGED,backend/modules/finance/ledger/metrics/snapshotMetrics.js,e3b0c44298fc1c149afbf4c8996fb92427ae41e4649b934ca495991b7852b855,e3b0c44298fc1c149afbf4c8996fb92427ae41e4649b934ca495991b7852b855,0,0,0,0
UNCHANGED,backend/modules/finance/ledger/policies/balancePolicy.js,e3b0c44298fc1c149afbf4c8996fb92427ae41e4649b934ca495991b7852b855,e3b0c44298fc1c149afbf4c8996fb92427ae41e4649b934ca495991b7852b855,0,0,0,0
UNCHANGED,backend/modules/finance/ledger/policies/closePolicy.js,e3b0c44298fc1c149afbf4c8996fb92427ae41e4649b934ca495991b7852b855,e3b0c44298fc1c149afbf4c8996fb92427ae41e4649b934ca495991b7852b855,0,0,0,0
UNCHANGED,backend/modules/finance/ledger/policies/postingPolicy.js,e3b0c44298fc1c149afbf4c8996fb92427ae41e4649b934ca495991b7852b855,e3b0c44298fc1c149afbf4c8996fb92427ae41e4649b934ca495991b7852b855,0,0,0,0
UNCHANGED,backend/modules/finance/ledger/policies/reversalPolicy.js,e3b0c44298fc1c149afbf4c8996fb92427ae41e4649b934ca495991b7852b855,e3b0c44298fc1c149afbf4c8996fb92427ae41e4649b934ca495991b7852b855,0,0,0,0
UNCHANGED,backend/modules/finance/ledger/policies/snapshotPolicy.js,e3b0c44298fc1c149afbf4c8996fb92427ae41e4649b934ca495991b7852b855,e3b0c44298fc1c149afbf4c8996fb92427ae41e4649b934ca495991b7852b855,0,0,0,0
UNCHANGED,backend/modules/finance/ledger/postingEngine.js,460e1cf6d0ade325a08bd4e5c409b2cbb570c64a96e332024c874ba17d460811,460e1cf6d0ade325a08bd4e5c409b2cbb570c64a96e332024c874ba17d460811,93563,93563,5166,5166
UNCHANGED,backend/modules/finance/ledger/repositories/auditRepository.js,e3b0c44298fc1c149afbf4c8996fb92427ae41e4649b934ca495991b7852b855,e3b0c44298fc1c149afbf4c8996fb92427ae41e4649b934ca495991b7852b855,0,0,0,0
UNCHANGED,backend/modules/finance/ledger/repositories/balanceRepository.js,e3b0c44298fc1c149afbf4c8996fb92427ae41e4649b934ca495991b7852b855,e3b0c44298fc1c149afbf4c8996fb92427ae41e4649b934ca495991b7852b855,0,0,0,0
UNCHANGED,backend/modules/finance/ledger/repositories/journalRepository.js,e3b0c44298fc1c149afbf4c8996fb92427ae41e4649b934ca495991b7852b855,e3b0c44298fc1c149afbf4c8996fb92427ae41e4649b934ca495991b7852b855,0,0,0,0
UNCHANGED,backend/modules/finance/ledger/repositories/ledgerRepository.js,e3b0c44298fc1c149afbf4c8996fb92427ae41e4649b934ca495991b7852b855,e3b0c44298fc1c149afbf4c8996fb92427ae41e4649b934ca495991b7852b855,0,0,0,0
UNCHANGED,backend/modules/finance/ledger/repositories/periodRepository.js,e3b0c44298fc1c149afbf4c8996fb92427ae41e4649b934ca495991b7852b855,e3b0c44298fc1c149afbf4c8996fb92427ae41e4649b934ca495991b7852b855,0,0,0,0
UNCHANGED,backend/modules/finance/ledger/repositories/snapshotRepository.js,e3b0c44298fc1c149afbf4c8996fb92427ae41e4649b934ca495991b7852b855,e3b0c44298fc1c149afbf4c8996fb92427ae41e4649b934ca495991b7852b855,0,0,0,0
UNCHANGED,backend/modules/finance/ledger/reversalService.js,27f5243e317350e9cf611c14774e2831cf2824e2329e719af092c9bc7651dcfb,27f5243e317350e9cf611c14774e2831cf2824e2329e719af092c9bc7651dcfb,96534,96534,5274,5274
UNCHANGED,backend/modules/finance/ledger/tests/balanceService.test.js,e3b0c44298fc1c149afbf4c8996fb92427ae41e4649b934ca495991b7852b855,e3b0c44298fc1c149afbf4c8996fb92427ae41e4649b934ca495991b7852b855,0,0,0,0
UNCHANGED,backend/modules/finance/ledger/tests/ledgerEngine.test.js,e3b0c44298fc1c149afbf4c8996fb92427ae41e4649b934ca495991b7852b855,e3b0c44298fc1c149afbf4c8996fb92427ae41e4649b934ca495991b7852b855,0,0,0,0
UNCHANGED,backend/modules/finance/ledger/tests/ledgerIntegrity.test.js,e3b0c44298fc1c149afbf4c8996fb92427ae41e4649b934ca495991b7852b855,e3b0c44298fc1c149afbf4c8996fb92427ae41e4649b934ca495991b7852b855,0,0,0,0
UNCHANGED,backend/modules/finance/ledger/tests/periodCloseService.test.js,e3b0c44298fc1c149afbf4c8996fb92427ae41e4649b934ca495991b7852b855,e3b0c44298fc1c149afbf4c8996fb92427ae41e4649b934ca495991b7852b855,0,0,0,0
UNCHANGED,backend/modules/finance/ledger/tests/reversalService.test.js,e3b0c44298fc1c149afbf4c8996fb92427ae41e4649b934ca495991b7852b855,e3b0c44298fc1c149afbf4c8996fb92427ae41e4649b934ca495991b7852b855,0,0,0,0
UNCHANGED,backend/modules/finance/ledger/tests/snapshotService.test.js,e3b0c44298fc1c149afbf4c8996fb92427ae41e4649b934ca495991b7852b855,e3b0c44298fc1c149afbf4c8996fb92427ae41e4649b934ca495991b7852b855,0,0,0,0
UNCHANGED,backend/modules/finance/ledger/utils/balanceMath.js,e3b0c44298fc1c149afbf4c8996fb92427ae41e4649b934ca495991b7852b855,e3b0c44298fc1c149afbf4c8996fb92427ae41e4649b934ca495991b7852b855,0,0,0,0
UNCHANGED,backend/modules/finance/ledger/utils/dateUtils.js,e3b0c44298fc1c149afbf4c8996fb92427ae41e4649b934ca495991b7852b855,e3b0c44298fc1c149afbf4c8996fb92427ae41e4649b934ca495991b7852b855,0,0,0,0
UNCHANGED,backend/modules/finance/ledger/utils/hashChain.js,e3b0c44298fc1c149afbf4c8996fb92427ae41e4649b934ca495991b7852b855,e3b0c44298fc1c149afbf4c8996fb92427ae41e4649b934ca495991b7852b855,0,0,0,0
UNCHANGED,backend/modules/finance/ledger/utils/journalNumberGenerator.js,e3b0c44298fc1c149afbf4c8996fb92427ae41e4649b934ca495991b7852b855,e3b0c44298fc1c149afbf4c8996fb92427ae41e4649b934ca495991b7852b855,0,0,0,0
UNCHANGED,backend/modules/finance/ledger/utils/reconciliationMath.js,e3b0c44298fc1c149afbf4c8996fb92427ae41e4649b934ca495991b7852b855,e3b0c44298fc1c149afbf4c8996fb92427ae41e4649b934ca495991b7852b855,0,0,0,0
UNCHANGED,backend/modules/finance/ledger/validators/accountValidator.js,e3b0c44298fc1c149afbf4c8996fb92427ae41e4649b934ca495991b7852b855,e3b0c44298fc1c149afbf4c8996fb92427ae41e4649b934ca495991b7852b855,0,0,0,0
UNCHANGED,backend/modules/finance/ledger/validators/balanceValidator.js,e3b0c44298fc1c149afbf4c8996fb92427ae41e4649b934ca495991b7852b855,e3b0c44298fc1c149afbf4c8996fb92427ae41e4649b934ca495991b7852b855,0,0,0,0
UNCHANGED,backend/modules/finance/ledger/validators/journalValidator.js,e3b0c44298fc1c149afbf4c8996fb92427ae41e4649b934ca495991b7852b855,e3b0c44298fc1c149afbf4c8996fb92427ae41e4649b934ca495991b7852b855,0,0,0,0
UNCHANGED,backend/modules/finance/ledger/validators/periodValidator.js,e3b0c44298fc1c149afbf4c8996fb92427ae41e4649b934ca495991b7852b855,e3b0c44298fc1c149afbf4c8996fb92427ae41e4649b934ca495991b7852b855,0,0,0,0
UNCHANGED,backend/modules/finance/ledger/validators/postingValidator.js,e3b0c44298fc1c149afbf4c8996fb92427ae41e4649b934ca495991b7852b855,e3b0c44298fc1c149afbf4c8996fb92427ae41e4649b934ca495991b7852b855,0,0,0,0
UNCHANGED,backend/modules/finance/ledger/validators/reversalValidator.js,e3b0c44298fc1c149afbf4c8996fb92427ae41e4649b934ca495991b7852b855,e3b0c44298fc1c149afbf4c8996fb92427ae41e4649b934ca495991b7852b855,0,0,0,0
UNCHANGED,backend/modules/finance/middleware/loanWorkflowGuard.js,68e4a836525cc3d58d8833456254f0cd8da57e779383df22ebfad030d55166f5,68e4a836525cc3d58d8833456254f0cd8da57e779383df22ebfad030d55166f5,3589,3589,280,280
UNCHANGED,backend/modules/finance/middleware/validateLoan.js,c23818e94db65dda46fe91c2c42a2cf10e465297c1759f57d253c9069f9dbed9,c23818e94db65dda46fe91c2c42a2cf10e465297c1759f57d253c9069f9dbed9,878,878,35,35
UNCHANGED,backend/modules/finance/models/Account.js,f2278b0468b221609e66ee949f2f7ca7da8b6e0f7b9897c109f33e6d34b04fab,f2278b0468b221609e66ee949f2f7ca7da8b6e0f7b9897c109f33e6d34b04fab,7188,7188,473,473
UNCHANGED,backend/modules/finance/models/Journal.js,d39cfe31a774df873731b7912541614d8b4888c848abef45409c20fedaca9bb9,d39cfe31a774df873731b7912541614d8b4888c848abef45409c20fedaca9bb9,8042,8042,261,261
UNCHANGED,backend/modules/finance/models/JournalEntry.js,818bde001d61a102655931f029dc2750be875d03926c7ee9cd035d9b5c262957,818bde001d61a102655931f029dc2750be875d03926c7ee9cd035d9b5c262957,6138,6138,511,511
UNCHANGED,backend/modules/finance/models/LedgerEntry.js,8aae0c98c2b7e7ac123ef8202ffb020741b532fcbb93a5acd093d96705ccd027,8aae0c98c2b7e7ac123ef8202ffb020741b532fcbb93a5acd093d96705ccd027,8959,8959,342,342
UNCHANGED,backend/modules/finance/models/Loan.js,978fbe443b9edad2502f1b5275c3f4e55173ab7a4f1de9d6e6261667f564a298,978fbe443b9edad2502f1b5275c3f4e55173ab7a4f1de9d6e6261667f564a298,3796,3796,142,142
UNCHANGED,backend/modules/finance/models/LoanApproval.js,26a7a7f60adc30db511e5260f8acd21cc369bc69aaf2d01c4c0b3f2fcd4ded7e,26a7a7f60adc30db511e5260f8acd21cc369bc69aaf2d01c4c0b3f2fcd4ded7e,3223,3223,283,283
UNCHANGED,backend/modules/finance/models/LoanRepayment.js,8a1e898f2773e9ffaeb1682805f1a0afca093b297e459a3dbe0d735bd13e456d,8a1e898f2773e9ffaeb1682805f1a0afca093b297e459a3dbe0d735bd13e456d,811,811,27,27
UNCHANGED,backend/modules/finance/models/LoanWorkflowHistory.js,08d8e69208bf5d910ab9906cc2426b8a1ebdfebf48ec8bd823b73ed5c97c9b3b,08d8e69208bf5d910ab9906cc2426b8a1ebdfebf48ec8bd823b73ed5c97c9b3b,2147,2147,126,126
UNCHANGED,backend/modules/finance/models/Statement.js,901f11b9c68b7383909593ec4b23921a3502e84b9987e7f64b86ce8473942dfc,901f11b9c68b7383909593ec4b23921a3502e84b9987e7f64b86ce8473942dfc,71201,71201,3158,3158
UNCHANGED,backend/modules/finance/models/StatementBatch.js,c46e146e86b69071123776033ebce51b6eee6612c3d122612e9be60b62d3b3f8,c46e146e86b69071123776033ebce51b6eee6612c3d122612e9be60b62d3b3f8,14168,14168,658,658
UNCHANGED,backend/modules/finance/models/StatementProcessingOperation.js,925c69eb242dde178b4c41fdc448c74628bb890f35882c34bc9b66cbc2fa9a95,925c69eb242dde178b4c41fdc448c74628bb890f35882c34bc9b66cbc2fa9a95,7236,7236,323,323
UNCHANGED,backend/modules/finance/models/Transaction.js,29327eda2d15e56512ef4fd57dd4fea173993ee0ba5540c42b57ec5c20f4f091,29327eda2d15e56512ef4fd57dd4fea173993ee0ba5540c42b57ec5c20f4f091,10376,10376,640,640
UNCHANGED,backend/modules/finance/observability/financeTracingAdapter.js,c6481ee8f68fe15d41ab43796ac382a29d2f6e9779c2a97eefef583bdda06b0e,c6481ee8f68fe15d41ab43796ac382a29d2f6e9779c2a97eefef583bdda06b0e,79589,79589,3439,3439
UNCHANGED,backend/modules/finance/observability/index.js,ba6531a8b7a31c55205bc6e2ac135a4f214a2cdbf58783407a1e468ea87a6758,ba6531a8b7a31c55205bc6e2ac135a4f214a2cdbf58783407a1e468ea87a6758,40048,40048,2197,2197
UNCHANGED,backend/modules/finance/observability/ledgerTracing.js,2fcaf14ce9997b715a9f7772d056fc10c9ba887a6fd3ecba66008623c4131df9,2fcaf14ce9997b715a9f7772d056fc10c9ba887a6fd3ecba66008623c4131df9,48404,48404,2940,2940
UNCHANGED,backend/modules/finance/observability/reconciliationTracing.js,21242e830ceaf279c1742938253e7bcc5c4f8028fd5f53ab6e5204f67ca701e5,21242e830ceaf279c1742938253e7bcc5c4f8028fd5f53ab6e5204f67ca701e5,63765,63765,3885,3885
UNCHANGED,backend/modules/finance/observability/statementTracing.js,a76888bd4e3f877df7cfd6afc4e679ca6777b4c6967aca0aa4e21460cc497c56,a76888bd4e3f877df7cfd6afc4e679ca6777b4c6967aca0aa4e21460cc497c56,68400,68400,3062,3062
UNCHANGED,backend/modules/finance/period/adjustmentPeriod.js,85dbdc0fab8aa9a10d2d7344abfb8211b27360baf78138cbc961ecddd2884826,85dbdc0fab8aa9a10d2d7344abfb8211b27360baf78138cbc961ecddd2884826,21423,21423,1020,1020
UNCHANGED,backend/modules/finance/period/fiscalCalendar.js,3022d05d9174622fb6f82355ea19e5606e6f7fac1e9645aa62b94b40cc008e08,3022d05d9174622fb6f82355ea19e5606e6f7fac1e9645aa62b94b40cc008e08,23826,23826,1080,1080
UNCHANGED,backend/modules/finance/period/periodCloseService.js,a65fb51645410f031ceff7fcf5fc5318fe6fbb3427b2d01373d956964286e0b5,a65fb51645410f031ceff7fcf5fc5318fe6fbb3427b2d01373d956964286e0b5,32559,32559,1326,1326
UNCHANGED,backend/modules/finance/period/periodEngine.js,c9d2ba867c0b50ac63a34d3c3e387b9e20084622034e289dca6b19acd7054980,c9d2ba867c0b50ac63a34d3c3e387b9e20084622034e289dca6b19acd7054980,52977,52977,2245,2245
UNCHANGED,backend/modules/finance/period/periodLockService.js,7a4ff38642151e5cc615ce6bfa6b69a86d9e9aaf00f25da20cb0dacaa1064a95,7a4ff38642151e5cc615ce6bfa6b69a86d9e9aaf00f25da20cb0dacaa1064a95,34204,34204,1494,1494
UNCHANGED,backend/modules/finance/period/periodValidator.js,fb4354c05855db66d9bd4ed093642623d5a135ac6fbce15bfaa6effaed3cbdaf,fb4354c05855db66d9bd4ed093642623d5a135ac6fbce15bfaa6effaed3cbdaf,22574,22574,1028,1028
UNCHANGED,backend/modules/finance/period/reopenWorkflow.js,f3b25d7eeda8937e3bfbcc9ae0c19535aed552cc74cdceb67683778e636d8941,f3b25d7eeda8937e3bfbcc9ae0c19535aed552cc74cdceb67683778e636d8941,29650,29650,1370,1370
UNCHANGED,backend/modules/finance/repositories/StatementBatchRepository.js,671af97f6f9daa9d7149d34eb6cc6573985ae4d1aeeccc0070c3d55807b2aa4f,671af97f6f9daa9d7149d34eb6cc6573985ae4d1aeeccc0070c3d55807b2aa4f,64124,64124,2885,2885
UNCHANGED,backend/modules/finance/repositories/StatementProcessingOperationRepository.js,6db833e6796e9533ad1f2b07000e7ff30418f276dffde009da3f51d772efb810,6db833e6796e9533ad1f2b07000e7ff30418f276dffde009da3f51d772efb810,50938,50938,2218,2218
UNCHANGED,backend/modules/finance/repositories/StatementRepository.js,bf5984403b6d1aa6408fc8e770227d8b625deb787c25e2db3eb95ccf2dc196e1,bf5984403b6d1aa6408fc8e770227d8b625deb787c25e2db3eb95ccf2dc196e1,58848,58848,2584,2584
UNCHANGED,backend/modules/finance/reversal/adjustmentManager.js,574de494a5f30a87652b49035802e7ff7654ef969970ebc6e0a63df42c31191a,574de494a5f30a87652b49035802e7ff7654ef969970ebc6e0a63df42c31191a,51246,51246,2217,2217
UNCHANGED,backend/modules/finance/reversal/compensationBuilder.js,6e11183c0e9bcdfd97f8c34c39ac6b78e6ce759952305f1eeb81ffff0579ed6e,6e11183c0e9bcdfd97f8c34c39ac6b78e6ce759952305f1eeb81ffff0579ed6e,37121,37121,1658,1658
UNCHANGED,backend/modules/finance/reversal/loanDisbursementReversal.js,00d6110a32f0ad981b429e1cef8b3735b015c1deb848711365dc75ad2a716759,00d6110a32f0ad981b429e1cef8b3735b015c1deb848711365dc75ad2a716759,45971,45971,1971,1971
UNCHANGED,backend/modules/finance/reversal/refundProcessor.js,f2e87a3d9125877369d300d0d0901b50c7b65576b444c7e2c86fc4d6aa5e654e,f2e87a3d9125877369d300d0d0901b50c7b65576b444c7e2c86fc4d6aa5e654e,42897,42897,1867,1867
UNCHANGED,backend/modules/finance/reversal/reversalEngine.js,f57ed9c61351b1faed47ced63ee665c8e99d23a3106f18bd7f4d9855516c7a84,f57ed9c61351b1faed47ced63ee665c8e99d23a3106f18bd7f4d9855516c7a84,38193,38193,1832,1832
UNCHANGED,backend/modules/finance/reversal/settlementReversal.js,3c5cf056d4e8e519059eceec7f7457c1d91216cef740ed5b8e63921bf2ffcabe,3c5cf056d4e8e519059eceec7f7457c1d91216cef740ed5b8e63921bf2ffcabe,48616,48616,2090,2090
UNCHANGED,backend/modules/finance/routes.js,603fad625e71b2dec228e18e5cd4367791e736f70e47eeb801a591e67c7e0017,603fad625e71b2dec228e18e5cd4367791e736f70e47eeb801a591e67c7e0017,29771,29771,1348,1348
UNCHANGED,backend/modules/finance/routes/financeRoutes.js,955b89f29266a9d3b01d8e445763097bf8488944708cd3884ebc01f1d6ca418b,955b89f29266a9d3b01d8e445763097bf8488944708cd3884ebc01f1d6ca418b,84077,84077,3550,3550
UNCHANGED,backend/modules/finance/routes/loan.routes.js,95da90ce03fe0bcd53850dce7017ea2b250de601ff223570a2ea90abf9d1d9ae,95da90ce03fe0bcd53850dce7017ea2b250de601ff223570a2ea90abf9d1d9ae,21620,21620,1072,1072
UNCHANGED,backend/modules/finance/services/FinancialReportsService.js,bbecdb694d1dbc3147aa45f60ee06d7e81c60d33f36eda59c3ce4236bd727e04,bbecdb694d1dbc3147aa45f60ee06d7e81c60d33f36eda59c3ce4236bd727e04,2483,2483,115,115
UNCHANGED,backend/modules/finance/services/StatementProcessingService.js,056bae1777afdcfc545c843f20dc4e937d82008f44ebb872fa083ef4f7305f8f,056bae1777afdcfc545c843f20dc4e937d82008f44ebb872fa083ef4f7305f8f,92894,92894,4300,4300
UNCHANGED,backend/modules/finance/services/TransactionService.js,409a5159d82ee6b574d7c117bddf6cfa1959c160112ec169b904f3c89c7842fb,409a5159d82ee6b574d7c117bddf6cfa1959c160112ec169b904f3c89c7842fb,998,998,35,35
UNCHANGED,backend/modules/finance/services/auditVerificationService.js,e3b0c44298fc1c149afbf4c8996fb92427ae41e4649b934ca495991b7852b855,e3b0c44298fc1c149afbf4c8996fb92427ae41e4649b934ca495991b7852b855,0,0,0,0
UNCHANGED,backend/modules/finance/services/balanceSheetService.js,e4a5a57efa0e4b43079e5860069dc8d5fad7a992d62fc44727e83ccd7f6fb7ce,e4a5a57efa0e4b43079e5860069dc8d5fad7a992d62fc44727e83ccd7f6fb7ce,7664,7664,445,445
UNCHANGED,backend/modules/finance/services/cashFlowService.js,9afdc6e14c671508f20161ffc041806675448ad6e0dce87c031085c02511a6d7,9afdc6e14c671508f20161ffc041806675448ad6e0dce87c031085c02511a6d7,9035,9035,542,542
UNCHANGED,backend/modules/finance/services/dividendForecastService.js,6dc27e9acfa17e8ca21fb380370692068c44d5d9c6480e33d5b2f8fd49b5a1f4,6dc27e9acfa17e8ca21fb380370692068c44d5d9c6480e33d5b2f8fd49b5a1f4,8223,8223,505,505
UNCHANGED,backend/modules/finance/services/executiveInsightsService.js,f26de46d344ca6338e2d76f4681de0e0712253fef16a39b11dd6b05d90a2295b,f26de46d344ca6338e2d76f4681de0e0712253fef16a39b11dd6b05d90a2295b,9249,9249,509,509
UNCHANGED,backend/modules/finance/services/financialStatementService.js,792a701cfed8eaab61cbe28b6af2a32c6652d05a428931cf213036f10cf3bf00,792a701cfed8eaab61cbe28b6af2a32c6652d05a428931cf213036f10cf3bf00,10278,10278,605,605
UNCHANGED,backend/modules/finance/services/fraudAnalyticsService.js,fe09660861a7a4d52d70cf1eb1e1075417f393979b8785ae7fcf38b453b8774e,fe09660861a7a4d52d70cf1eb1e1075417f393979b8785ae7fcf38b453b8774e,9187,9187,532,532
UNCHANGED,backend/modules/finance/services/impairmentProvisionService.js,e3b0c44298fc1c149afbf4c8996fb92427ae41e4649b934ca495991b7852b855,e3b0c44298fc1c149afbf4c8996fb92427ae41e4649b934ca495991b7852b855,0,0,0,0
UNCHANGED,backend/modules/finance/services/incomeStatementService.js,45ecafee03ad212c322dc51722c9965fc74d1c95e763a87ebdbb845ec5067848,45ecafee03ad212c322dc51722c9965fc74d1c95e763a87ebdbb845ec5067848,8510,8510,496,496
UNCHANGED,backend/modules/finance/services/interestAccrualService.js,e3b0c44298fc1c149afbf4c8996fb92427ae41e4649b934ca495991b7852b855,e3b0c44298fc1c149afbf4c8996fb92427ae41e4649b934ca495991b7852b855,0,0,0,0
UNCHANGED,backend/modules/finance/services/ledgerService.js,c5a7937129f92303e45882afab30f248ae0032707d1e061233c64ea482f3d9ce,c5a7937129f92303e45882afab30f248ae0032707d1e061233c64ea482f3d9ce,10501,10501,599,599
UNCHANGED,backend/modules/finance/services/liquidityForecastService.js,d2ba4d5ac52c807b45b436183ab71ef34e94e7b922baff0a255cf8cf85eefa4e,d2ba4d5ac52c807b45b436183ab71ef34e94e7b922baff0a255cf8cf85eefa4e,8513,8513,526,526
UNCHANGED,backend/modules/finance/services/loanAccountingService.js,b89af4bb77f4615bccb363a2d1ebbcc6cf17b63eec209405daa3a8e75de23ae5,b89af4bb77f4615bccb363a2d1ebbcc6cf17b63eec209405daa3a8e75de23ae5,8681,8681,467,467
UNCHANGED,backend/modules/finance/services/loanService.js,8c49896095a36c428a8d5ca2258fbc547eaff9950cb58981dae3bc1bb4e9e9cb,8c49896095a36c428a8d5ca2258fbc547eaff9950cb58981dae3bc1bb4e9e9cb,1626,1626,73,73
UNCHANGED,backend/modules/finance/services/loanWorkflowService.js,949c9c86b8c334eb9233c4ab30df2755ada158ac152e63be0a24b2517846bc05,949c9c86b8c334eb9233c4ab30df2755ada158ac152e63be0a24b2517846bc05,1419,1419,88,88
UNCHANGED,backend/modules/finance/services/memberBehaviorAnalyticsService.js,b8dc43fc4c73cb14bd51bc8b0962469d677fa3eba5f07728e936e4a5497a5882,b8dc43fc4c73cb14bd51bc8b0962469d677fa3eba5f07728e936e4a5497a5882,8736,8736,541,541
UNCHANGED,backend/modules/finance/services/mobileMoneySettlementService.js,e3b0c44298fc1c149afbf4c8996fb92427ae41e4649b934ca495991b7852b855,e3b0c44298fc1c149afbf4c8996fb92427ae41e4649b934ca495991b7852b855,0,0,0,0
UNCHANGED,backend/modules/finance/services/portfolioAnalyticsService.js,1e5e29fa33a87cee626d3cebeef1c27edd312cbf89ffaa06e6aa0f33165b395c,1e5e29fa33a87cee626d3cebeef1c27edd312cbf89ffaa06e6aa0f33165b395c,8653,8653,542,542
UNCHANGED,backend/modules/finance/services/portfolioStressTestingService.js,56aec0c7193eaeb42f97a45538b0902f0d220a322a4b2063febb869490b283e8,56aec0c7193eaeb42f97a45538b0902f0d220a322a4b2063febb869490b283e8,8431,8431,529,529
UNCHANGED,backend/modules/finance/services/predictiveRiskAnalyticsService.js,37c4b88481db0efa7deff95874f0a4f17218a33e74e83df6c4f46d9a1e0e6146,37c4b88481db0efa7deff95874f0a4f17218a33e74e83df6c4f46d9a1e0e6146,8868,8868,582,582
UNCHANGED,backend/modules/finance/services/reconciliationService.js,14a621330cab0b8254cbc7e8faa5b04e96d8b0978299f7955c4ebdce6ab4c6c0,14a621330cab0b8254cbc7e8faa5b04e96d8b0978299f7955c4ebdce6ab4c6c0,8003,8003,474,474
UNCHANGED,backend/modules/finance/services/regulatoryAnalyticsService.js,8a09f9f614869505010dbdca33cf8787c2e0f610bc0982fcb1c604bfb59c789a,8a09f9f614869505010dbdca33cf8787c2e0f610bc0982fcb1c604bfb59c789a,8791,8791,553,553
UNCHANGED,backend/modules/finance/services/regulatoryReportingService.js,e3b0c44298fc1c149afbf4c8996fb92427ae41e4649b934ca495991b7852b855,e3b0c44298fc1c149afbf4c8996fb92427ae41e4649b934ca495991b7852b855,0,0,0,0
UNCHANGED,backend/modules/finance/services/repaymentService.js,60a387461d0a48c715268a1ace7825421b83267163b065037b6a324ac3286fd8,60a387461d0a48c715268a1ace7825421b83267163b065037b6a324ac3286fd8,7690,7690,208,208
UNCHANGED,backend/modules/finance/services/savingsAccountingService.js,4510ad1f75dde7bc808605ad94a86e5ffad8155989dc3dec414d62db025ebb36,4510ad1f75dde7bc808605ad94a86e5ffad8155989dc3dec414d62db025ebb36,10730,10730,571,571
UNCHANGED,backend/modules/finance/services/trialBalanceService.js,a36c15f8d2596a35d096bd0214a2d119c56387b121866d9f56a2ee8f4460cdb4,a36c15f8d2596a35d096bd0214a2d119c56387b121866d9f56a2ee8f4460cdb4,8124,8124,492,492
UNCHANGED,backend/modules/finance/services/writeOffService.js,85a2cb71933c1778455a875dca80189215135f209bd51d71151dffb807b1827a,85a2cb71933c1778455a875dca80189215135f209bd51d71151dffb807b1827a,8720,8720,472,472
UNCHANGED,backend/modules/finance/snapshot/dailySnapshot.js,7f148bb649d31a4cd7f6d147109eb4f12a5a98a762aeb055ba662474ddc1aa3c,7f148bb649d31a4cd7f6d147109eb4f12a5a98a762aeb055ba662474ddc1aa3c,724,724,78,78
UNCHANGED,backend/modules/finance/snapshot/monthlySnapshot.js,2de98bd9c26ab836da272d745341e2002cc8036908795d8e397bcf8c9b36ba3c,2de98bd9c26ab836da272d745341e2002cc8036908795d8e397bcf8c9b36ba3c,721,721,78,78
UNCHANGED,backend/modules/finance/snapshot/regulatorySnapshot.js,09c8446346d37b6205676eef45c0dbb88c0b83d9ff22e3a6e8535af700b071a5,09c8446346d37b6205676eef45c0dbb88c0b83d9ff22e3a6e8535af700b071a5,771,771,80,80
UNCHANGED,backend/modules/finance/snapshot/snapshotEngine.js,b544f21451010ae453d0f715a421a81bad0c3d46a3ab814ee308c7e9d2b72d22,b544f21451010ae453d0f715a421a81bad0c3d46a3ab814ee308c7e9d2b72d22,4832,4832,397,397
UNCHANGED,backend/modules/finance/snapshot/snapshotRepository.js,ef6494d808231e1c4c6554a99be3de1fab3f74f432b867621a5cbb9b598a0ab6,ef6494d808231e1c4c6554a99be3de1fab3f74f432b867621a5cbb9b598a0ab6,613,613,71,71
UNCHANGED,backend/modules/finance/snapshot/snapshotValidator.js,5b5963c90a0020560668f928334dbf406e0e4c6e12c89877cd8043bf1b5424da,5b5963c90a0020560668f928334dbf406e0e4c6e12c89877cd8043bf1b5424da,506,506,53,53
UNCHANGED,backend/modules/finance/snapshot/weeklySnapshot.js,990ede01074f83c5a5c89f8546c5d4a1da1d67c4fb56587e45263ea93e8dfe0a,990ede01074f83c5a5c89f8546c5d4a1da1d67c4fb56587e45263ea93e8dfe0a,438,438,48,48
UNCHANGED,backend/modules/finance/snapshot/yearEndSnapshot.js,1e195d583edf1e8a10ef59ceba48ccc76adec54d3b69069db945ff7f70fca2ab,1e195d583edf1e8a10ef59ceba48ccc76adec54d3b69069db945ff7f70fca2ab,480,480,51,51
UNCHANGED,backend/modules/finance/statements/StatementBatchManager.js,f4a49d1789557d368a3724ad65a7f0b0b5354f0f3766bb7fa07d00c8779720c9,f4a49d1789557d368a3724ad65a7f0b0b5354f0f3766bb7fa07d00c8779720c9,23899,23899,1153,1153
UNCHANGED,backend/modules/finance/statements/StatementConstants.js,790f71b1214e090283b4930f66e858dbeea5ba6d56ae7aa833f636cf3c246c31,790f71b1214e090283b4930f66e858dbeea5ba6d56ae7aa833f636cf3c246c31,13883,13883,733,733
UNCHANGED,backend/modules/finance/statements/StatementContext.js,93bd1a55dff3f9999d0fcd1189c0bec07bd69e9513afd914b3c6125c4b1b71ed,93bd1a55dff3f9999d0fcd1189c0bec07bd69e9513afd914b3c6125c4b1b71ed,21569,21569,1095,1095
UNCHANGED,backend/modules/finance/statements/StatementErrors.js,89c84f0a21f0a52b02d762b595c7bc60364657fac5c8d0b22cd9a963bb5c6f57,89c84f0a21f0a52b02d762b595c7bc60364657fac5c8d0b22cd9a963bb5c6f57,22629,22629,1185,1185
UNCHANGED,backend/modules/finance/statements/StatementEvents.js,de53ebec08c4b7fa07479e40319c162b8384da69d98e26b6453c5af38906bcb8,de53ebec08c4b7fa07479e40319c162b8384da69d98e26b6453c5af38906bcb8,31685,31685,1288,1288
UNCHANGED,backend/modules/finance/statements/StatementImporter.js,a040ffe92d8a882e112443a468904c1ef4db993af86738a9a9b9f51649a616d6,a040ffe92d8a882e112443a468904c1ef4db993af86738a9a9b9f51649a616d6,24000,24000,1022,1022
UNCHANGED,backend/modules/finance/statements/StatementNormalizer.js,babc4276f0c2dc9ab361c715ebb8541c10c91d4993ceaa0b0d8334c9d0365726,babc4276f0c2dc9ab361c715ebb8541c10c91d4993ceaa0b0d8334c9d0365726,29079,29079,1418,1418
UNCHANGED,backend/modules/finance/statements/StatementPipeline.js,44ab3943b15db78a4dd6c69a2268bc84dda93cb8caf678323548a06ad61a21f7,44ab3943b15db78a4dd6c69a2268bc84dda93cb8caf678323548a06ad61a21f7,46898,46898,2192,2192
UNCHANGED,backend/modules/finance/statements/StatementProcessingOperation.js,5bd682ad9d2c4e69457dbf94029246b6e9cf0260e0c5d59f356304ba38d84821,5bd682ad9d2c4e69457dbf94029246b6e9cf0260e0c5d59f356304ba38d84821,52956,52956,2175,2175
UNCHANGED,backend/modules/finance/statements/StatementProcessor.js,e08be6d27fb705c6f2965e134b876dcbb77f87d78dd90938829e01301731aefa,e08be6d27fb705c6f2965e134b876dcbb77f87d78dd90938829e01301731aefa,34901,34901,1720,1720
UNCHANGED,backend/modules/finance/statements/StatementReconciliationService.js,a745d494867bc63dd19e45f901ecf29379b3692b956f49ce436c79a3d33188cd,a745d494867bc63dd19e45f901ecf29379b3692b956f49ce436c79a3d33188cd,39462,39462,1783,1783
UNCHANGED,backend/modules/finance/statements/StatementRepairIntelligenceService.js,bed14ef225b5a0873e0956b4ef3823011e5e12e9e7495bcde6f6185338a7a2f6,bed14ef225b5a0873e0956b4ef3823011e5e12e9e7495bcde6f6185338a7a2f6,40475,40475,2049,2049
UNCHANGED,backend/modules/finance/statements/StatementRepairService.js,57a6c22eae5fc7c009e907d863b5fbfa402a1c3c2c10b5eb42f77f828f989f87,57a6c22eae5fc7c009e907d863b5fbfa402a1c3c2c10b5eb42f77f828f989f87,26818,26818,2109,2109
UNCHANGED,backend/modules/finance/statements/StatementRepository.js,0f6140ed3f79728f25e29093773cc96a52e4b8cbf6f5a45d075d5eafca8e73fe,0f6140ed3f79728f25e29093773cc96a52e4b8cbf6f5a45d075d5eafca8e73fe,37247,37247,1773,1773
UNCHANGED,backend/modules/finance/statements/StatementValidator.js,f3065d3dc96fb9f58fa56931d15f0d2a8bf7cf7864d2a1da9b44159cffe33d9b,f3065d3dc96fb9f58fa56931d15f0d2a8bf7cf7864d2a1da9b44159cffe33d9b,26431,26431,1275,1275
UNCHANGED,backend/modules/finance/statements/ai/AIConfidenceScorer.js,dce416915f7dd536e56664b23ed9b9dc63bce5a0eacf1069dd35bbbda3a108ab,dce416915f7dd536e56664b23ed9b9dc63bce5a0eacf1069dd35bbbda3a108ab,60028,60028,3178,3178
UNCHANGED,backend/modules/finance/statements/ai/AIRepairClassifier.js,9323ae09d6ead5ee3d536fabed0cb27f9979265faaed83dd7978d23764951fb2,9323ae09d6ead5ee3d536fabed0cb27f9979265faaed83dd7978d23764951fb2,60998,60998,3282,3282
UNCHANGED,backend/modules/finance/statements/ai/AIRepairRecommendationEngine.js,77e6adffbdfe50cbc8bd01c98aade3fa671259307fc9f4a694f0d13829b12e4d,77e6adffbdfe50cbc8bd01c98aade3fa671259307fc9f4a694f0d13829b12e4d,71627,71627,3624,3624
UNCHANGED,backend/modules/finance/statements/ai/FeatureExtractor.js,2c885a4b4cb9f0586fd67bb37ad808253cd381e44f8089a3f751db3566608f5f,2c885a4b4cb9f0586fd67bb37ad808253cd381e44f8089a3f751db3566608f5f,77965,77965,4173,4173
UNCHANGED,backend/modules/finance/statements/ai/ModelRegistry.js,8617291d0df962f4ee96bd0e64cc86044251b35f729417beeedf4e724f5fa20a,8617291d0df962f4ee96bd0e64cc86044251b35f729417beeedf4e724f5fa20a,96958,96958,4747,4747
UNCHANGED,backend/modules/finance/statements/ai/PromptTemplates.js,119c6c98e4c6238cdf425ece9590b2454298c8dada986207c2e38ff13049a84d,119c6c98e4c6238cdf425ece9590b2454298c8dada986207c2e38ff13049a84d,75323,75323,3637,3637
UNCHANGED,backend/modules/finance/statements/forecasting/ForecastModels.js,6b088d7c69c5041046393be8c7e91c7260d85f182d69bf57257b017291a5f003,6b088d7c69c5041046393be8c7e91c7260d85f182d69bf57257b017291a5f003,62325,62325,3528,3528
UNCHANGED,backend/modules/finance/statements/forecasting/PredictiveRepairScheduler.js,11f02462a50d66d895c26ddd534d63db6db67224938bf3c618060c0823a5fdf9,11f02462a50d66d895c26ddd534d63db6db67224938bf3c618060c0823a5fdf9,86362,86362,4064,4064
UNCHANGED,backend/modules/finance/statements/forecasting/RepairForecastEngine.js,b41d7fdd4e942a52ec8a91c0856444244029b2c1dbd2fdb9e5ce0fadb861aa83,b41d7fdd4e942a52ec8a91c0856444244029b2c1dbd2fdb9e5ce0fadb861aa83,66198,66198,2767,2767
UNCHANGED,backend/modules/finance/statements/forecasting/SettlementReliabilityEngine.js,f704e40fc0c78d67d20929419e5cc6d74bea89ad49ac02f0f421a2c80d964d8b,f704e40fc0c78d67d20929419e5cc6d74bea89ad49ac02f0f421a2c80d964d8b,97266,97266,4630,4630
UNCHANGED,backend/modules/finance/statements/fraud/CrossAccountAnalyzer.js,c90785b0a6c09a2f9408ab08490ee44b26a1dd86f2994d8eafe3fdc286b6a7db,c90785b0a6c09a2f9408ab08490ee44b26a1dd86f2994d8eafe3fdc286b6a7db,89851,89851,4142,4142
UNCHANGED,backend/modules/finance/statements/fraud/FraudAlertService.js,420ae110e40af3ac1e31b72fa6a4e2d2404cc0b2d8cb1fc5bb2f94868cc15b58,420ae110e40af3ac1e31b72fa6a4e2d2404cc0b2d8cb1fc5bb2f94868cc15b58,88995,88995,4366,4366
UNCHANGED,backend/modules/finance/statements/fraud/FraudCorrelationEngine.js,9e6b30eec9627a48045685eb43715e926aad454b4b780699677a803e4100c526,9e6b30eec9627a48045685eb43715e926aad454b4b780699677a803e4100c526,90979,90979,4469,4469
UNCHANGED,backend/modules/finance/statements/fraud/FraudPatternDetector.js,f463fb30288fd0dd61d8a283aff10fea9b60d0012f59775aa7b50fea8be611c1,f463fb30288fd0dd61d8a283aff10fea9b60d0012f59775aa7b50fea8be611c1,116374,116374,5207,5207
UNCHANGED,backend/modules/finance/statements/fraud/SuspiciousRepairScorer.js,12b9285adc7f0a54b8e23144886c71d4ce9583d151c67016054c7276c3ec7e5f,12b9285adc7f0a54b8e23144886c71d4ce9583d151c67016054c7276c3ec7e5f,54392,54392,2186,2186
UNCHANGED,backend/modules/finance/statements/index.js,5c5c73ab3121341519da26936a072983e7b0d7f7dd33eb61284aeb1f75ec8c3b,5c5c73ab3121341519da26936a072983e7b0d7f7dd33eb61284aeb1f75ec8c3b,22966,22966,1016,1016
UNCHANGED,backend/modules/finance/statements/intelligence/agingMetrics.js,defbe06bfbb6a4d19f2034d01ec2804e7bda670c84a37a00617253140ba3fdab,defbe06bfbb6a4d19f2034d01ec2804e7bda670c84a37a00617253140ba3fdab,18621,18621,939,939
UNCHANGED,backend/modules/finance/statements/intelligence/anomalyClassifier.js,091ace73876294dea8f13e0d10ce3c3c606589caa75524db4077b95ca92732b5,091ace73876294dea8f13e0d10ce3c3c606589caa75524db4077b95ca92732b5,37198,37198,1728,1728
UNCHANGED,backend/modules/finance/statements/intelligence/executiveDashboard.js,bb86bed4aa05070afbd253d5e8891a7ddf6b678c7e938f1058444b7dc808def2,bb86bed4aa05070afbd253d5e8891a7ddf6b678c7e938f1058444b7dc808def2,36928,36928,1935,1935
UNCHANGED,backend/modules/finance/statements/intelligence/intelligenceConstants.js,42a067ee5047a6abcba6ed2888fb4c8272c7fec7b39393053a93a38a1fee12dd,42a067ee5047a6abcba6ed2888fb4c8272c7fec7b39393053a93a38a1fee12dd,21768,21768,1216,1216
UNCHANGED,backend/modules/finance/statements/intelligence/intelligenceErrors.js,1cc0883d92470a0743f7e8c279b83ad486710932253ed6a8970f07535b16d895,1cc0883d92470a0743f7e8c279b83ad486710932253ed6a8970f07535b16d895,17874,17874,993,993
UNCHANGED,backend/modules/finance/statements/intelligence/intelligenceUtils.js,526db1f0398771ad9f8d7a53280a66b7fff5513fc08da16e509654a201891207,526db1f0398771ad9f8d7a53280a66b7fff5513fc08da16e509654a201891207,36792,36792,2573,2573
UNCHANGED,backend/modules/finance/statements/intelligence/priorityEngine.js,f91a4e29dc5487cfd04edafff705603c63a6e8b75bc30a147a5c0b1cf239dbc3,f91a4e29dc5487cfd04edafff705603c63a6e8b75bc30a147a5c0b1cf239dbc3,26235,26235,1111,1111
UNCHANGED,backend/modules/finance/statements/intelligence/recommendationEngine.js,b385b5d1f21555edefc33b4555421cce832cc3eef2b06eb7dcb5b5c487d91b70,b385b5d1f21555edefc33b4555421cce832cc3eef2b06eb7dcb5b5c487d91b70,37542,37542,1576,1576
UNCHANGED,backend/modules/finance/statements/intelligence/repairAnalytics.js,1f7d6356c0377d8c921c1cced5ba5d261aec53a274cf6d8af937a0ddab6ad8ae,1f7d6356c0377d8c921c1cced5ba5d261aec53a274cf6d8af937a0ddab6ad8ae,37561,37561,1642,1642
UNCHANGED,backend/modules/finance/statements/intelligence/riskIndexCalculator.js,7b5c6ab2b709c31fe0abd72f8e4d1111e2fb17a31b9f02bd69a967a985203b02,7b5c6ab2b709c31fe0abd72f8e4d1111e2fb17a31b9f02bd69a967a985203b02,31242,31242,1471,1471
UNCHANGED,backend/modules/finance/statements/intelligence/severityScorer.js,b444783dbe8682e11527af9aaa48d89d53c50c76deefc0014968468d77dc3fe7,b444783dbe8682e11527af9aaa48d89d53c50c76deefc0014968468d77dc3fe7,29759,29759,1412,1412
UNCHANGED,backend/modules/finance/statements/intelligence/slaMonitor.js,6c63c1bb2af8e83ad1598d4724d6b4a09599f520a675eb2afe989c80a3f675c7,6c63c1bb2af8e83ad1598d4724d6b4a09599f520a675eb2afe989c80a3f675c7,30924,30924,1463,1463
UNCHANGED,backend/modules/finance/statements/intelligence/trendDetector.js,a9505cb994387ce67be2a0e73a199e80844522a521f24001658452cad34b6a29,a9505cb994387ce67be2a0e73a199e80844522a521f24001658452cad34b6a29,45823,45823,2026,2026
UNCHANGED,backend/modules/finance/statements/models/BenchmarkResult.js,f1bf29cf25d9b63bca715d7b94a3e16b8780738b60cc4bc547a45a4b3eb12b0e,f1bf29cf25d9b63bca715d7b94a3e16b8780738b60cc4bc547a45a4b3eb12b0e,45785,45785,2030,2030
UNCHANGED,backend/modules/finance/statements/models/FraudCorrelation.js,9116f01ae877dc2b1534a9f8d151baecef1b84c0b80a47591842ac434bcf070c,9116f01ae877dc2b1534a9f8d151baecef1b84c0b80a47591842ac434bcf070c,70031,70031,3184,3184
UNCHANGED,backend/modules/finance/statements/models/OperationalMetrics.js,a04ea13fb464ec2e0c5f31f6ccfd670e5340b4bf51216437d518b00116fad07f,a04ea13fb464ec2e0c5f31f6ccfd670e5340b4bf51216437d518b00116fad07f,83017,83017,3913,3913
UNCHANGED,backend/modules/finance/statements/models/RepairAnalyticsSnapshot.js,a0392acc73a56529aa4cd1dd01f7cd022b67999a2044ebfc718abb08f74fbb6c,a0392acc73a56529aa4cd1dd01f7cd022b67999a2044ebfc718abb08f74fbb6c,85567,85567,3773,3773
UNCHANGED,backend/modules/finance/statements/models/RepairForecast.js,1dfcb6dd980a7689862f1172fa14d8301bbae38f1aba521917ee136aaeaa8960,1dfcb6dd980a7689862f1172fa14d8301bbae38f1aba521917ee136aaeaa8960,96505,96505,4295,4295
UNCHANGED,backend/modules/finance/statements/operations/BranchPerformanceAnalyzer.js,6e509c22fc6b0f85a9591ddef6b9604c0d4a10cfa1ab64552e07049e05edec8d,6e509c22fc6b0f85a9591ddef6b9604c0d4a10cfa1ab64552e07049e05edec8d,91621,91621,4344,4344
UNCHANGED,backend/modules/finance/statements/operations/CapacityPlanner.js,bc5db3e41ca0ccaefe03622a49bfbf9ed7dbcf38fa6acbe35476edf0e6642b07,bc5db3e41ca0ccaefe03622a49bfbf9ed7dbcf38fa6acbe35476edf0e6642b07,68822,68822,3175,3175
UNCHANGED,backend/modules/finance/statements/operations/OperationalBenchmarkService.js,1ec5be6fb307758cc4129584309df95bec82386fce3184ecc547b6b4f62e57b9,1ec5be6fb307758cc4129584309df95bec82386fce3184ecc547b6b4f62e57b9,94712,94712,4456,4456
UNCHANGED,backend/modules/finance/statements/operations/TeamPerformanceAnalyzer.js,effce05b646a144d9994f1b5aaf565ba6eb646d76c7008adb0b6a8709d167190,effce05b646a144d9994f1b5aaf565ba6eb646d76c7008adb0b6a8709d167190,114666,114666,5361,5361
UNCHANGED,backend/modules/finance/statements/operations/WorkloadBalancer.js,93fa194a265834ee825d1c55eff0e1686ee876e88ea51885035ab47bbfc4f6df,93fa194a265834ee825d1c55eff0e1686ee876e88ea51885035ab47bbfc4f6df,98498,98498,4075,4075
UNCHANGED,backend/modules/finance/statements/reporting/BoardReportingService.js,f460cd281a16c00dc5a52f581f225199f21e7ad8c96cc26a31e4716dfc4cebf4,f460cd281a16c00dc5a52f581f225199f21e7ad8c96cc26a31e4716dfc4cebf4,103894,103894,3808,3808
UNCHANGED,backend/modules/finance/statements/reporting/DashboardAggregator.js,bafe37e70fb8a63ee22eb92aedc48887f54658645e1b7222460f9bd45a7954b9,bafe37e70fb8a63ee22eb92aedc48887f54658645e1b7222460f9bd45a7954b9,76535,76535,3076,3076
UNCHANGED,backend/modules/finance/statements/reporting/ExecutiveReportingExporter.js,acc4b8d250f88295ff82f9d4085e859dd06704d06f6a0415964334cbe64a9378,acc4b8d250f88295ff82f9d4085e859dd06704d06f6a0415964334cbe64a9378,88121,88121,3977,3977
UNCHANGED,backend/modules/finance/statements/reporting/KPIReportGenerator.js,ec3570581f827015e7746d1e0d0a1eab4e42aeb5260c38e33a84c74597f22b1b,ec3570581f827015e7746d1e0d0a1eab4e42aeb5260c38e33a84c74597f22b1b,46790,46790,2110,2110
UNCHANGED,backend/modules/finance/statements/reporting/RegulatoryReportingService.js,8dbe7f362a4fe2e6c66edb14fcc50e26e83063ef7dda9b896769f30a1df35957,8dbe7f362a4fe2e6c66edb14fcc50e26e83063ef7dda9b896769f30a1df35957,117870,117870,5077,5077
UNCHANGED,backend/modules/finance/tests/ledgerService.mocha.test.js,a9ed7c84dcddf4060e3f48158d9464ccb7775cc292c0d8e722ad8170bde60558,a9ed7c84dcddf4060e3f48158d9464ccb7775cc292c0d8e722ad8170bde60558,29199,29199,1229,1229
UNCHANGED,backend/modules/finance/tests/ledgerService.test.js,12af2e2bae7c4a0f85559dc20fc8f36cdc42fa5c1eaf3abc4d3ccf1fecfd653a,12af2e2bae7c4a0f85559dc20fc8f36cdc42fa5c1eaf3abc4d3ccf1fecfd653a,42440,42440,1722,1722
UNCHANGED,backend/modules/finance/utils/idempotency.js,8be884dfa3eac29f8e063e34feed3ac7c2adea94b9f2b2a2df2fccfa01a4c6d0,8be884dfa3eac29f8e063e34feed3ac7c2adea94b9f2b2a2df2fccfa01a4c6d0,21906,21906,1278,1278
UNCHANGED,backend/modules/fraud/fraud.service.js,7a1a3c1bf70e49328c0f62d4ea942b37d96cd4e2ae1a5297a74dc68ef0fb3070,7a1a3c1bf70e49328c0f62d4ea942b37d96cd4e2ae1a5297a74dc68ef0fb3070,37208,37208,1802,1802
UNCHANGED,backend/modules/fraud/models/FraudScreeningResult.js,bed43c3ac832178166f7514faa27f7bc027323d352975066f5b0a4becdae1bd6,bed43c3ac832178166f7514faa27f7bc027323d352975066f5b0a4becdae1bd6,29727,29727,1807,1807
UNCHANGED,backend/modules/fraudDetectionService.js,0917b616d15a04884a525aac05e2b02818047f8d36640af6fb47df230a643067,0917b616d15a04884a525aac05e2b02818047f8d36640af6fb47df230a643067,57303,57303,3003,3003
UNCHANGED,backend/modules/integrations/momo.service.js,d9be3da3c0d1dd7bddcf0c3eb8e6cb79ad687a1ad585c5a186341e9d79a8269b,d9be3da3c0d1dd7bddcf0c3eb8e6cb79ad687a1ad585c5a186341e9d79a8269b,52778,52778,2510,2510
UNCHANGED,backend/modules/kyc/kyc.service.js,f268676b5626ce83b4b04a106380bf42c0718ef4d7780c03741ba058fd3f3086,f268676b5626ce83b4b04a106380bf42c0718ef4d7780c03741ba058fd3f3086,22615,22615,1310,1310
UNCHANGED,backend/modules/kycService.js,2616752de3b859e200211828e7c4a45f71dbfd35abd72020f8592fcd94b841d4,2616752de3b859e200211828e7c4a45f71dbfd35abd72020f8592fcd94b841d4,40560,40560,2194,2194
UNCHANGED,backend/modules/ledger/ledger.model.js,1c861dd2874e98ab2ebf81cb32daa1fc63567c1d0466b0c8f8117cbf851f3792,1c861dd2874e98ab2ebf81cb32daa1fc63567c1d0466b0c8f8117cbf851f3792,16627,16627,915,915
UNCHANGED,backend/modules/ledger/ledger.service.js,53a9391c47cad831dfcc3058dc34cd3a4f43a0b2721979dd4c0b3787e2e4821f,53a9391c47cad831dfcc3058dc34cd3a4f43a0b2721979dd4c0b3787e2e4821f,29598,29598,1344,1344
UNCHANGED,backend/modules/loan/models/LoanAudit.js,6a96bd1f9e24f5d9bfbbe8c48ae72f2b1531c97b6d0b0b836677e986bc19f49c,6a96bd1f9e24f5d9bfbbe8c48ae72f2b1531c97b6d0b0b836677e986bc19f49c,36783,36783,1976,1976
UNCHANGED,backend/modules/loan/models/loan.model.js,db7f417ed97219b2f11ba7729c78b4364e6272c184a381e5a26aaad74f9e61d5,db7f417ed97219b2f11ba7729c78b4364e6272c184a381e5a26aaad74f9e61d5,28078,28078,1417,1417
UNCHANGED,backend/modules/loan/models/loanAudit.model.js,b7d7d7bc2574e23c4edc512f819ce1d8cdcd88a6b4bda0bd1fe748e1ebd54996,b7d7d7bc2574e23c4edc512f819ce1d8cdcd88a6b4bda0bd1fe748e1ebd54996,67713,67713,3035,3035
UNCHANGED,backend/modules/loan/repositories/loanAuditRepository.js,02fb6d29ec605ca6be5a0ce6c81796ea4c64b0f0801ec81e3c1c2d607967e48f,02fb6d29ec605ca6be5a0ce6c81796ea4c64b0f0801ec81e3c1c2d607967e48f,33559,33559,1514,1514
UNCHANGED,backend/modules/loan/repositories/loanRepository.js,0c9ce93a9100e755183f64d34ba0f9944e02e952d513f3166bb4a5f30b1e700c,0c9ce93a9100e755183f64d34ba0f9944e02e952d513f3166bb4a5f30b1e700c,44355,44355,1598,1598
UNCHANGED,backend/modules/loan/services/creditScoringService.js,9529464b0bdb256777e49f7130f069e50b385c779f834fb3b50bd9ee07011d04,9529464b0bdb256777e49f7130f069e50b385c779f834fb3b50bd9ee07011d04,56437,56437,2384,2384
UNCHANGED,backend/modules/loan/services/loanWorkflowService.js,4bce1c1c294a6b0dd7a22e0605ae0267ea2bd01a38e24a6726fdd147aba7eaed,4bce1c1c294a6b0dd7a22e0605ae0267ea2bd01a38e24a6726fdd147aba7eaed,92040,92040,4190,4190
UNCHANGED,backend/modules/loanAccountingService.js,1c3fab3b453b3f6fb4a4fab30e3da95acdbd48429ec15c957f181459f38c464c,1c3fab3b453b3f6fb4a4fab30e3da95acdbd48429ec15c957f181459f38c464c,69405,69405,3707,3707
UNCHANGED,backend/modules/member/services/memberService.js,bd23a6cecc230dc971e81a2d02f1ccf0e6663d63a2812c58d7bf43ecfbb0e28f,bd23a6cecc230dc971e81a2d02f1ccf0e6663d63a2812c58d7bf43ecfbb0e28f,52577,52577,2315,2315
UNCHANGED,backend/modules/mobileMoneySettlementService.js,1c6b434239cdd881da5bc000800d1479072e4c0b9dd021f33f29ac1c5c59786a,1c6b434239cdd881da5bc000800d1479072e4c0b9dd021f33f29ac1c5c59786a,87555,87555,4415,4415
UNCHANGED,backend/modules/models/BillingOperation.js,786ce89194d7eebee684e24187fe66efa62dfee9272c1769210024e93fef78a0,786ce89194d7eebee684e24187fe66efa62dfee9272c1769210024e93fef78a0,55592,55592,2981,2981
UNCHANGED,backend/modules/models/LoanRiskProfile.js,8088a3fe78f5f7be4d0c1a30a66e6ccac61b77dc852c90215d736ec5d1ddae27,8088a3fe78f5f7be4d0c1a30a66e6ccac61b77dc852c90215d736ec5d1ddae27,27471,27471,1169,1169
UNCHANGED,backend/modules/mtnMomoService.js,aeed4ef9127732b4b20dfaeba490ed31a62da98ab3f0d47852d4d5d39c7093dd,aeed4ef9127732b4b20dfaeba490ed31a62da98ab3f0d47852d4d5d39c7093dd,105743,105743,5357,5357
UNCHANGED,backend/modules/notificationService.js,09c21f6696c3dcebf44aeb79ce5a9edf81f91f0f861310c2f3db04300e3f9936,09c21f6696c3dcebf44aeb79ce5a9edf81f91f0f861310c2f3db04300e3f9936,61547,61547,3244,3244
UNCHANGED,backend/modules/offline/constants.js,ec83bd42b1ad72a9ea640945ceb9a361143f4c8ca562a93bb4a4030e636b8810,ec83bd42b1ad72a9ea640945ceb9a361143f4c8ca562a93bb4a4030e636b8810,19452,19452,771,771
UNCHANGED,backend/modules/offline/controllers/offlineSyncController.js,0c5d297f83dbd85a601c9f9df90d37d5aad90cac72623facf6bc941f985befcf,0c5d297f83dbd85a601c9f9df90d37d5aad90cac72623facf6bc941f985befcf,33647,33647,1458,1458
UNCHANGED,backend/modules/offline/index.js,3ab3559214540521a8db8b6b434a5ec64402495cc68c08d8c923cac7e764c384,3ab3559214540521a8db8b6b434a5ec64402495cc68c08d8c923cac7e764c384,18682,18682,790,790
UNCHANGED,backend/modules/offline/models/OfflineDevice.js,13985a201f1a281d146daac2ca1082da379a890f910b15d596c1459bcdba4add,13985a201f1a281d146daac2ca1082da379a890f910b15d596c1459bcdba4add,42764,42764,2128,2128
UNCHANGED,backend/modules/offline/models/OfflineEvent.js,afe68342f145f77c3a93ba2d67dbc693095cedb0e98599ce8c9aed1f72d89fb5,afe68342f145f77c3a93ba2d67dbc693095cedb0e98599ce8c9aed1f72d89fb5,56976,56976,2981,2981
UNCHANGED,backend/modules/offline/routes/offline-sync.routes.js,9690b894525299f1e358db07271f3f4b6671977f0da49828702bd0d3007b6cd1,9690b894525299f1e358db07271f3f4b6671977f0da49828702bd0d3007b6cd1,15246,15246,692,692
UNCHANGED,backend/modules/offline/services/offlineDeviceService.js,a436546989f448b38ed5e875bb29bc9a9d5be76de49ea445c343c9a7219aa14f,a436546989f448b38ed5e875bb29bc9a9d5be76de49ea445c343c9a7219aa14f,53036,53036,2903,2903
UNCHANGED,backend/modules/offline/services/offlineReceiptService.js,cd6d82df750b0948f12c77676e61cced75b6a7ad950e09d841705fa227e95c94,cd6d82df750b0948f12c77676e61cced75b6a7ad950e09d841705fa227e95c94,36015,36015,1971,1971
UNCHANGED,backend/modules/offline/services/offlineSyncService.js,84b8ab8f13c1e177b349885fbe465582ccb89d0d9be605c75ed535939f3c0969,84b8ab8f13c1e177b349885fbe465582ccb89d0d9be605c75ed535939f3c0969,47655,47655,2635,2635
UNCHANGED,backend/modules/onboarding/__tests__/onboarding.integration.test.js,4735350b41336c5eee636a814c0bf64ca46284e8f4ab47513e8f2383c55d405d,4735350b41336c5eee636a814c0bf64ca46284e8f4ab47513e8f2383c55d405d,102240,102240,3560,3560
UNCHANGED,backend/modules/onboarding/onboarding.constants.js,08a517bbae32cfa893f341f10fae40ba27535396f5f8fdcef020ad4122d59991,08a517bbae32cfa893f341f10fae40ba27535396f5f8fdcef020ad4122d59991,16761,16761,720,720
UNCHANGED,backend/modules/onboarding/onboarding.controller.js,d6bb395a261117b556ef3910626f8e87a2f964864c5d2a2618a7b17c6a3d88e3,d6bb395a261117b556ef3910626f8e87a2f964864c5d2a2618a7b17c6a3d88e3,20407,20407,860,860
UNCHANGED,backend/modules/onboarding/onboarding.model.js,fb517ef129ff6028dac57d5eaa41d517e53310c7b38c32b4f8041f8f07a708b8,fb517ef129ff6028dac57d5eaa41d517e53310c7b38c32b4f8041f8f07a708b8,40205,40205,2053,2053
UNCHANGED,backend/modules/onboarding/onboarding.routes.js,adc1efab1e9f18dce93c568176284e104c9621b23d371cce1865c8e6499cd2b7,adc1efab1e9f18dce93c568176284e104c9621b23d371cce1865c8e6499cd2b7,31379,31379,1333,1333
UNCHANGED,backend/modules/onboarding/onboarding.service.js,aa0e02e528de171fb0b72f689343d88c939f9fa871f4d383edfd1ba1e0e7e095,aa0e02e528de171fb0b72f689343d88c939f9fa871f4d383edfd1ba1e0e7e095,24029,24029,1321,1321
UNCHANGED,backend/modules/onboarding/onboarding.validation.js,563c336bd5409ce822141a6517091a7e75fc45a1d7094e9abd6bf79d138a8a87,563c336bd5409ce822141a6517091a7e75fc45a1d7094e9abd6bf79d138a8a87,34755,34755,2049,2049
UNCHANGED,backend/modules/onboarding/onboarding.workflow.js,c4376e2f2aef350be6dfe4b8746c49713ec6f41c0c898bec47c2b3b5e1ce538d,c4376e2f2aef350be6dfe4b8746c49713ec6f41c0c898bec47c2b3b5e1ce538d,29075,29075,1608,1608
UNCHANGED,backend/modules/payment/airtel/auth.js,d56594c78562631123b0245aebfb04ec5878187d01fc6b22fa35328d388370e8,d56594c78562631123b0245aebfb04ec5878187d01fc6b22fa35328d388370e8,35095,35095,1444,1444
UNCHANGED,backend/modules/payment/airtel/auth/authConstants.js,fd7039a721f75eaf1cf51e5a60eedfb48fcf822442a79ace1c0ab05e8d6e2b40,fd7039a721f75eaf1cf51e5a60eedfb48fcf822442a79ace1c0ab05e8d6e2b40,40955,40955,2168,2168
UNCHANGED,backend/modules/payment/airtel/auth/authService.js,2debdf70aa011898b5e701a231293cc95c127a7a2455f3887c8d2bb446d8c226,2debdf70aa011898b5e701a231293cc95c127a7a2455f3887c8d2bb446d8c226,51843,51843,2408,2408
UNCHANGED,backend/modules/payment/airtel/auth/credentialManager.js,588a1d2a825e07f4cd816c6688d12c740177861f74d76f7b5b8d3aab9d677719,588a1d2a825e07f4cd816c6688d12c740177861f74d76f7b5b8d3aab9d677719,34265,34265,1672,1672
UNCHANGED,backend/modules/payment/airtel/auth/healthMonitor.js,dd017e7517edfe6f67273b61cd96ed5c6b1e3a1fcc9e279fa0c5b2c6625ec95a,dd017e7517edfe6f67273b61cd96ed5c6b1e3a1fcc9e279fa0c5b2c6625ec95a,44447,44447,2652,2652
UNCHANGED,backend/modules/payment/airtel/auth/idempotencyManager.js,0da1478182d339f2948de5b62f3f6ff384ca97a37eddd4f2338446aaab9c5dea,0da1478182d339f2948de5b62f3f6ff384ca97a37eddd4f2338446aaab9c5dea,53352,53352,2655,2655
UNCHANGED,backend/modules/payment/airtel/auth/index.js,d7c91e9a3d254f3dcc895378d95abdcf975afe7b13d7047b6fee18918168b634,d7c91e9a3d254f3dcc895378d95abdcf975afe7b13d7047b6fee18918168b634,38067,38067,1884,1884
UNCHANGED,backend/modules/payment/airtel/auth/oauthClient.js,bc0fbc9f80e8eb7a402f7c1bef7c128d9cc70fbdb8c3a7dbbc38fc1b59948887,bc0fbc9f80e8eb7a402f7c1bef7c128d9cc70fbdb8c3a7dbbc38fc1b59948887,51774,51774,2662,2662
UNCHANGED,backend/modules/payment/airtel/auth/observability.js,e85b7aa01051a8d98c6cae56327c875976b5aa4719db0e602ff7a779419959fd,e85b7aa01051a8d98c6cae56327c875976b5aa4719db0e602ff7a779419959fd,41760,41760,2266,2266
UNCHANGED,backend/modules/payment/airtel/auth/refreshManager.js,b58145c874242a1cff47a9491527115b681284b5d6c6022ebe057b8d8596986c,b58145c874242a1cff47a9491527115b681284b5d6c6022ebe057b8d8596986c,33445,33445,1971,1971
UNCHANGED,backend/modules/payment/airtel/auth/tokenManager.js,0b9503fa3b4b9accc6a90f49e46ad966a7f58d74d9db977447dc6030270ad827,0b9503fa3b4b9accc6a90f49e46ad966a7f58d74d9db977447dc6030270ad827,41158,41158,2135,2135
UNCHANGED,backend/modules/payment/airtel/callbacks.js,4a5c33a309bda9822f46c7ca17bf79e1126d697edb392b8bf52ef2cc4ada1c1c,4a5c33a309bda9822f46c7ca17bf79e1126d697edb392b8bf52ef2cc4ada1c1c,56723,56723,2295,2295
UNCHANGED,backend/modules/payment/airtel/callbacks/callbackController.js,e3b0c44298fc1c149afbf4c8996fb92427ae41e4649b934ca495991b7852b855,e3b0c44298fc1c149afbf4c8996fb92427ae41e4649b934ca495991b7852b855,0,0,0,0
UNCHANGED,backend/modules/payment/airtel/callbacks/callbackCorrelation.js,fc249f5e0c418656521cf35a977d717478e2977546a7f95a6ab214efa4686ecd,fc249f5e0c418656521cf35a977d717478e2977546a7f95a6ab214efa4686ecd,107429,107429,8083,8083
UNCHANGED,backend/modules/payment/airtel/callbacks/callbackDeadLetterQueue.js,e3b0c44298fc1c149afbf4c8996fb92427ae41e4649b934ca495991b7852b855,e3b0c44298fc1c149afbf4c8996fb92427ae41e4649b934ca495991b7852b855,0,0,0,0
UNCHANGED,backend/modules/payment/airtel/callbacks/callbackDispatcher.js,e3b0c44298fc1c149afbf4c8996fb92427ae41e4649b934ca495991b7852b855,e3b0c44298fc1c149afbf4c8996fb92427ae41e4649b934ca495991b7852b855,0,0,0,0
UNCHANGED,backend/modules/payment/airtel/callbacks/callbackNormalizer.js,e3b0c44298fc1c149afbf4c8996fb92427ae41e4649b934ca495991b7852b855,e3b0c44298fc1c149afbf4c8996fb92427ae41e4649b934ca495991b7852b855,0,0,0,0
UNCHANGED,backend/modules/payment/airtel/callbacks/callbackProcessor.js,9c06ebfb17e1fb64fe8588f7d3ad6b4617c1a24b7003ea98932aa415f6c8aa23,9c06ebfb17e1fb64fe8588f7d3ad6b4617c1a24b7003ea98932aa415f6c8aa23,58611,58611,4565,4565
UNCHANGED,backend/modules/payment/airtel/callbacks/callbackValidator.js,4f3f86213d454f1fbb1f6b692e156f170f41a0aec9dd40ffb45178d88890b6f2,4f3f86213d454f1fbb1f6b692e156f170f41a0aec9dd40ffb45178d88890b6f2,16677,16677,1374,1374
UNCHANGED,backend/modules/payment/airtel/callbacks/ledgerPoster.js,e3b0c44298fc1c149afbf4c8996fb92427ae41e4649b934ca495991b7852b855,e3b0c44298fc1c149afbf4c8996fb92427ae41e4649b934ca495991b7852b855,0,0,0,0
UNCHANGED,backend/modules/payment/airtel/callbacks/paymentStateUpdater.js,e3b0c44298fc1c149afbf4c8996fb92427ae41e4649b934ca495991b7852b855,e3b0c44298fc1c149afbf4c8996fb92427ae41e4649b934ca495991b7852b855,0,0,0,0
UNCHANGED,backend/modules/payment/airtel/callbacks/reconciliationMatcher.js,e3b0c44298fc1c149afbf4c8996fb92427ae41e4649b934ca495991b7852b855,e3b0c44298fc1c149afbf4c8996fb92427ae41e4649b934ca495991b7852b855,0,0,0,0
UNCHANGED,backend/modules/payment/airtel/callbacks/signatureVerifier.js,8d49418940249242e70695b27a90628b2b11ac65623b43eb8c037b59764f6756,8d49418940249242e70695b27a90628b2b11ac65623b43eb8c037b59764f6756,14310,14310,1262,1262
UNCHANGED,backend/modules/payment/airtel/collections.js,59851f5c479a7932e691b6146f77d926311d7966ab939db5658f7e84f5f7cf54,59851f5c479a7932e691b6146f77d926311d7966ab939db5658f7e84f5f7cf54,44720,44720,1922,1922
UNCHANGED,backend/modules/payment/airtel/collections/callbackCorrelation.js,ed58878a7aa01edb848d5f5a41100bee5ebef6a421092d7317c771384ce40043,ed58878a7aa01edb848d5f5a41100bee5ebef6a421092d7317c771384ce40043,13655,13655,1010,1010
UNCHANGED,backend/modules/payment/airtel/collections/collectionService.js,bca827f989de7e435e6faa82b3107609ee12ab7cf4e2d43828547d6acce0c4f3,bca827f989de7e435e6faa82b3107609ee12ab7cf4e2d43828547d6acce0c4f3,61226,61226,3571,3571
UNCHANGED,backend/modules/payment/airtel/collections/fraudGuard.js,e3b0c44298fc1c149afbf4c8996fb92427ae41e4649b934ca495991b7852b855,e3b0c44298fc1c149afbf4c8996fb92427ae41e4649b934ca495991b7852b855,0,0,0,0
UNCHANGED,backend/modules/payment/airtel/collections/idempotencyManager.js,e3b0c44298fc1c149afbf4c8996fb92427ae41e4649b934ca495991b7852b855,e3b0c44298fc1c149afbf4c8996fb92427ae41e4649b934ca495991b7852b855,0,0,0,0
UNCHANGED,backend/modules/payment/airtel/collections/index.js,e3b0c44298fc1c149afbf4c8996fb92427ae41e4649b934ca495991b7852b855,e3b0c44298fc1c149afbf4c8996fb92427ae41e4649b934ca495991b7852b855,0,0,0,0
UNCHANGED,backend/modules/payment/airtel/collections/ledgerBridge.js,e3b0c44298fc1c149afbf4c8996fb92427ae41e4649b934ca495991b7852b855,e3b0c44298fc1c149afbf4c8996fb92427ae41e4649b934ca495991b7852b855,0,0,0,0
UNCHANGED,backend/modules/payment/airtel/collections/transactionBuilder.js,e3b0c44298fc1c149afbf4c8996fb92427ae41e4649b934ca495991b7852b855,e3b0c44298fc1c149afbf4c8996fb92427ae41e4649b934ca495991b7852b855,0,0,0,0
UNCHANGED,backend/modules/payment/airtel/collections/transactionStateMachine.js,e3b0c44298fc1c149afbf4c8996fb92427ae41e4649b934ca495991b7852b855,e3b0c44298fc1c149afbf4c8996fb92427ae41e4649b934ca495991b7852b855,0,0,0,0
UNCHANGED,backend/modules/payment/airtel/disbursements.js,2a1f27574ba5b2f000072f4dd9f72f107e5eab7459d2aa1080c6c2adcd7a225c,2a1f27574ba5b2f000072f4dd9f72f107e5eab7459d2aa1080c6c2adcd7a225c,58570,58570,2479,2479
UNCHANGED,backend/modules/payment/airtel/disbursements/approvalWorkflow.js,e3b0c44298fc1c149afbf4c8996fb92427ae41e4649b934ca495991b7852b855,e3b0c44298fc1c149afbf4c8996fb92427ae41e4649b934ca495991b7852b855,0,0,0,0
UNCHANGED,backend/modules/payment/airtel/disbursements/beneficiaryValidator.js,e3b0c44298fc1c149afbf4c8996fb92427ae41e4649b934ca495991b7852b855,e3b0c44298fc1c149afbf4c8996fb92427ae41e4649b934ca495991b7852b855,0,0,0,0
UNCHANGED,backend/modules/payment/airtel/disbursements/compensationManager.js,e3b0c44298fc1c149afbf4c8996fb92427ae41e4649b934ca495991b7852b855,e3b0c44298fc1c149afbf4c8996fb92427ae41e4649b934ca495991b7852b855,0,0,0,0
UNCHANGED,backend/modules/payment/airtel/disbursements/constants.js,e3b0c44298fc1c149afbf4c8996fb92427ae41e4649b934ca495991b7852b855,e3b0c44298fc1c149afbf4c8996fb92427ae41e4649b934ca495991b7852b855,0,0,0,0
UNCHANGED,backend/modules/payment/airtel/disbursements/disbursementService.js,e3b0c44298fc1c149afbf4c8996fb92427ae41e4649b934ca495991b7852b855,e3b0c44298fc1c149afbf4c8996fb92427ae41e4649b934ca495991b7852b855,0,0,0,0
UNCHANGED,backend/modules/payment/airtel/disbursements/fraudGuard.js,e3b0c44298fc1c149afbf4c8996fb92427ae41e4649b934ca495991b7852b855,e3b0c44298fc1c149afbf4c8996fb92427ae41e4649b934ca495991b7852b855,0,0,0,0
UNCHANGED,backend/modules/payment/airtel/disbursements/idempotencyManager.js,e3b0c44298fc1c149afbf4c8996fb92427ae41e4649b934ca495991b7852b855,e3b0c44298fc1c149afbf4c8996fb92427ae41e4649b934ca495991b7852b855,0,0,0,0
UNCHANGED,backend/modules/payment/airtel/disbursements/index.js,e3b0c44298fc1c149afbf4c8996fb92427ae41e4649b934ca495991b7852b855,e3b0c44298fc1c149afbf4c8996fb92427ae41e4649b934ca495991b7852b855,0,0,0,0
UNCHANGED,backend/modules/payment/airtel/disbursements/ledgerBridge.js,e3b0c44298fc1c149afbf4c8996fb92427ae41e4649b934ca495991b7852b855,e3b0c44298fc1c149afbf4c8996fb92427ae41e4649b934ca495991b7852b855,0,0,0,0
UNCHANGED,backend/modules/payment/airtel/disbursements/settlementTracker.js,e3b0c44298fc1c149afbf4c8996fb92427ae41e4649b934ca495991b7852b855,e3b0c44298fc1c149afbf4c8996fb92427ae41e4649b934ca495991b7852b855,0,0,0,0
UNCHANGED,backend/modules/payment/airtel/disbursements/transactionBuilder.js,e3b0c44298fc1c149afbf4c8996fb92427ae41e4649b934ca495991b7852b855,e3b0c44298fc1c149afbf4c8996fb92427ae41e4649b934ca495991b7852b855,0,0,0,0
UNCHANGED,backend/modules/payment/airtel/disbursements/transactionStateMachine.js,e3b0c44298fc1c149afbf4c8996fb92427ae41e4649b934ca495991b7852b855,e3b0c44298fc1c149afbf4c8996fb92427ae41e4649b934ca495991b7852b855,0,0,0,0
UNCHANGED,backend/modules/payment/airtel/index.js,77204306a6045517a3b920d60d6206db9a79a3cb38ee5fd5a9bb0689571115f7,77204306a6045517a3b920d60d6206db9a79a3cb38ee5fd5a9bb0689571115f7,32923,32923,1423,1423
UNCHANGED,backend/modules/payment/airtel/intelligence/aiDecisionEngine.js,c720e1042815437bd9d1243b3c35ed97afc4e175ea6e87f58e447414d01642e8,c720e1042815437bd9d1243b3c35ed97afc4e175ea6e87f58e447414d01642e8,77678,77678,3802,3802
UNCHANGED,backend/modules/payment/airtel/intelligence/analyticsPipeline.js,b8dc581ed33bc64433b7fbd6e3adca65f41a6c6bc115fbb69714594bd7e0f0ef,b8dc581ed33bc64433b7fbd6e3adca65f41a6c6bc115fbb69714594bd7e0f0ef,74197,74197,3571,3571
UNCHANGED,backend/modules/payment/airtel/intelligence/autonomousRouter.js,a1c3d6f9402884449c696203df63a4ff9686364a36d05166449b980f85d0f417,a1c3d6f9402884449c696203df63a4ff9686364a36d05166449b980f85d0f417,83344,83344,4220,4220
UNCHANGED,backend/modules/payment/airtel/intelligence/callbackIntelligenceService.js,1ee50466894a4be08bf4293685e4b545bf2a98531c2429428fa6c342086ff505,1ee50466894a4be08bf4293685e4b545bf2a98531c2429428fa6c342086ff505,68331,68331,3385,3385
UNCHANGED,backend/modules/payment/airtel/intelligence/callbackWarehouse.js,139089f6604ad4876deacee1ad9d1201f2a00c6885406f578a858c853cf83e92,139089f6604ad4876deacee1ad9d1201f2a00c6885406f578a858c853cf83e92,74383,74383,3822,3822
UNCHANGED,backend/modules/payment/airtel/intelligence/command-center/agentOrchestrator.js,e885689cfdd7ea055711e4250e8e824fdf34b9b7f2b1e1305114791f449cb05b,e885689cfdd7ea055711e4250e8e824fdf34b9b7f2b1e1305114791f449cb05b,89917,89917,4765,4765
UNCHANGED,backend/modules/payment/airtel/intelligence/command-center/alertManager.js,e3b0c44298fc1c149afbf4c8996fb92427ae41e4649b934ca495991b7852b855,e3b0c44298fc1c149afbf4c8996fb92427ae41e4649b934ca495991b7852b855,0,0,0,0
UNCHANGED,backend/modules/payment/airtel/intelligence/command-center/commandRegistry.js,85f629a720bfbacf234eb0cda52eed0c8c65549e4466e41eb7ecba034e74c0cf,85f629a720bfbacf234eb0cda52eed0c8c65549e4466e41eb7ecba034e74c0cf,106485,106485,3286,3286
UNCHANGED,backend/modules/payment/airtel/intelligence/command-center/complianceCenter.js,94cc2798561fe335a4dadac8ebf76dec50bb6f7ffef23aae257cdda2ebaa1343,94cc2798561fe335a4dadac8ebf76dec50bb6f7ffef23aae257cdda2ebaa1343,99958,99958,5573,5573
UNCHANGED,backend/modules/payment/airtel/intelligence/command-center/dashboardAggregator.js,b2b71d15050b9b7241625efdd5746ad932bf9e494505a016f882e8f37a1ec833,b2b71d15050b9b7241625efdd5746ad932bf9e494505a016f882e8f37a1ec833,80440,80440,4903,4903
UNCHANGED,backend/modules/payment/airtel/intelligence/command-center/diagnosticsService.js,ef5f4268af86c6c01de2de1c64441f0a8bc78369fdeb7784b22942eba6c07608,ef5f4268af86c6c01de2de1c64441f0a8bc78369fdeb7784b22942eba6c07608,104071,104071,5414,5414
UNCHANGED,backend/modules/payment/airtel/intelligence/command-center/executiveRiskCenter.js,dc7fe5d680a6f91ece51ad5de95e745717e186097fbc12d2781a73fb23418566,dc7fe5d680a6f91ece51ad5de95e745717e186097fbc12d2781a73fb23418566,106814,106814,6672,6672
UNCHANGED,backend/modules/payment/airtel/intelligence/command-center/incidentPredictor.js,f7eaff326491147e940dfcd77ef2e270b65af7f1857b5ae8f73675bbb750ceed,f7eaff326491147e940dfcd77ef2e270b65af7f1857b5ae8f73675bbb750ceed,108553,108553,6677,6677
UNCHANGED,backend/modules/payment/airtel/intelligence/command-center/notificationGateway.js,b0d363f738b61d2f167160d1d53c82793ebdfdbe9442493da327f6432a1595b4,b0d363f738b61d2f167160d1d53c82793ebdfdbe9442493da327f6432a1595b4,78032,78032,4536,4536
UNCHANGED,backend/modules/payment/airtel/intelligence/command-center/operationsCockpit.js,919042d0e48bad153e71bf0a43f0982107cbc9ca0923cc2d2fa70f4ec4a4e8c6,919042d0e48bad153e71bf0a43f0982107cbc9ca0923cc2d2fa70f4ec4a4e8c6,85619,85619,5070,5070
UNCHANGED,backend/modules/payment/airtel/intelligence/command-center/paymentCommandCenter.js,76782d7c173ae200cf61602815017ef25c71173ddec5ea5ab478411648636e0b,76782d7c173ae200cf61602815017ef25c71173ddec5ea5ab478411648636e0b,2845,2845,108,108
UNCHANGED,backend/modules/payment/airtel/intelligence/command-center/providerIntelligence.js,9fcc39b8d60723b466cafbaaeb661e658cdf08d4a25607e35afab3ed092d8ce1,9fcc39b8d60723b466cafbaaeb661e658cdf08d4a25607e35afab3ed092d8ce1,104732,104732,5494,5494
UNCHANGED,backend/modules/payment/airtel/intelligence/command-center/slaManager.js,15818c1e66795b732058730e412f6fd9b42c66883d1c7fbc30bc59b03bcdcea6,15818c1e66795b732058730e412f6fd9b42c66883d1c7fbc30bc59b03bcdcea6,114334,114334,6194,6194
UNCHANGED,backend/modules/payment/airtel/intelligence/command-center/workflowRegistry.js,e5b85cecc8ea316448a339c942046ef70857fddf32bd955a91e1fe157f86e5a0,e5b85cecc8ea316448a339c942046ef70857fddf32bd955a91e1fe157f86e5a0,86898,86898,4327,4327
UNCHANGED,backend/modules/payment/airtel/intelligence/command-center/workflowScheduler.js,2196b80841e4ccb23dd903739c13c94bdc5365184281a994d9bd29c2c8abf428,2196b80841e4ccb23dd903739c13c94bdc5365184281a994d9bd29c2c8abf428,109825,109825,6297,6297
UNCHANGED,backend/modules/payment/airtel/intelligence/commandCenter.js,37b6cb8dbc18f428e38ef3e88b53586ede321df1f0c737259633caf7c7866554,37b6cb8dbc18f428e38ef3e88b53586ede321df1f0c737259633caf7c7866554,90984,90984,4975,4975
UNCHANGED,backend/modules/payment/airtel/intelligence/decisionExplainer.js,92158a64b0284e249792372accd0eed0a0e0f6a1d511e544120a20eae0823473,92158a64b0284e249792372accd0eed0a0e0f6a1d511e544120a20eae0823473,66486,66486,3752,3752
UNCHANGED,backend/modules/payment/airtel/intelligence/executiveBI.js,497c67fe6eab810811d01959d5e6dc982fb47acf57edb1bb8f94dc4411c64632,497c67fe6eab810811d01959d5e6dc982fb47acf57edb1bb8f94dc4411c64632,77954,77954,3454,3454
UNCHANGED,backend/modules/payment/airtel/intelligence/featureStore.js,f0911e9dafefe2438c45676df17614cdd52abc6dd00bea85a4e5dbe27d3b8e57,f0911e9dafefe2438c45676df17614cdd52abc6dd00bea85a4e5dbe27d3b8e57,70134,70134,3612,3612
UNCHANGED,backend/modules/payment/airtel/intelligence/fraudModelEngine.js,3de2d0b34638e74c4d1167dc0502da902b98c49993efd1737d8f1b24c1a03867,3de2d0b34638e74c4d1167dc0502da902b98c49993efd1737d8f1b24c1a03867,106826,106826,5867,5867
UNCHANGED,backend/modules/payment/airtel/intelligence/governance/approvalWorkflow.js,1ef4e409aa07a78618dcecbce8df9e68435a81647e2fd8f18b42bd0ff13fa7b0,1ef4e409aa07a78618dcecbce8df9e68435a81647e2fd8f18b42bd0ff13fa7b0,69188,69188,3605,3605
UNCHANGED,backend/modules/payment/airtel/intelligence/governance/complianceOverrideManager.js,6a08f7ead92da864cc3729964f5050db4459aa469bde84706ade4c40bde4be08,6a08f7ead92da864cc3729964f5050db4459aa469bde84706ade4c40bde4be08,79612,79612,4259,4259
UNCHANGED,backend/modules/payment/airtel/intelligence/governance/confidenceManager.js,75f3ae5eab42d46a6597c712aa3922f36cea65b15f2cd050c951fe4b64991543,75f3ae5eab42d46a6597c712aa3922f36cea65b15f2cd050c951fe4b64991543,47849,47849,2879,2879
UNCHANGED,backend/modules/payment/airtel/intelligence/governance/decisionAuditLedger.js,0f1651e6ae91f51f04706d2c8391228290b87b6b5e2232d07c1d69f9dd9086b3,0f1651e6ae91f51f04706d2c8391228290b87b6b5e2232d07c1d69f9dd9086b3,59677,59677,2910,2910
UNCHANGED,backend/modules/payment/airtel/intelligence/governance/decisionGovernanceService.js,4d2c3e64cf8e5e15f871c307eee01afc72e55d016b765d1e323405a89119cbd2,4d2c3e64cf8e5e15f871c307eee01afc72e55d016b765d1e323405a89119cbd2,84150,84150,4390,4390
UNCHANGED,backend/modules/payment/airtel/intelligence/governance/decisionPolicyEngine.js,a82917f6147613cdbe30a53b7209fe71dead84c2646ecc91fcc559a8c38eb0fc,a82917f6147613cdbe30a53b7209fe71dead84c2646ecc91fcc559a8c38eb0fc,89493,89493,4279,4279
UNCHANGED,backend/modules/payment/airtel/intelligence/governance/explainabilityStore.js,5e72b6b3990788997912ecc543bafb9490dd57c6d90292e4505a38a00bb24e05,5e72b6b3990788997912ecc543bafb9490dd57c6d90292e4505a38a00bb24e05,83718,83718,4364,4364
UNCHANGED,backend/modules/payment/airtel/intelligence/governance/governanceDashboard.js,b3bfe720252f0da7f21ea5b4d95fe99a7d7a671c49d09a41f3b22f48f0ece91e,b3bfe720252f0da7f21ea5b4d95fe99a7d7a671c49d09a41f3b22f48f0ece91e,84108,84108,4489,4489
UNCHANGED,backend/modules/payment/airtel/intelligence/governance/modelDriftMonitor.js,353d0c7560dbb4d681f9963410e9ee5596ad059eb3caf5df25f3d0fee2470e5c,353d0c7560dbb4d681f9963410e9ee5596ad059eb3caf5df25f3d0fee2470e5c,112795,112795,6547,6547
UNCHANGED,backend/modules/payment/airtel/intelligence/learningEngine.js,985e6d737ebea8c05c3f9bc8e207d9d4211837a737a6bd61d574294ad4ea9e18,985e6d737ebea8c05c3f9bc8e207d9d4211837a737a6bd61d574294ad4ea9e18,95368,95368,5320,5320
UNCHANGED,backend/modules/payment/airtel/intelligence/liquidityPredictor.js,8824bcff293dbecc819d8f1b1c91459b2ae0a21f9a864bed4c292419e8f2d612,8824bcff293dbecc819d8f1b1c91459b2ae0a21f9a864bed4c292419e8f2d612,112014,112014,6218,6218
UNCHANGED,backend/modules/payment/airtel/intelligence/modelFeedbackService.js,edaa5b6d98351d434b50713566b57875538db14c153b6fbf4d9956683fff7b91,edaa5b6d98351d434b50713566b57875538db14c153b6fbf4d9956683fff7b91,91780,91780,4929,4929
UNCHANGED,backend/modules/payment/airtel/intelligence/operations/commandCenterOrchestrator.js,b78ee21707fcfbb4787d4766fcdbd80da097e0fc0d108b19b8d3e08307643d44,b78ee21707fcfbb4787d4766fcdbd80da097e0fc0d108b19b8d3e08307643d44,75133,75133,2734,2734
UNCHANGED,backend/modules/payment/airtel/intelligence/operations/incidentResponseAgent.js,cd2a4dfabbf6f78dac279c97f59b1ef39668257981a556280f955f3c8e95bb91,cd2a4dfabbf6f78dac279c97f59b1ef39668257981a556280f955f3c8e95bb91,741,741,82,82
UNCHANGED,backend/modules/payment/airtel/intelligence/operations/liquidityOptimizer.js,72ccc4a1973347a4c06a2a53139646a96282e7c311f0aa1251c1e085c4822575,72ccc4a1973347a4c06a2a53139646a96282e7c311f0aa1251c1e085c4822575,572,572,68,68
UNCHANGED,backend/modules/payment/airtel/intelligence/operations/naturalLanguageOperator.js,e66dc6d0213f764180b764bb21a7e79a8f957c943b6124ec4814c820706e8d02,e66dc6d0213f764180b764bb21a7e79a8f957c943b6124ec4814c820706e8d02,342,342,39,39
UNCHANGED,backend/modules/payment/airtel/intelligence/operations/operationsAgent.js,848e9f1eb0f7d151478935a79b06a6ebfab2dc3a5afe2cd149165de93b86ed57,848e9f1eb0f7d151478935a79b06a6ebfab2dc3a5afe2cd149165de93b86ed57,8854,8854,464,464
UNCHANGED,backend/modules/payment/airtel/intelligence/operations/reconciliationAgent.js,0791c025e91ab264ca63b6098b37b58c6cd587f3e53b52fa2436c1d8571ad9f4,0791c025e91ab264ca63b6098b37b58c6cd587f3e53b52fa2436c1d8571ad9f4,541,541,59,59
UNCHANGED,backend/modules/payment/airtel/intelligence/operations/regulatoryReportingAgent.js,1ac10d9314af866e19b181967fc883572983fd82087c1ca6ec788e0cff1ca376,1ac10d9314af866e19b181967fc883572983fd82087c1ca6ec788e0cff1ca376,418,418,47,47
UNCHANGED,backend/modules/payment/airtel/intelligence/operations/settlementAgent.js,94acb0f23f408b9606411af01082b03c343c5731e62211cd56730cf24c6eaefc,94acb0f23f408b9606411af01082b03c343c5731e62211cd56730cf24c6eaefc,537,537,55,55
UNCHANGED,backend/modules/payment/airtel/intelligence/operationsAgent.js,c32712df10b50fcc9226790f1b757405ad11acaaae2ebfaa70190f87c4007ed2,c32712df10b50fcc9226790f1b757405ad11acaaae2ebfaa70190f87c4007ed2,78855,78855,3364,3364
UNCHANGED,backend/modules/payment/airtel/intelligence/optimizationEngine.js,4fff0fb6ad77df0b6fd3c8d771d68e07981b6bb3ec587bbd5400afb9288312e3,4fff0fb6ad77df0b6fd3c8d771d68e07981b6bb3ec587bbd5400afb9288312e3,96147,96147,4650,4650
UNCHANGED,backend/modules/payment/airtel/intelligence/predictionEngine.js,b1b98f54f2b5ffbac37f87116cad7a2295e9cffbc4377bb1487a90d8b68ea4dc,b1b98f54f2b5ffbac37f87116cad7a2295e9cffbc4377bb1487a90d8b68ea4dc,94702,94702,5305,5305
UNCHANGED,backend/modules/payment/airtel/intelligence/providerLearningEngine.js,534c5b74a3901429a542ac1f2a1f2c94ea8232d823b9b7bf462c415ceacf6130,534c5b74a3901429a542ac1f2a1f2c94ea8232d823b9b7bf462c415ceacf6130,101174,101174,5597,5597
UNCHANGED,backend/modules/payment/airtel/intelligence/recommendationEngine.js,b3c42f073850f0852396abf7237bf6ff91bd1691484c446403af391e796f3db9,b3c42f073850f0852396abf7237bf6ff91bd1691484c446403af391e796f3db9,73858,73858,3877,3877
UNCHANGED,backend/modules/payment/airtel/intelligence/reconciliationRepairEngine.js,32e455be98974b17458735771249925b24fcb33b63fdac404122ec21fa5baf3a,32e455be98974b17458735771249925b24fcb33b63fdac404122ec21fa5baf3a,66225,66225,3568,3568
UNCHANGED,backend/modules/payment/airtel/intelligence/regulatoryIntelligence.js,48c813ff82a7376617c37c23fc13242f60a19d06fd93373d0be62f27fce30aae,48c813ff82a7376617c37c23fc13242f60a19d06fd93373d0be62f27fce30aae,136864,136864,6656,6656
UNCHANGED,backend/modules/payment/airtel/intelligence/retryIntelligence.js,00f65e01988f005ea71dcc15402b3c957e6c6dc521029bdb3579c0601820ad66,00f65e01988f005ea71dcc15402b3c957e6c6dc521029bdb3579c0601820ad66,87254,87254,3344,3344
UNCHANGED,backend/modules/payment/airtel/reconciliation/reconciliationEngine.js,dff18e036bc7a5c0d3ca975eb8576dc51f943eec5aeebd09f695d0be6724d80c,dff18e036bc7a5c0d3ca975eb8576dc51f943eec5aeebd09f695d0be6724d80c,90473,90473,4264,4264
UNCHANGED,backend/modules/payment/airtel/reconciliation/reconciliationMatcher.js,2e656e503d8a1952b292fed1c339f3694ec5a346ddbe25e2cbdc8910c2f8b171,2e656e503d8a1952b292fed1c339f3694ec5a346ddbe25e2cbdc8910c2f8b171,65741,65741,3149,3149
UNCHANGED,backend/modules/payment/airtel/reconciliation/reconciliationReporter.js,ee3c10f5985973a992ab982ced7eb73452a1f65e483d6a8b05acdf523034562b,ee3c10f5985973a992ab982ced7eb73452a1f65e483d6a8b05acdf523034562b,62799,62799,3065,3065
UNCHANGED,backend/modules/payment/airtel/reconciliation/reconciliationService.js,438da6fefb8950db7fb3aa995eb1c7a0269561d652a980f41307a50f556f9a41,438da6fefb8950db7fb3aa995eb1c7a0269561d652a980f41307a50f556f9a41,58239,58239,2794,2794
UNCHANGED,backend/modules/payment/airtel/settlement.js,39ea82c98a125fac40e42cb6d4a2185705f2ed8b066e46d8f2ab068f4e17e5fd,39ea82c98a125fac40e42cb6d4a2185705f2ed8b066e46d8f2ab068f4e17e5fd,75760,75760,3083,3083
UNCHANGED,backend/modules/payment/airtel/settlement/settlementReconciler.js,dd6e24416eabc626256c1e7367518658b488b798b8147c0716b17ec27d1d4bbe,dd6e24416eabc626256c1e7367518658b488b798b8147c0716b17ec27d1d4bbe,62031,62031,2813,2813
UNCHANGED,backend/modules/payment/airtel/settlement/settlementScheduler.js,f1853f1ffa743d5ada5dcd99bbe2febbf788b6ca2fbc3f1fceac538786f92a44,f1853f1ffa743d5ada5dcd99bbe2febbf788b6ca2fbc3f1fceac538786f92a44,78651,78651,3425,3425
UNCHANGED,backend/modules/payment/airtel/settlement/settlementService.js,dfef6ce86bf37487433a70bd14a6bcd40b6919572b844d15d4d8b16989470704,dfef6ce86bf37487433a70bd14a6bcd40b6919572b844d15d4d8b16989470704,96977,96977,7823,7823
UNCHANGED,backend/modules/payment/airtel/settlement/settlementTracker.js,84ab30b29b32c0cbd500dd587d9497cf97cacd56ee59c890b9d7f2755922d2af,84ab30b29b32c0cbd500dd587d9497cf97cacd56ee59c890b9d7f2755922d2af,67085,67085,3103,3103
UNCHANGED,backend/modules/payment/airtel/shared/configuration.js,264530d8f471daf7755f73e405141e622dcd11ed25e49ee4caff23e756c6bf81,264530d8f471daf7755f73e405141e622dcd11ed25e49ee4caff23e756c6bf81,52152,52152,2279,2279
UNCHANGED,backend/modules/payment/airtel/shared/errors.js,e50d0721503f897c5dba1dd484092b8e0012ca4f627a3106ea09bf0e75c3ce02,e50d0721503f897c5dba1dd484092b8e0012ca4f627a3106ea09bf0e75c3ce02,57976,57976,2867,2867
UNCHANGED,backend/modules/payment/airtel/shared/queue/deadLetterQueue.js,745e691cbc05d8689e0a5bd16a57b5e30d678ea771043512988ec060cc125ef3,745e691cbc05d8689e0a5bd16a57b5e30d678ea771043512988ec060cc125ef3,56486,56486,2599,2599
UNCHANGED,backend/modules/payment/airtel/shared/queue/paymentEvents.js,1af432395d170a71419bc79a0e78be58505116980122ce108a148ad586211a4b,1af432395d170a71419bc79a0e78be58505116980122ce108a148ad586211a4b,37751,37751,1799,1799
UNCHANGED,backend/modules/payment/airtel/shared/requestBuilder.js,9a4db18a72cd8d115be6139a699ef02ebf7bc09ef1cba0eacbb87e85e004201f,9a4db18a72cd8d115be6139a699ef02ebf7bc09ef1cba0eacbb87e85e004201f,37752,37752,1848,1848
UNCHANGED,backend/modules/payment/airtel/shared/security/signatureService.js,43b6044920ca1304c6bf5fbdc3d3c4e3d6a39408bbe44fb5c01da7ad3605cf00,43b6044920ca1304c6bf5fbdc3d3c4e3d6a39408bbe44fb5c01da7ad3605cf00,40829,40829,1794,1794
UNCHANGED,backend/modules/payment/callbacks/README.md,e3b0c44298fc1c149afbf4c8996fb92427ae41e4649b934ca495991b7852b855,e3b0c44298fc1c149afbf4c8996fb92427ae41e4649b934ca495991b7852b855,0,0,0,0
UNCHANGED,backend/modules/payment/callbacks/bootstrap/callbackReliabilityBootstrap.js,98ff44bdad43339c7569ee2bb0d213c660170ac5515742796c49653ae3f48acf,98ff44bdad43339c7569ee2bb0d213c660170ac5515742796c49653ae3f48acf,471,471,42,42
UNCHANGED,backend/modules/payment/callbacks/callbackAudit.js,e3b0c44298fc1c149afbf4c8996fb92427ae41e4649b934ca495991b7852b855,e3b0c44298fc1c149afbf4c8996fb92427ae41e4649b934ca495991b7852b855,0,0,0,0
UNCHANGED,backend/modules/payment/callbacks/callbackAuditService.js,e3b0c44298fc1c149afbf4c8996fb92427ae41e4649b934ca495991b7852b855,e3b0c44298fc1c149afbf4c8996fb92427ae41e4649b934ca495991b7852b855,0,0,0,0
UNCHANGED,backend/modules/payment/callbacks/callbackAuthenticator.js,e3b0c44298fc1c149afbf4c8996fb92427ae41e4649b934ca495991b7852b855,e3b0c44298fc1c149afbf4c8996fb92427ae41e4649b934ca495991b7852b855,0,0,0,0
UNCHANGED,backend/modules/payment/callbacks/callbackConstants.js,15e20b8cc32976287a6727c6bd432ac7737c27d8157023c84cd1d1bb25224b70,15e20b8cc32976287a6727c6bd432ac7737c27d8157023c84cd1d1bb25224b70,944,944,63,63
UNCHANGED,backend/modules/payment/callbacks/callbackDeduplicator.js,e3b0c44298fc1c149afbf4c8996fb92427ae41e4649b934ca495991b7852b855,e3b0c44298fc1c149afbf4c8996fb92427ae41e4649b934ca495991b7852b855,0,0,0,0
UNCHANGED,backend/modules/payment/callbacks/callbackDispatcher.js,11531ea39e36429b3770cf2e1c6e7637e2eb06d4cb95e1fedee67cea83bf77f8,11531ea39e36429b3770cf2e1c6e7637e2eb06d4cb95e1fedee67cea83bf77f8,1035,1035,79,79
UNCHANGED,backend/modules/payment/callbacks/callbackErrors.js,03fb32399251b8b1534fbad2fe98df1be0a9a306a4ce61406cd760446711822e,03fb32399251b8b1534fbad2fe98df1be0a9a306a4ce61406cd760446711822e,1459,1459,96,96
UNCHANGED,backend/modules/payment/callbacks/callbackFactory.js,e3b0c44298fc1c149afbf4c8996fb92427ae41e4649b934ca495991b7852b855,e3b0c44298fc1c149afbf4c8996fb92427ae41e4649b934ca495991b7852b855,0,0,0,0
UNCHANGED,backend/modules/payment/callbacks/callbackLifecycle.js,e3b0c44298fc1c149afbf4c8996fb92427ae41e4649b934ca495991b7852b855,e3b0c44298fc1c149afbf4c8996fb92427ae41e4649b934ca495991b7852b855,0,0,0,0
UNCHANGED,backend/modules/payment/callbacks/callbackMetrics.js,e3b0c44298fc1c149afbf4c8996fb92427ae41e4649b934ca495991b7852b855,e3b0c44298fc1c149afbf4c8996fb92427ae41e4649b934ca495991b7852b855,0,0,0,0
UNCHANGED,backend/modules/payment/callbacks/callbackNormalizer.js,06f48911da808112190a2bf315c2d0e8310b3d2edc93393853d6e0733291dfad,06f48911da808112190a2bf315c2d0e8310b3d2edc93393853d6e0733291dfad,832,832,61,61
UNCHANGED,backend/modules/payment/callbacks/callbackPersistence.js,e3b0c44298fc1c149afbf4c8996fb92427ae41e4649b934ca495991b7852b855,e3b0c44298fc1c149afbf4c8996fb92427ae41e4649b934ca495991b7852b855,0,0,0,0
UNCHANGED,backend/modules/payment/callbacks/callbackProcessingEngine.js,80a5c537a2c9a0122c706561a4fe81e326262e7b94f4e6977027d1630bd19e82,80a5c537a2c9a0122c706561a4fe81e326262e7b94f4e6977027d1630bd19e82,1345,1345,148,148
UNCHANGED,backend/modules/payment/callbacks/callbackProcessor.js,b4833c0bc481e438c6311b95cf648bdce41a7718a7c474d7f35018c163f3da99,b4833c0bc481e438c6311b95cf648bdce41a7718a7c474d7f35018c163f3da99,1163,1163,138,138
UNCHANGED,backend/modules/payment/callbacks/callbackRegistry.js,a2c70e9270104330d5befed22f3db06fc9930e621d788c9c38c794791a97a957,a2c70e9270104330d5befed22f3db06fc9930e621d788c9c38c794791a97a957,3722,3722,186,186
UNCHANGED,backend/modules/payment/callbacks/callbackReplayService.js,e3b0c44298fc1c149afbf4c8996fb92427ae41e4649b934ca495991b7852b855,e3b0c44298fc1c149afbf4c8996fb92427ae41e4649b934ca495991b7852b855,0,0,0,0
UNCHANGED,backend/modules/payment/callbacks/callbackRouter.js,e3b0c44298fc1c149afbf4c8996fb92427ae41e4649b934ca495991b7852b855,e3b0c44298fc1c149afbf4c8996fb92427ae41e4649b934ca495991b7852b855,0,0,0,0
UNCHANGED,backend/modules/payment/callbacks/callbackValidator.js,76480d6110a8c3250ae98a085411e51d3e8c4429550c181332a6f64459dc2727,76480d6110a8c3250ae98a085411e51d3e8c4429550c181332a6f64459dc2727,1110,1110,89,89
UNCHANGED,backend/modules/payment/callbacks/index.js,aded8d0b8b5eeeccfab75bbc50f31861b29dba6547ee856ca922ac1ff7eb52ad,aded8d0b8b5eeeccfab75bbc50f31861b29dba6547ee856ca922ac1ff7eb52ad,357,357,18,18
UNCHANGED,backend/modules/payment/callbacks/intelligence/alerting/paymentReliabilityAlertManager.js,53b38a8ce2fd91928b33507bb52a33920072853fdb1536db8da31e119a837871,53b38a8ce2fd91928b33507bb52a33920072853fdb1536db8da31e119a837871,10224,10224,789,789
UNCHANGED,backend/modules/payment/callbacks/intelligence/anomaly/anomalyConstants.js,8c1c6c4f663663e0041402f2f090780f3bc820beb04fdd6d5bf82c2fd1b07ca1,8c1c6c4f663663e0041402f2f090780f3bc820beb04fdd6d5bf82c2fd1b07ca1,7115,7115,395,395
UNCHANGED,backend/modules/payment/callbacks/intelligence/anomaly/anomalyErrors.js,8988b53cb3c58368d73586bd1d4c6f14167a0dae4b06cf58801291611ff869b3,8988b53cb3c58368d73586bd1d4c6f14167a0dae4b06cf58801291611ff869b3,9783,9783,513,513
UNCHANGED,backend/modules/payment/callbacks/intelligence/anomaly/anomalyRecommendationEngine.js,61f5a6c09331dc213f722b2ddc8db55f47f1c2b698dc194e004ab8abc77cf5e3,61f5a6c09331dc213f722b2ddc8db55f47f1c2b698dc194e004ab8abc77cf5e3,8703,8703,611,611
UNCHANGED,backend/modules/payment/callbacks/intelligence/anomaly/anomalyScoreCalculator.js,2227eab65518a03d1aa397cf7e59696d8a08c13a785ea7bbf3920f1812b56092,2227eab65518a03d1aa397cf7e59696d8a08c13a785ea7bbf3920f1812b56092,8029,8029,622,622
UNCHANGED,backend/modules/payment/callbacks/intelligence/anomaly/anomalyUtils.js,512c722f0b05e9f226499d879db4e4ee3fb1bf2f1234235526100860ae49ba15,512c722f0b05e9f226499d879db4e4ee3fb1bf2f1234235526100860ae49ba15,8228,8228,496,496
UNCHANGED,backend/modules/payment/callbacks/intelligence/anomaly/duplicateDetector.js,74edec013f342c541ca1699534043ef460d6a251e607d16043eb6df25ea4aabc,74edec013f342c541ca1699534043ef460d6a251e607d16043eb6df25ea4aabc,9895,9895,525,525
UNCHANGED,backend/modules/payment/callbacks/intelligence/anomaly/failureRateDetector.js,51fbc0e169cedfc92dada3b6e927c9fe21520a01c37408758ab86786c5a68b9c,51fbc0e169cedfc92dada3b6e927c9fe21520a01c37408758ab86786c5a68b9c,9367,9367,522,522
UNCHANGED,backend/modules/payment/callbacks/intelligence/anomaly/index.js,63abd92ac229cb023b01c23df0c4012bae5da42c89971275738074e5815273dc,63abd92ac229cb023b01c23df0c4012bae5da42c89971275738074e5815273dc,568,568,12,12
UNCHANGED,backend/modules/payment/callbacks/intelligence/anomaly/ipDetector.js,eab52373f4e31e0b426fbdfa0db845dc75c8b2066e76401852f916a11e3f4096,eab52373f4e31e0b426fbdfa0db845dc75c8b2066e76401852f916a11e3f4096,10388,10388,846,846
UNCHANGED,backend/modules/payment/callbacks/intelligence/anomaly/latencyDetector.js,4c46744205ef4fb6119b4b1332214f68f2438ce12d3534dd3f7efad42402513e,4c46744205ef4fb6119b4b1332214f68f2438ce12d3534dd3f7efad42402513e,7694,7694,425,425
UNCHANGED,backend/modules/payment/callbacks/intelligence/anomaly/payloadDetector.js,a94fce28ae15b176e50f4d6b2476341f2a0e7fffb0bde19de8ae12dd34701c0d,a94fce28ae15b176e50f4d6b2476341f2a0e7fffb0bde19de8ae12dd34701c0d,7601,7601,461,461
UNCHANGED,backend/modules/payment/callbacks/intelligence/anomaly/sequenceDetector.js,835ce881f9623128f7f1da2aa7afe4c30916b4a28124bb8f8b826664780234ac,835ce881f9623128f7f1da2aa7afe4c30916b4a28124bb8f8b826664780234ac,7526,7526,478,478
UNCHANGED,backend/modules/payment/callbacks/intelligence/anomaly/timingDetector.js,fd1764ad43e8bad9fe3ebdb06311f5352bfa34888f6201e2ab49661dec0c9df3,fd1764ad43e8bad9fe3ebdb06311f5352bfa34888f6201e2ab49661dec0c9df3,10048,10048,592,592
UNCHANGED,backend/modules/payment/callbacks/intelligence/anomaly/volumeDetector.js,f08d092527ce6d9e262d8ea96d92d6bebc310beb2650a5ffd546883bbac0fdf1,f08d092527ce6d9e262d8ea96d92d6bebc310beb2650a5ffd546883bbac0fdf1,7931,7931,402,402
UNCHANGED,backend/modules/payment/callbacks/intelligence/audit/paymentReliabilityAuditEvidenceManager.js,a1b1ab282606ce2ed6cb6dd6032c50f64af01e98d69ecdae201005602becdd9d,a1b1ab282606ce2ed6cb6dd6032c50f64af01e98d69ecdae201005602becdd9d,11624,11624,907,907
UNCHANGED,backend/modules/payment/callbacks/intelligence/bootstrap/callbackIntelligenceBootstrap.js,e3b0c44298fc1c149afbf4c8996fb92427ae41e4649b934ca495991b7852b855,e3b0c44298fc1c149afbf4c8996fb92427ae41e4649b934ca495991b7852b855,0,0,0,0
UNCHANGED,backend/modules/payment/callbacks/intelligence/callbackAnomalyDetector.js,9b200faf4759da7362b26e7102d1e692073f64bb16c5747a91dcb324b791b59b,9b200faf4759da7362b26e7102d1e692073f64bb16c5747a91dcb324b791b59b,6632,6632,329,329
UNCHANGED,backend/modules/payment/callbacks/intelligence/callbackFraudSignalEngine.js,e3b0c44298fc1c149afbf4c8996fb92427ae41e4649b934ca495991b7852b855,e3b0c44298fc1c149afbf4c8996fb92427ae41e4649b934ca495991b7852b855,0,0,0,0
UNCHANGED,backend/modules/payment/callbacks/intelligence/callbackIntelligenceEngine.js,79544f7f61f00c390172eb1b3116054f494ef7a1813591140f0e8944a1a49e81,79544f7f61f00c390172eb1b3116054f494ef7a1813591140f0e8944a1a49e81,9846,9846,477,477
UNCHANGED,backend/modules/payment/callbacks/intelligence/callbackSlaMonitor.js,e3b0c44298fc1c149afbf4c8996fb92427ae41e4649b934ca495991b7852b855,e3b0c44298fc1c149afbf4c8996fb92427ae41e4649b934ca495991b7852b855,0,0,0,0
UNCHANGED,backend/modules/payment/callbacks/intelligence/compliance/paymentReliabilityComplianceManager.js,81ddab1beb471ea52301c3a6e138263456cba08ef1ff706de456c560627bc5e2,81ddab1beb471ea52301c3a6e138263456cba08ef1ff706de456c560627bc5e2,10861,10861,861,861
UNCHANGED,backend/modules/payment/callbacks/intelligence/compliance/paymentReliabilityRegulatoryReportingEngine.js,baa8177aacb3ffbf2ca4a33ad773937358f9253eeac178355865ecca48dca073,baa8177aacb3ffbf2ca4a33ad773937358f9253eeac178355865ecca48dca073,11031,11031,810,810
UNCHANGED,backend/modules/payment/callbacks/intelligence/configuration/paymentReliabilityConfigurationRegistry.js,02b9d743cf881df68759425c3317deb959b956e7252398a21bf4f01ad5a98586,02b9d743cf881df68759425c3317deb959b956e7252398a21bf4f01ad5a98586,10431,10431,921,921
UNCHANGED,backend/modules/payment/callbacks/intelligence/control/paymentReliabilityControlPlane.js,20665f4ee330acdd6c566151aa58c171971f8b2eb2bc2fd8e653515dc04fa737,20665f4ee330acdd6c566151aa58c171971f8b2eb2bc2fd8e653515dc04fa737,8072,8072,586,586
UNCHANGED,backend/modules/payment/callbacks/intelligence/dashboard/paymentReliabilityOperationsDashboardService.js,89caeda2151ee5923fd73d4b64bd64a52569f32597e58c04347fcef46323a90c,89caeda2151ee5923fd73d4b64bd64a52569f32597e58c04347fcef46323a90c,7673,7673,552,552
UNCHANGED,backend/modules/payment/callbacks/intelligence/escalation/paymentReliabilityEscalationEngine.js,00e87c6b9224f65f91507ba9cb25eca8af9c7ed4d3c89cc7a13cab883f2d3128,00e87c6b9224f65f91507ba9cb25eca8af9c7ed4d3c89cc7a13cab883f2d3128,10128,10128,808,808
UNCHANGED,backend/modules/payment/callbacks/intelligence/events/paymentReliabilityEventBus.js,a5f9d88bd53fb6c2a5efd6ca8441d761cc29757e0d68b747b21b55adb5c8d450,a5f9d88bd53fb6c2a5efd6ca8441d761cc29757e0d68b747b21b55adb5c8d450,7377,7377,577,577
UNCHANGED,backend/modules/payment/callbacks/intelligence/executive/paymentReliabilityExecutiveIntelligenceEngine.js,257faef8901a61f651965ddb84cddce21f6a3d57105f0cc8020dec5d352723da,257faef8901a61f651965ddb84cddce21f6a3d57105f0cc8020dec5d352723da,10948,10948,544,544
UNCHANGED,backend/modules/payment/callbacks/intelligence/failover/providerFailoverDecisionEngine.js,03713d330900ee66ff4817f1902c0834563e5d4993416118f355660d80556c4c,03713d330900ee66ff4817f1902c0834563e5d4993416118f355660d80556c4c,7589,7589,545,545
UNCHANGED,backend/modules/payment/callbacks/intelligence/forensics/paymentReliabilityForensicInvestigationEngine.js,8bd0dd4dff82a7ba698181b09a2cd0b8db551e7a19dfa383f4b6dede8a5bc330,8bd0dd4dff82a7ba698181b09a2cd0b8db551e7a19dfa383f4b6dede8a5bc330,10962,10962,847,847
UNCHANGED,backend/modules/payment/callbacks/intelligence/forensics/paymentReliabilityRootCauseAnalysisEngine.js,c4de6359a061fabeeea71fdffa8e9f7bb3b26db8900529b141d4e9671d9c8c36,c4de6359a061fabeeea71fdffa8e9f7bb3b26db8900529b141d4e9671d9c8c36,12428,12428,925,925
UNCHANGED,backend/modules/payment/callbacks/intelligence/governance/paymentReliabilityGovernanceManager.js,7c48a4500450fa531491b1b1451f155dc0ab6112aace9600f68f8f92955d51c9,7c48a4500450fa531491b1b1451f155dc0ab6112aace9600f68f8f92955d51c9,10649,10649,874,874
UNCHANGED,backend/modules/payment/callbacks/intelligence/improvement/paymentReliabilityContinuousImprovementEngine.js,4f8dd86f57d77afe68f0ccf721e7b52349831349e75d9b1970b187bc57c0a3cf,4f8dd86f57d77afe68f0ccf721e7b52349831349e75d9b1970b187bc57c0a3cf,11928,11928,883,883
UNCHANGED,backend/modules/payment/callbacks/intelligence/improvement/paymentReliabilityMaturityAssessmentEngine.js,14d3690e85f5410614108e3b1656c18cf6e0fc88337a542d92a1d9fa3219e665,14d3690e85f5410614108e3b1656c18cf6e0fc88337a542d92a1d9fa3219e665,12590,12590,957,957
UNCHANGED,backend/modules/payment/callbacks/intelligence/incidents/paymentReliabilityIncidentManager.js,cd4e2476533c138ba5c9ddce8ad1d80551dc916ad10675704491601b0b203450,cd4e2476533c138ba5c9ddce8ad1d80551dc916ad10675704491601b0b203450,10010,10010,791,791
UNCHANGED,backend/modules/payment/callbacks/intelligence/knowledge/callbackKnowledgeGraph.js,f214e7ee890e610736d3e7aa8139a3176b42153a4e012ec1ed2d1c7074b29fcf,f214e7ee890e610736d3e7aa8139a3176b42153a4e012ec1ed2d1c7074b29fcf,9909,9909,749,749
UNCHANGED,backend/modules/payment/callbacks/intelligence/models/CallbackProfile.js,e3b0c44298fc1c149afbf4c8996fb92427ae41e4649b934ca495991b7852b855,e3b0c44298fc1c149afbf4c8996fb92427ae41e4649b934ca495991b7852b855,0,0,0,0
UNCHANGED,backend/modules/payment/callbacks/intelligence/models/FraudSignal.js,e3b0c44298fc1c149afbf4c8996fb92427ae41e4649b934ca495991b7852b855,e3b0c44298fc1c149afbf4c8996fb92427ae41e4649b934ca495991b7852b855,0,0,0,0
UNCHANGED,backend/modules/payment/callbacks/intelligence/models/ProviderHealth.js,e3b0c44298fc1c149afbf4c8996fb92427ae41e4649b934ca495991b7852b855,e3b0c44298fc1c149afbf4c8996fb92427ae41e4649b934ca495991b7852b855,0,0,0,0
UNCHANGED,backend/modules/payment/callbacks/intelligence/models/SettlementPrediction.js,e3b0c44298fc1c149afbf4c8996fb92427ae41e4649b934ca495991b7852b855,e3b0c44298fc1c149afbf4c8996fb92427ae41e4649b934ca495991b7852b855,0,0,0,0
UNCHANGED,backend/modules/payment/callbacks/intelligence/notifications/paymentReliabilityNotificationGateway.js,3f138039f80808fee6ae76b5748725c4970ebd75c75ac930d077546ada88f8dd,3f138039f80808fee6ae76b5748725c4970ebd75c75ac930d077546ada88f8dd,9788,9788,816,816
UNCHANGED,backend/modules/payment/callbacks/intelligence/observability/paymentReliabilityMetricsCollector.js,3841eb05acb5f8c902cb7e92d53b0a02c380ccd23bb2a1fd353bb0a04e47ab29,3841eb05acb5f8c902cb7e92d53b0a02c380ccd23bb2a1fd353bb0a04e47ab29,8581,8581,662,662
UNCHANGED,backend/modules/payment/callbacks/intelligence/paymentKnowledgeGraph.js,e3b0c44298fc1c149afbf4c8996fb92427ae41e4649b934ca495991b7852b855,e3b0c44298fc1c149afbf4c8996fb92427ae41e4649b934ca495991b7852b855,0,0,0,0
UNCHANGED,backend/modules/payment/callbacks/intelligence/policies/paymentReliabilityPolicyEngine.js,8fbcc3d6f5d03fe5835e5413703aca9289070ebde6a2b1814f5edf0e78a015aa,8fbcc3d6f5d03fe5835e5413703aca9289070ebde6a2b1814f5edf0e78a015aa,10890,10890,900,900
UNCHANGED,backend/modules/payment/callbacks/intelligence/providerFailoverEngine.js,e3b0c44298fc1c149afbf4c8996fb92427ae41e4649b934ca495991b7852b855,e3b0c44298fc1c149afbf4c8996fb92427ae41e4649b934ca495991b7852b855,0,0,0,0
UNCHANGED,backend/modules/payment/callbacks/intelligence/providerReliabilityEngine.js,e3b0c44298fc1c149afbf4c8996fb92427ae41e4649b934ca495991b7852b855,e3b0c44298fc1c149afbf4c8996fb92427ae41e4649b934ca495991b7852b855,0,0,0,0
UNCHANGED,backend/modules/payment/callbacks/intelligence/reliability/providerReliabilityEngine.js,40d7c80a947bdbd1eb55a85adb9a604fe2209f98d3435a5144f2366337e31e31,40d7c80a947bdbd1eb55a85adb9a604fe2209f98d3435a5144f2366337e31e31,8781,8781,684,684
UNCHANGED,backend/modules/payment/callbacks/intelligence/runtime/paymentReliabilityAutonomousDecisionEngine.js,d7bb7b9281f96f4b9fb6da6d6760620ad34aa2ca61ba244160e6072be9c35a70,d7bb7b9281f96f4b9fb6da6d6760620ad34aa2ca61ba244160e6072be9c35a70,10810,10810,832,832
UNCHANGED,backend/modules/payment/callbacks/intelligence/runtime/paymentReliabilityAutonomousOperationsCoordinator.js,f884f1a95a3acc34bc39a0cfa6ac3607b6b10da5d489c554e1ef73e9b8f54d8d,f884f1a95a3acc34bc39a0cfa6ac3607b6b10da5d489c554e1ef73e9b8f54d8d,11287,11287,859,859
UNCHANGED,backend/modules/payment/callbacks/intelligence/runtime/paymentReliabilityDependencyManager.js,4683b4239fc2f4bc5daa95e91032c41dc9bfb3e52007c8fe83db7032c47591f5,4683b4239fc2f4bc5daa95e91032c41dc9bfb3e52007c8fe83db7032c47591f5,10683,10683,876,876
UNCHANGED,backend/modules/payment/callbacks/intelligence/runtime/paymentReliabilityHealthManager.js,ea1e1816e823a8969a3a3dced93bb1822ded324ee3aad92a49fae2fcda1e282f,ea1e1816e823a8969a3a3dced93bb1822ded324ee3aad92a49fae2fcda1e282f,8943,8943,714,714
UNCHANGED,backend/modules/payment/callbacks/intelligence/runtime/paymentReliabilityLifecycleManager.js,0f21c6e72ae4e8d6d606a2f2fcb7b7a811e4e75a2ab9e31954b4b32a55230316,0f21c6e72ae4e8d6d606a2f2fcb7b7a811e4e75a2ab9e31954b4b32a55230316,12337,12337,1051,1051
UNCHANGED,backend/modules/payment/callbacks/intelligence/runtime/paymentReliabilityRecoveryManager.js,8d3e193d30ecf252bd6057daf8d7cf708f7ab0354b6543177595a5a4aafda7c1,8d3e193d30ecf252bd6057daf8d7cf708f7ab0354b6543177595a5a4aafda7c1,11712,11712,930,930
UNCHANGED,backend/modules/payment/callbacks/intelligence/runtime/paymentReliabilityRuntimeCoordinator.js,efd7db14b6706059ea6943c1f57e64b406a88bb46156e9c281bd09d57ac13bed,efd7db14b6706059ea6943c1f57e64b406a88bb46156e9c281bd09d57ac13bed,9756,9756,752,752
UNCHANGED,backend/modules/payment/callbacks/intelligence/runtime/paymentReliabilitySelfHealingOrchestrator.js,cb97a92d4e69bd29763497b0d2a704f5a5591e66ff00c3a7b1ba3af84d2c1753,cb97a92d4e69bd29763497b0d2a704f5a5591e66ff00c3a7b1ba3af84d2c1753,10471,10471,788,788
UNCHANGED,backend/modules/payment/callbacks/intelligence/runtime/paymentReliabilityServiceRegistry.js,118ba303bc279faee53b6abc9b5221b77a36f7d72a8355f22d5939db06ff981d,118ba303bc279faee53b6abc9b5221b77a36f7d72a8355f22d5939db06ff981d,10987,10987,908,908
UNCHANGED,backend/modules/payment/callbacks/intelligence/scoring/anomalyScoreCalculator.js,e3b0c44298fc1c149afbf4c8996fb92427ae41e4649b934ca495991b7852b855,e3b0c44298fc1c149afbf4c8996fb92427ae41e4649b934ca495991b7852b855,0,0,0,0
UNCHANGED,backend/modules/payment/callbacks/intelligence/scoring/fraudRiskCalculator.js,e3b0c44298fc1c149afbf4c8996fb92427ae41e4649b934ca495991b7852b855,e3b0c44298fc1c149afbf4c8996fb92427ae41e4649b934ca495991b7852b855,0,0,0,0
UNCHANGED,backend/modules/payment/callbacks/intelligence/scoring/reliabilityScoreCalculator.js,e3b0c44298fc1c149afbf4c8996fb92427ae41e4649b934ca495991b7852b855,e3b0c44298fc1c149afbf4c8996fb92427ae41e4649b934ca495991b7852b855,0,0,0,0
UNCHANGED,backend/modules/payment/callbacks/intelligence/settlementPredictionEngine.js,e3b0c44298fc1c149afbf4c8996fb92427ae41e4649b934ca495991b7852b855,e3b0c44298fc1c149afbf4c8996fb92427ae41e4649b934ca495991b7852b855,0,0,0,0
UNCHANGED,backend/modules/payment/callbacks/intelligence/strategy/business/businessImpactScorer.js,e3b0c44298fc1c149afbf4c8996fb92427ae41e4649b934ca495991b7852b855,e3b0c44298fc1c149afbf4c8996fb92427ae41e4649b934ca495991b7852b855,0,0,0,0
UNCHANGED,backend/modules/payment/callbacks/intelligence/strategy/business/businessValueAggregator.js,e3b0c44298fc1c149afbf4c8996fb92427ae41e4649b934ca495991b7852b855,e3b0c44298fc1c149afbf4c8996fb92427ae41e4649b934ca495991b7852b855,0,0,0,0
UNCHANGED,backend/modules/payment/callbacks/intelligence/strategy/business/executiveScoreEngine.js,e3b0c44298fc1c149afbf4c8996fb92427ae41e4649b934ca495991b7852b855,e3b0c44298fc1c149afbf4c8996fb92427ae41e4649b934ca495991b7852b855,0,0,0,0
UNCHANGED,backend/modules/payment/callbacks/intelligence/strategy/business/kpiCorrelationEngine.js,e3b0c44298fc1c149afbf4c8996fb92427ae41e4649b934ca495991b7852b855,e3b0c44298fc1c149afbf4c8996fb92427ae41e4649b934ca495991b7852b855,0,0,0,0
UNCHANGED,backend/modules/payment/callbacks/intelligence/strategy/business/weightedKpiCalculator.js,e3b0c44298fc1c149afbf4c8996fb92427ae41e4649b934ca495991b7852b855,e3b0c44298fc1c149afbf4c8996fb92427ae41e4649b934ca495991b7852b855,0,0,0,0
UNCHANGED,backend/modules/payment/callbacks/intelligence/strategy/constants/strategicPlanningConstants.js,e3b0c44298fc1c149afbf4c8996fb92427ae41e4649b934ca495991b7852b855,e3b0c44298fc1c149afbf4c8996fb92427ae41e4649b934ca495991b7852b855,0,0,0,0
UNCHANGED,backend/modules/payment/callbacks/intelligence/strategy/investment/businessKpiMappingEngine.js,e3b0c44298fc1c149afbf4c8996fb92427ae41e4649b934ca495991b7852b855,e3b0c44298fc1c149afbf4c8996fb92427ae41e4649b934ca495991b7852b855,0,0,0,0
UNCHANGED,backend/modules/payment/callbacks/intelligence/strategy/investment/executiveInvestmentRoadmapBuilder.js,e3b0c44298fc1c149afbf4c8996fb92427ae41e4649b934ca495991b7852b855,e3b0c44298fc1c149afbf4c8996fb92427ae41e4649b934ca495991b7852b855,0,0,0,0
UNCHANGED,backend/modules/payment/callbacks/intelligence/strategy/investment/investmentConstants.js,e3b0c44298fc1c149afbf4c8996fb92427ae41e4649b934ca495991b7852b855,e3b0c44298fc1c149afbf4c8996fb92427ae41e4649b934ca495991b7852b855,0,0,0,0
UNCHANGED,backend/modules/payment/callbacks/intelligence/strategy/investment/investmentPortfolioOptimizer.js,e3b0c44298fc1c149afbf4c8996fb92427ae41e4649b934ca495991b7852b855,e3b0c44298fc1c149afbf4c8996fb92427ae41e4649b934ca495991b7852b855,0,0,0,0
UNCHANGED,backend/modules/payment/callbacks/intelligence/strategy/investment/portfolioBalancingEngine.js,e3b0c44298fc1c149afbf4c8996fb92427ae41e4649b934ca495991b7852b855,e3b0c44298fc1c149afbf4c8996fb92427ae41e4649b934ca495991b7852b855,0,0,0,0
UNCHANGED,backend/modules/payment/callbacks/intelligence/strategy/investment/regulatoryAlignmentEngine.js,e3b0c44298fc1c149afbf4c8996fb92427ae41e4649b934ca495991b7852b855,e3b0c44298fc1c149afbf4c8996fb92427ae41e4649b934ca495991b7852b855,0,0,0,0
UNCHANGED,backend/modules/payment/callbacks/intelligence/strategy/investment/reliabilityBudgetAllocator.js,e3b0c44298fc1c149afbf4c8996fb92427ae41e4649b934ca495991b7852b855,e3b0c44298fc1c149afbf4c8996fb92427ae41e4649b934ca495991b7852b855,0,0,0,0
UNCHANGED,backend/modules/payment/callbacks/intelligence/strategy/investment/strategicRecommendationEngine.js,e3b0c44298fc1c149afbf4c8996fb92427ae41e4649b934ca495991b7852b855,e3b0c44298fc1c149afbf4c8996fb92427ae41e4649b934ca495991b7852b855,0,0,0,0
UNCHANGED,backend/modules/payment/callbacks/intelligence/strategy/models/ScenarioAnalysis.js,e3b0c44298fc1c149afbf4c8996fb92427ae41e4649b934ca495991b7852b855,e3b0c44298fc1c149afbf4c8996fb92427ae41e4649b934ca495991b7852b855,0,0,0,0
UNCHANGED,backend/modules/payment/callbacks/intelligence/strategy/models/StrategicInitiative.js,e3b0c44298fc1c149afbf4c8996fb92427ae41e4649b934ca495991b7852b855,e3b0c44298fc1c149afbf4c8996fb92427ae41e4649b934ca495991b7852b855,0,0,0,0
UNCHANGED,backend/modules/payment/callbacks/intelligence/strategy/models/StrategicPlan.js,e3b0c44298fc1c149afbf4c8996fb92427ae41e4649b934ca495991b7852b855,e3b0c44298fc1c149afbf4c8996fb92427ae41e4649b934ca495991b7852b855,0,0,0,0
UNCHANGED,backend/modules/payment/callbacks/intelligence/strategy/paymentReliabilityStrategicPlanningEngine.js,de435c859ec66da7f70c2da1e40ca9c635042f43a27fc121d37eb388c555fcec,de435c859ec66da7f70c2da1e40ca9c635042f43a27fc121d37eb388c555fcec,144339,144339,8436,8436
UNCHANGED,backend/modules/payment/callbacks/intelligence/strategy/planning/businessAlignmentEngine.js,e3b0c44298fc1c149afbf4c8996fb92427ae41e4649b934ca495991b7852b855,e3b0c44298fc1c149afbf4c8996fb92427ae41e4649b934ca495991b7852b855,0,0,0,0
UNCHANGED,backend/modules/payment/callbacks/intelligence/strategy/planning/initiativePrioritizer.js,e3b0c44298fc1c149afbf4c8996fb92427ae41e4649b934ca495991b7852b855,e3b0c44298fc1c149afbf4c8996fb92427ae41e4649b934ca495991b7852b855,0,0,0,0
UNCHANGED,backend/modules/payment/callbacks/intelligence/strategy/planning/investmentOptimizer.js,e3b0c44298fc1c149afbf4c8996fb92427ae41e4649b934ca495991b7852b855,e3b0c44298fc1c149afbf4c8996fb92427ae41e4649b934ca495991b7852b855,0,0,0,0
UNCHANGED,backend/modules/payment/callbacks/intelligence/strategy/planning/maturityForecaster.js,e3b0c44298fc1c149afbf4c8996fb92427ae41e4649b934ca495991b7852b855,e3b0c44298fc1c149afbf4c8996fb92427ae41e4649b934ca495991b7852b855,0,0,0,0
UNCHANGED,backend/modules/payment/callbacks/intelligence/strategy/planning/modernizationRoadmapBuilder.js,e3b0c44298fc1c149afbf4c8996fb92427ae41e4649b934ca495991b7852b855,e3b0c44298fc1c149afbf4c8996fb92427ae41e4649b934ca495991b7852b855,0,0,0,0
UNCHANGED,backend/modules/payment/callbacks/intelligence/strategy/planning/scenarioPlanner.js,e3b0c44298fc1c149afbf4c8996fb92427ae41e4649b934ca495991b7852b855,e3b0c44298fc1c149afbf4c8996fb92427ae41e4649b934ca495991b7852b855,0,0,0,0
UNCHANGED,backend/modules/payment/callbacks/intelligence/strategy/planning/strategicRecommendationEngine.js,e3b0c44298fc1c149afbf4c8996fb92427ae41e4649b934ca495991b7852b855,e3b0c44298fc1c149afbf4c8996fb92427ae41e4649b934ca495991b7852b855,0,0,0,0
UNCHANGED,backend/modules/payment/callbacks/intelligence/strategy/planning/strategicRiskAnalyzer.js,e3b0c44298fc1c149afbf4c8996fb92427ae41e4649b934ca495991b7852b855,e3b0c44298fc1c149afbf4c8996fb92427ae41e4649b934ca495991b7852b855,0,0,0,0
UNCHANGED,backend/modules/payment/callbacks/intelligence/strategy/regulatory/auditEvidenceLinker.js,e3b0c44298fc1c149afbf4c8996fb92427ae41e4649b934ca495991b7852b855,e3b0c44298fc1c149afbf4c8996fb92427ae41e4649b934ca495991b7852b855,0,0,0,0
UNCHANGED,backend/modules/payment/callbacks/intelligence/strategy/regulatory/complianceScoreEngine.js,e3b0c44298fc1c149afbf4c8996fb92427ae41e4649b934ca495991b7852b855,e3b0c44298fc1c149afbf4c8996fb92427ae41e4649b934ca495991b7852b855,0,0,0,0
UNCHANGED,backend/modules/payment/callbacks/intelligence/strategy/regulatory/financialControlEvaluator.js,e3b0c44298fc1c149afbf4c8996fb92427ae41e4649b934ca495991b7852b855,e3b0c44298fc1c149afbf4c8996fb92427ae41e4649b934ca495991b7852b855,0,0,0,0
UNCHANGED,backend/modules/payment/callbacks/intelligence/strategy/regulatory/jurisdictionPolicyRegistry.js,e3b0c44298fc1c149afbf4c8996fb92427ae41e4649b934ca495991b7852b855,e3b0c44298fc1c149afbf4c8996fb92427ae41e4649b934ca495991b7852b855,0,0,0,0
UNCHANGED,backend/modules/payment/callbacks/intelligence/strategy/regulatory/regulatorReportingBuilder.js,e3b0c44298fc1c149afbf4c8996fb92427ae41e4649b934ca495991b7852b855,e3b0c44298fc1c149afbf4c8996fb92427ae41e4649b934ca495991b7852b855,0,0,0,0
UNCHANGED,backend/modules/payment/callbacks/intelligence/strategy/regulatory/regulatoryRequirementMapper.js,e3b0c44298fc1c149afbf4c8996fb92427ae41e4649b934ca495991b7852b855,e3b0c44298fc1c149afbf4c8996fb92427ae41e4649b934ca495991b7852b855,0,0,0,0
UNCHANGED,backend/modules/payment/callbacks/intelligence/workflows/paymentReliabilityWorkflowEngine.js,c45ff39b6cb644597ee299923ef611f0792fe72ccdd9931d306f40fb5ad498be,c45ff39b6cb644597ee299923ef611f0792fe72ccdd9931d306f40fb5ad498be,10424,10424,802,802
UNCHANGED,backend/modules/payment/callbacks/middleware/callbackAudit.js,e3b0c44298fc1c149afbf4c8996fb92427ae41e4649b934ca495991b7852b855,e3b0c44298fc1c149afbf4c8996fb92427ae41e4649b934ca495991b7852b855,0,0,0,0
UNCHANGED,backend/modules/payment/callbacks/middleware/callbackController.js,28fa27261d5f4db134a2dae0be4bda6500e5b5606b573fcb64b625de1bd36478,28fa27261d5f4db134a2dae0be4bda6500e5b5606b573fcb64b625de1bd36478,744,744,96,96
UNCHANGED,backend/modules/payment/callbacks/middleware/callbackIdempotency.js,e3b0c44298fc1c149afbf4c8996fb92427ae41e4649b934ca495991b7852b855,e3b0c44298fc1c149afbf4c8996fb92427ae41e4649b934ca495991b7852b855,0,0,0,0
UNCHANGED,backend/modules/payment/callbacks/middleware/callbackSecurity.js,e3b0c44298fc1c149afbf4c8996fb92427ae41e4649b934ca495991b7852b855,e3b0c44298fc1c149afbf4c8996fb92427ae41e4649b934ca495991b7852b855,0,0,0,0
UNCHANGED,backend/modules/payment/callbacks/providers/airtel/airtelCallbackHandler.js,1f1ec708aaed19b355238b64c12d058de349af3e4111a9820923e095fe51d2de,1f1ec708aaed19b355238b64c12d058de349af3e4111a9820923e095fe51d2de,799,799,90,90
UNCHANGED,backend/modules/payment/callbacks/providers/airtel/airtelCallbackNormalizer.js,0781a093df304b2147e9664a2fe71cdf38c1eec2b08cf7bf929c25fa747d9578,0781a093df304b2147e9664a2fe71cdf38c1eec2b08cf7bf929c25fa747d9578,593,593,56,56
UNCHANGED,backend/modules/payment/callbacks/providers/airtel/airtelSignatureVerifier.js,7baa25ee0e9a08cfc4d974a98922ed7f9723e92a7daca84645d578357cb44f44,7baa25ee0e9a08cfc4d974a98922ed7f9723e92a7daca84645d578357cb44f44,342,342,54,54
UNCHANGED,backend/modules/payment/callbacks/providers/mtn/mtnCallbackHandler.js,9223812effee18c2e3d252bf028046d4967bebf5699bd45f2adae97acc43d7b1,9223812effee18c2e3d252bf028046d4967bebf5699bd45f2adae97acc43d7b1,1077,1077,79,79
UNCHANGED,backend/modules/payment/callbacks/providers/mtn/mtnCallbackNormalizer.js,ac0d56e95d92d17c9e40d696cf9c5db048a6616df03068aa275eac2809422c26,ac0d56e95d92d17c9e40d696cf9c5db048a6616df03068aa275eac2809422c26,583,583,56,56
UNCHANGED,backend/modules/payment/callbacks/providers/mtn/mtnSignatureVerifier.js,9de029b29fb2723483fb565832e030d0988bea908a9bb512454e6284b61bd982,9de029b29fb2723483fb565832e030d0988bea908a9bb512454e6284b61bd982,333,333,51,51
UNCHANGED,backend/modules/payment/callbacks/registration/callbackBootstrap.js,4f81e483490deb498ff61b3971c2c9dfdcd8d1b292bedfc15823f5a74107aa25,4f81e483490deb498ff61b3971c2c9dfdcd8d1b292bedfc15823f5a74107aa25,417,417,44,44
UNCHANGED,backend/modules/payment/callbacks/reliability/callbackDeadLetterQueue.js,be8cfa041704ecc7fd4e06651fcc5ea9060651aff57fc0b02fbd4596385f2c0c,be8cfa041704ecc7fd4e06651fcc5ea9060651aff57fc0b02fbd4596385f2c0c,511,511,58,58
UNCHANGED,backend/modules/payment/callbacks/reliability/callbackQueue.js,ae79f708455b9b1746553620f92095180cdfd35acbcfda1aaacc45bee2c57766,ae79f708455b9b1746553620f92095180cdfd35acbcfda1aaacc45bee2c57766,501,501,70,70
UNCHANGED,backend/modules/payment/callbacks/reliability/callbackRecoveryService.js,67af63edebd944c02e259d589927dc33427daf793edbf4b8a8f0890b2eea0bbe,67af63edebd944c02e259d589927dc33427daf793edbf4b8a8f0890b2eea0bbe,650,650,72,72
UNCHANGED,backend/modules/payment/callbacks/reliability/callbackRetryOrchestrator.js,d1a07d8a4d0d8b7660e122a5dd21525fc756557e9869345037dd6f2b9842f268,d1a07d8a4d0d8b7660e122a5dd21525fc756557e9869345037dd6f2b9842f268,865,865,127,127
UNCHANGED,backend/modules/payment/callbacks/reliability/callbackRetryPolicy.js,b504ff1c8ef72d15c41bd7635d5ca3c86f8a49152dab0567f161160cc3bd203d,b504ff1c8ef72d15c41bd7635d5ca3c86f8a49152dab0567f161160cc3bd203d,674,674,64,64
UNCHANGED,backend/modules/payment/callbacks/reliability/callbackWorker.js,3c2df89bec33d8bbb085d91864512bd7f579dd2aff6f06251d4c8263e3329ff4,3c2df89bec33d8bbb085d91864512bd7f579dd2aff6f06251d4c8263e3329ff4,680,680,94,94
UNCHANGED,backend/modules/payment/callbacks/reliability/metrics/callbackMetrics.js,34dc77072d7a0e0219d7609947b22fd30ddd6fc76a887b3d723f15e24969fc30,34dc77072d7a0e0219d7609947b22fd30ddd6fc76a887b3d723f15e24969fc30,537,537,62,62
UNCHANGED,backend/modules/payment/callbacks/reliability/metrics/callbackPrometheus.js,06d8d8ab8bb16456c787744b228eca80f10ef22a402b04f872e1b9e1a0d94533,06d8d8ab8bb16456c787744b228eca80f10ef22a402b04f872e1b9e1a0d94533,480,480,36,36
UNCHANGED,backend/modules/payment/callbacks/reliability/scheduler/callbackReconciliationScheduler.js,6bc0f5e540ad915f0abf52fc6a4bde997f588a0d566df916b51b0e63fb708a12,6bc0f5e540ad915f0abf52fc6a4bde997f588a0d566df916b51b0e63fb708a12,576,576,60,60
UNCHANGED,backend/modules/payment/callbacks/reliability/tracing/callbackTracer.js,9a2da77f7d8591ad6ce8af58cdec0f5aa2017a611dd924fedccd41101aee6f0f,9a2da77f7d8591ad6ce8af58cdec0f5aa2017a611dd924fedccd41101aee6f0f,526,526,70,70
UNCHANGED,backend/modules/payment/callbacks/security/callbackReplayProtection.js,e3b0c44298fc1c149afbf4c8996fb92427ae41e4649b934ca495991b7852b855,e3b0c44298fc1c149afbf4c8996fb92427ae41e4649b934ca495991b7852b855,0,0,0,0
UNCHANGED,backend/modules/payment/callbacks/security/callbackSignatureService.js,bf7e5e492936274ed3b1fa74ce54afda7a03f8619ee4b6c7076fb8d1d93a34d5,bf7e5e492936274ed3b1fa74ce54afda7a03f8619ee4b6c7076fb8d1d93a34d5,545,545,56,56
UNCHANGED,backend/modules/payment/callbacks/services/callbackAuditService.js,2d30f20bd807b86846f4cfcae0581bf9d6145bbf7b8983d0f0200fec00b710cc,2d30f20bd807b86846f4cfcae0581bf9d6145bbf7b8983d0f0200fec00b710cc,524,524,55,55
UNCHANGED,backend/modules/payment/callbacks/services/callbackEventPublisher.js,e714b8ce204dc741a0ab2015cd7ea67ddaad520b9667a3c846b728d73b0cd551,e714b8ce204dc741a0ab2015cd7ea67ddaad520b9667a3c846b728d73b0cd551,456,456,47,47
UNCHANGED,backend/modules/payment/callbacks/services/callbackEventService.js,e3b0c44298fc1c149afbf4c8996fb92427ae41e4649b934ca495991b7852b855,e3b0c44298fc1c149afbf4c8996fb92427ae41e4649b934ca495991b7852b855,0,0,0,0
UNCHANGED,backend/modules/payment/callbacks/services/callbackIdempotencyService.js,8cfa39f13e2b85a417f8c45f3b510c0149c1c031d6e4f0601d03b10ce1cb83bb,8cfa39f13e2b85a417f8c45f3b510c0149c1c031d6e4f0601d03b10ce1cb83bb,674,674,77,77
UNCHANGED,backend/modules/payment/callbacks/services/callbackLedgerService.js,e3b0c44298fc1c149afbf4c8996fb92427ae41e4649b934ca495991b7852b855,e3b0c44298fc1c149afbf4c8996fb92427ae41e4649b934ca495991b7852b855,0,0,0,0
UNCHANGED,backend/modules/payment/callbacks/services/callbackReconciliationService.js,e3b0c44298fc1c149afbf4c8996fb92427ae41e4649b934ca495991b7852b855,e3b0c44298fc1c149afbf4c8996fb92427ae41e4649b934ca495991b7852b855,0,0,0,0
UNCHANGED,backend/modules/payment/compliance/amlScreeningPipeline.js,da803d00cb0f5237ee6878cc76019b2dbdf0a9c67fb9c72bd76e073dbf4b584f,da803d00cb0f5237ee6878cc76019b2dbdf0a9c67fb9c72bd76e073dbf4b584f,30203,30203,1630,1630
UNCHANGED,backend/modules/payment/compliance/complianceDecisionEngine.js,06ccd0d55575265e5a5638a842ab7d209d5bb69cd059304995c1cfcf25859028,06ccd0d55575265e5a5638a842ab7d209d5bb69cd059304995c1cfcf25859028,27169,27169,1410,1410
UNCHANGED,backend/modules/payment/compliance/fraudDetectionPipeline.js,e1a405d59aaee8faddbbdb5b0a03b3ee22e83239b75197ec41359daedb179c6d,e1a405d59aaee8faddbbdb5b0a03b3ee22e83239b75197ec41359daedb179c6d,31486,31486,1566,1566
UNCHANGED,backend/modules/payment/compliance/kycVerificationPipeline.js,bcdb60dd3221669aa1d6b86f7460f9f8720bceebdb806ba0983aa76a8129ef1d,bcdb60dd3221669aa1d6b86f7460f9f8720bceebdb806ba0983aa76a8129ef1d,468,468,68,68
UNCHANGED,backend/modules/payment/compliance/riskScoringEngine.js,14f9db560f247b376e01f8eb59249270ca718b8f81458b99c8dce944565586be,14f9db560f247b376e01f8eb59249270ca718b8f81458b99c8dce944565586be,1778,1778,164,164
UNCHANGED,backend/modules/payment/context/paymentContext.js,c7b9023e17a67ecc410b9184c58594cb035ba0daab1c29216272021fbdfe0555,c7b9023e17a67ecc410b9184c58594cb035ba0daab1c29216272021fbdfe0555,30611,30611,1421,1421
UNCHANGED,backend/modules/payment/errors/paymentErrors.js,2c686bc113ad32a108daa354d8426719875d6703acdae61bab36fe068c94df3a,2c686bc113ad32a108daa354d8426719875d6703acdae61bab36fe068c94df3a,32263,32263,1716,1716
UNCHANGED,backend/modules/payment/events/paymentEventPublisher.js,06250264c72421ce47532ce217b71bb8c064cfa5736904b762171c4bd0a3beaa,06250264c72421ce47532ce217b71bb8c064cfa5736904b762171c4bd0a3beaa,31284,31284,1719,1719
UNCHANGED,backend/modules/payment/goldenMoneyPathService.js,d9f5326f8d2aa0223d1cbad8e6db0ee2631ae099d6db48658d88d857280fd06a,d9f5326f8d2aa0223d1cbad8e6db0ee2631ae099d6db48658d88d857280fd06a,103969,103969,5239,5239
UNCHANGED,backend/modules/payment/index.js,d2269bc56faa7da0ff33d62380985c86afc6a311305c0b98dd280347d90767a8,d2269bc56faa7da0ff33d62380985c86afc6a311305c0b98dd280347d90767a8,25672,25672,1062,1062
UNCHANGED,backend/modules/payment/mtn/auth.js,798d1db050248326301d3ddb20627e4d3367d965c26622e213dac5129eae33ec,798d1db050248326301d3ddb20627e4d3367d965c26622e213dac5129eae33ec,54364,54364,2883,2883
UNCHANGED,backend/modules/payment/mtn/auth/authConstants.js,f30660af792f35c23f86771f49959b0830f60216fe4b38c1dd13f13b21ec1534,f30660af792f35c23f86771f49959b0830f60216fe4b38c1dd13f13b21ec1534,7107,7107,657,657
UNCHANGED,backend/modules/payment/mtn/auth/authService.js,e73d45587b731f3d7a8b308a15d6f8fa6497a06facb6e4f79f367867832cc55f,e73d45587b731f3d7a8b308a15d6f8fa6497a06facb6e4f79f367867832cc55f,11487,11487,1043,1043
UNCHANGED,backend/modules/payment/mtn/auth/credentialManager.js,4b3b9659684a83cad388306b014a03fc8daf291a182d649e70aa3d07a48ec973,4b3b9659684a83cad388306b014a03fc8daf291a182d649e70aa3d07a48ec973,10003,10003,978,978
UNCHANGED,backend/modules/payment/mtn/auth/healthMonitor.js,18c1afb73074b10b0638727e9fa32033855cf8abb8dd6489788174323ed0f596,18c1afb73074b10b0638727e9fa32033855cf8abb8dd6489788174323ed0f596,10293,10293,992,992
UNCHANGED,backend/modules/payment/mtn/auth/idempotencyManager.js,74b9014ac49f842bdcc03fe8d704e04bb89b1c608c83bb679f23401076e74bd7,74b9014ac49f842bdcc03fe8d704e04bb89b1c608c83bb679f23401076e74bd7,9621,9621,1021,1021
UNCHANGED,backend/modules/payment/mtn/auth/index.js,42acd3c753fc9c9ca09576c5c75291a4a48641af6f15ad6a7bbec53b1cd084c4,42acd3c753fc9c9ca09576c5c75291a4a48641af6f15ad6a7bbec53b1cd084c4,4450,4450,364,364
UNCHANGED,backend/modules/payment/mtn/auth/oauthClient.js,eac4b81131ba8da09efa63befdfc458cad4596504a62424a47678fd3ec5d27e8,eac4b81131ba8da09efa63befdfc458cad4596504a62424a47678fd3ec5d27e8,9105,9105,905,905
UNCHANGED,backend/modules/payment/mtn/auth/observability.js,9157ab7dc822dc0d48cc18ac977c4090807fa9a3765b90469396189f728d6116,9157ab7dc822dc0d48cc18ac977c4090807fa9a3765b90469396189f728d6116,9526,9526,929,929
UNCHANGED,backend/modules/payment/mtn/auth/refreshManager.js,eea1589267a46af26e091c76ba4d48845e6e0188e2b1fd84c6a552df2cdab01d,eea1589267a46af26e091c76ba4d48845e6e0188e2b1fd84c6a552df2cdab01d,10259,10259,1051,1051
UNCHANGED,backend/modules/payment/mtn/auth/tokenManager.js,afaa731d97a85bc603e4c0d3ece4dfe71c8f3fb0c34bb812785f9b7e5139c237,afaa731d97a85bc603e4c0d3ece4dfe71c8f3fb0c34bb812785f9b7e5139c237,10841,10841,1155,1155
UNCHANGED,backend/modules/payment/mtn/callbacks.js,97d84c7e1762fc60addb362129272148700251da06f29ae1b446f41cb19b605f,97d84c7e1762fc60addb362129272148700251da06f29ae1b446f41cb19b605f,53602,53602,2506,2506
UNCHANGED,backend/modules/payment/mtn/callbacks/callbackController.js,680e2d37b39118ad3b49f22128f910bfbef07087ed83fdc3ee7948d017ae3462,680e2d37b39118ad3b49f22128f910bfbef07087ed83fdc3ee7948d017ae3462,4785,4785,230,230
UNCHANGED,backend/modules/payment/mtn/callbacks/callbackDeadLetterQueue.js,d021da0a8243a71c606d756230cdf125c56bcd77bd93e594d19d909613ee7c2d,d021da0a8243a71c606d756230cdf125c56bcd77bd93e594d19d909613ee7c2d,6002,6002,281,281
UNCHANGED,backend/modules/payment/mtn/callbacks/callbackProcessor.js,c62e7baa2b6da643b0a6e61ce860418e5a0357414531a6ad5d076e6f0ea96d63,c62e7baa2b6da643b0a6e61ce860418e5a0357414531a6ad5d076e6f0ea96d63,10377,10377,494,494
UNCHANGED,backend/modules/payment/mtn/callbacks/callbackValidator.js,ec1819d089dd7c6b7a9d6c20aaebc6cb22687f5ab1a9a9ae5433ac7d65234877,ec1819d089dd7c6b7a9d6c20aaebc6cb22687f5ab1a9a9ae5433ac7d65234877,7383,7383,367,367
UNCHANGED,backend/modules/payment/mtn/callbacks/index.js,41495e41d1172a4930adcaa25fa40e18ff161594609e3cff5bcdc68ff2b02210,41495e41d1172a4930adcaa25fa40e18ff161594609e3cff5bcdc68ff2b02210,19697,19697,935,935
UNCHANGED,backend/modules/payment/mtn/callbacks/ledgerPoster.js,f556d1cf953cca1a5c6acc856d4ea12941595f6d285e34cfc49e8f45fbb87cce,f556d1cf953cca1a5c6acc856d4ea12941595f6d285e34cfc49e8f45fbb87cce,8371,8371,394,394
UNCHANGED,backend/modules/payment/mtn/callbacks/mtnCallbackDeadLetter.js,92e106a3941737a513950b83c91ce627ae3e74ae9d1997366f85eb7c7404db6c,92e106a3941737a513950b83c91ce627ae3e74ae9d1997366f85eb7c7404db6c,1767,1767,99,99
UNCHANGED,backend/modules/payment/mtn/callbacks/mtnCallbackErrors.js,e70e4b619be6c94dc96ee549576341e50f497a191c7aabbe0a5de3f888438e11,e70e4b619be6c94dc96ee549576341e50f497a191c7aabbe0a5de3f888438e11,24159,24159,1370,1370
UNCHANGED,backend/modules/payment/mtn/callbacks/mtnCallbackIdempotency.js,05d427b9273ce67cca6cac10d6537892d62563a75ee9c72c21cb41179294a35e,05d427b9273ce67cca6cac10d6537892d62563a75ee9c72c21cb41179294a35e,57378,57378,2614,2614
UNCHANGED,backend/modules/payment/mtn/callbacks/mtnCallbackNormalizer.js,89af8092c0fe9dec435c6dc89a6603a8622c17ed71a7d2ee9474571336a22f7c,89af8092c0fe9dec435c6dc89a6603a8622c17ed71a7d2ee9474571336a22f7c,36024,36024,1503,1503
UNCHANGED,backend/modules/payment/mtn/callbacks/mtnCallbackProcessor.js,570b6f925dcc375693386601933fdbf154bb57b10f950a54c89b37b6d8811ad5,570b6f925dcc375693386601933fdbf154bb57b10f950a54c89b37b6d8811ad5,51915,51915,2220,2220
UNCHANGED,backend/modules/payment/mtn/callbacks/mtnCallbackRegistry.js,b55b457fa2432b83089913df70f9ef5b57a87b970218225af6ec1e28bf54ffd4,b55b457fa2432b83089913df70f9ef5b57a87b970218225af6ec1e28bf54ffd4,23599,23599,966,966
UNCHANGED,backend/modules/payment/mtn/callbacks/mtnCallbackValidator.js,a2de5d9bd3cf04d873f8f4d0bc23c3408aef0c2cda03011ebafee0da3f90aed2,a2de5d9bd3cf04d873f8f4d0bc23c3408aef0c2cda03011ebafee0da3f90aed2,43801,43801,1799,1799
UNCHANGED,backend/modules/payment/mtn/callbacks/paymentStateUpdater.js,0ec33f61ef431f07198fdd92386e5a67b0723f7092383981752560f2f4e2a827,0ec33f61ef431f07198fdd92386e5a67b0723f7092383981752560f2f4e2a827,7734,7734,336,336
UNCHANGED,backend/modules/payment/mtn/callbacks/reconciliationMatcher.js,58dd35ad178cb959a5cebccbac97b1584eb354780a6c7a43263ec0ef4b2bb131,58dd35ad178cb959a5cebccbac97b1584eb354780a6c7a43263ec0ef4b2bb131,8016,8016,368,368
UNCHANGED,backend/modules/payment/mtn/callbacks/signatureVerifier.js,3f2da854a499894b75d9901d284eb0d24d806ca1fdaf3082777feaf92c58f984,3f2da854a499894b75d9901d284eb0d24d806ca1fdaf3082777feaf92c58f984,6545,6545,291,291
UNCHANGED,backend/modules/payment/mtn/collections.js,0a19ff538ff657c5ef70c6bd076f2c6b70c6902d0f63510aaf3cd7db552a6c33,0a19ff538ff657c5ef70c6bd076f2c6b70c6902d0f63510aaf3cd7db552a6c33,73213,73213,3759,3759
UNCHANGED,backend/modules/payment/mtn/collections/callbackCorrelation.js,4f23ca3ccb7da6783a220ab3f99b4525b0d1b689425af123613935f17b485d18,4f23ca3ccb7da6783a220ab3f99b4525b0d1b689425af123613935f17b485d18,7587,7587,492,492
UNCHANGED,backend/modules/payment/mtn/collections/collectionsService.js,59516697877ce781fac75bfbae7c5bb1a75eb70baf363dc8d6dfc88098091157,59516697877ce781fac75bfbae7c5bb1a75eb70baf363dc8d6dfc88098091157,8937,8937,593,593
UNCHANGED,backend/modules/payment/mtn/collections/fraudGuard.js,c27bc3d572eeb998a0b3be82daf0e89bfd48774e13b190ffe5d9d51c44703c9b,c27bc3d572eeb998a0b3be82daf0e89bfd48774e13b190ffe5d9d51c44703c9b,7464,7464,469,469
UNCHANGED,backend/modules/payment/mtn/collections/idempotencyManager.js,ea7f52aca1e0fc4c2212b9a146e0963c0cb0f5bb38a722edf2a659ee57e68f3d,ea7f52aca1e0fc4c2212b9a146e0963c0cb0f5bb38a722edf2a659ee57e68f3d,7741,7741,539,539
UNCHANGED,backend/modules/payment/mtn/collections/index.js,6d19ecf1dff27665cf0cb96d0a97390d367a47d1bd273fe28cb00b22e1a97f0e,6d19ecf1dff27665cf0cb96d0a97390d367a47d1bd273fe28cb00b22e1a97f0e,4825,4825,268,268
UNCHANGED,backend/modules/payment/mtn/collections/ledgerBridge.js,f36db3a89381d529a9a5d874351aaab70b17be8187e92c991bc64be932b6694c,f36db3a89381d529a9a5d874351aaab70b17be8187e92c991bc64be932b6694c,9643,9643,497,497
UNCHANGED,backend/modules/payment/mtn/collections/transactionBuilder.js,1d63c127214be071201feb914f0c06ade338b7b673216c08271b9bef7beed596,1d63c127214be071201feb914f0c06ade338b7b673216c08271b9bef7beed596,7328,7328,392,392
UNCHANGED,backend/modules/payment/mtn/collections/transactionStateMachine.js,c00ba47f88cea82aa55cd93273ba37ed1df0a7fe8e763f936a3957ae134c9b7c,c00ba47f88cea82aa55cd93273ba37ed1df0a7fe8e763f936a3957ae134c9b7c,9054,9054,515,515
UNCHANGED,backend/modules/payment/mtn/disbursements.js,3c5a0dcbe4d3455e2011aee0ebd006b355bcac6b16dcff89276a886eeb98be11,3c5a0dcbe4d3455e2011aee0ebd006b355bcac6b16dcff89276a886eeb98be11,70150,70150,3609,3609
UNCHANGED,backend/modules/payment/mtn/disbursements/approvalWorkflow.js,5cca8fc5630465c86ee7a497093af4387b68355a4ed2d31b3e65b5da1bf791d0,5cca8fc5630465c86ee7a497093af4387b68355a4ed2d31b3e65b5da1bf791d0,11559,11559,917,917
UNCHANGED,backend/modules/payment/mtn/disbursements/beneficiaryValidator.js,c19bee282ecceedb38764daefeb2dd2adfbfa744d39d389dd6f0cf85df8a557d,c19bee282ecceedb38764daefeb2dd2adfbfa744d39d389dd6f0cf85df8a557d,10096,10096,776,776
UNCHANGED,backend/modules/payment/mtn/disbursements/compensationManager.js,9d5ec79fc16af46058b8fa4e301670e6db33f58cfff34cc211dffb66b6c50044,9d5ec79fc16af46058b8fa4e301670e6db33f58cfff34cc211dffb66b6c50044,9383,9383,703,703
UNCHANGED,backend/modules/payment/mtn/disbursements/constants.js,eacc22a4f633ce41682f93bf5089dd43bc479b3613e4fe53a99210e45e135bd6,eacc22a4f633ce41682f93bf5089dd43bc479b3613e4fe53a99210e45e135bd6,7953,7953,628,628
UNCHANGED,backend/modules/payment/mtn/disbursements/disbursementService.js,6ca8c1160bd93fd41d88b850a1b26d5b01300ad90e71ba67ab748fcf78221900,6ca8c1160bd93fd41d88b850a1b26d5b01300ad90e71ba67ab748fcf78221900,14523,14523,1052,1052
UNCHANGED,backend/modules/payment/mtn/disbursements/fraudGuard.js,e1f4f68a23e8bf0b48f83e9c0ddc36893a4d7eb2e08b9f06ac25f79b692363ed,e1f4f68a23e8bf0b48f83e9c0ddc36893a4d7eb2e08b9f06ac25f79b692363ed,8145,8145,673,673
UNCHANGED,backend/modules/payment/mtn/disbursements/idempotencyManager.js,711f2e60f9f762f1af6a9287135e3945bd9e6c7064c7ca9466abe95dc2943f24,711f2e60f9f762f1af6a9287135e3945bd9e6c7064c7ca9466abe95dc2943f24,8483,8483,729,729
UNCHANGED,backend/modules/payment/mtn/disbursements/index.js,fc8f14762fa33e18ec889a58f7b8ae90f4d830c506e4bf5cb8c5aa2ecae92052,fc8f14762fa33e18ec889a58f7b8ae90f4d830c506e4bf5cb8c5aa2ecae92052,5594,5594,405,405
UNCHANGED,backend/modules/payment/mtn/disbursements/ledgerBridge.js,7571a7775eae176141b9a9d71e0d65569e793f51661e759d9ab4e31841972ba0,7571a7775eae176141b9a9d71e0d65569e793f51661e759d9ab4e31841972ba0,9374,9374,731,731
UNCHANGED,backend/modules/payment/mtn/disbursements/settlementTracker.js,22774f01a5f27401edc32a9f74132c212947850d49fd80572fc1c5d6bd227500,22774f01a5f27401edc32a9f74132c212947850d49fd80572fc1c5d6bd227500,9221,9221,768,768
UNCHANGED,backend/modules/payment/mtn/disbursements/transactionBuilder.js,10486e6ad9bf299aa2da94a1cff1c90f9eb64bc1bffc4a6fb1230b5a0b3226a9,10486e6ad9bf299aa2da94a1cff1c90f9eb64bc1bffc4a6fb1230b5a0b3226a9,7618,7618,589,589
UNCHANGED,backend/modules/payment/mtn/disbursements/transactionStateMachine.js,c9835289664177b5e554a20cd6a48301052592e05591ade1701c7bab95ec683a,c9835289664177b5e554a20cd6a48301052592e05591ade1701c7bab95ec683a,11276,11276,832,832
UNCHANGED,backend/modules/payment/mtn/models/MTNCallback.js,1f88276484a8700510946c6517c4137588e7f15819333372acabd8d0f858e3ec,1f88276484a8700510946c6517c4137588e7f15819333372acabd8d0f858e3ec,47025,47025,2082,2082
UNCHANGED,backend/modules/payment/mtn/provisioning/apiKeyService.js,d7d94dbf53974813bb47dfe9f032f2d297f6c53b87e273dba41b451ea892727c,d7d94dbf53974813bb47dfe9f032f2d297f6c53b87e273dba41b451ea892727c,9255,9255,490,490
UNCHANGED,backend/modules/payment/mtn/provisioning/apiUserService.js,823337364974a7781420500b5aa838d12235b516d707d51a2e7ccd84f9e918a1,823337364974a7781420500b5aa838d12235b516d707d51a2e7ccd84f9e918a1,8744,8744,505,505
UNCHANGED,backend/modules/payment/mtn/reconciliation.js,fca87d16a78a8252f994e3db63f88216a29c630ece4942317d6f7a197ec5dfd1,fca87d16a78a8252f994e3db63f88216a29c630ece4942317d6f7a197ec5dfd1,85228,85228,4584,4584
UNCHANGED,backend/modules/payment/mtn/settlement.js,807d891ec3818c8df8e85b6222f6dcda5af41aa556f7e86c101922aff135fb68,807d891ec3818c8df8e85b6222f6dcda5af41aa556f7e86c101922aff135fb68,69673,69673,2606,2606
UNCHANGED,backend/modules/payment/mtn/settlement/index.js,59363cda6a90c97644f020854df014a254f65cb75fa888f365f8f8665a56e19b,59363cda6a90c97644f020854df014a254f65cb75fa888f365f8f8665a56e19b,7805,7805,290,290
UNCHANGED,backend/modules/payment/mtn/settlement/ledgerReconciler.js,a4f2da3103006c3fac91a726a764828ace151258eb2305aee5ff6bfacf20d20f,a4f2da3103006c3fac91a726a764828ace151258eb2305aee5ff6bfacf20d20f,3633,3633,109,109
UNCHANGED,backend/modules/payment/mtn/settlement/providerStatementImporter.js,9063c6f78d0d58faa2f6811a192a0ba254b5cbc502f9b65a468651cd4284bbc0,9063c6f78d0d58faa2f6811a192a0ba254b5cbc502f9b65a468651cd4284bbc0,4090,4090,134,134
UNCHANGED,backend/modules/payment/mtn/settlement/reconciliationAudit.js,cc398241a1a541890159d65f62cca94bb9236d5fca538010d965f21d18f8420a,cc398241a1a541890159d65f62cca94bb9236d5fca538010d965f21d18f8420a,4104,4104,131,131
UNCHANGED,backend/modules/payment/mtn/settlement/reconciliationMetrics.js,1e930efd90282c40765d64266450d0d72cb912b205f32e72bd8ef6edbffb3f56,1e930efd90282c40765d64266450d0d72cb912b205f32e72bd8ef6edbffb3f56,3269,3269,100,100
UNCHANGED,backend/modules/payment/mtn/settlement/reconciliationPolicy.js,71bf5b845dda23c882bb1625078be4e0790d705ec578f53848a011eb88c686b1,71bf5b845dda23c882bb1625078be4e0790d705ec578f53848a011eb88c686b1,3895,3895,113,113
UNCHANGED,backend/modules/payment/mtn/settlement/recoveryManager.js,43523290c82fd77036fbcdd7db30dd75683e924990f99b350b0126d3c786355a,43523290c82fd77036fbcdd7db30dd75683e924990f99b350b0126d3c786355a,4198,4198,126,126
UNCHANGED,backend/modules/payment/mtn/settlement/settlementConstants.js,6c5345c5592a6fab2ca7fb987cef899312b64cb45b97bfd8af5fc8f1cbd5de43,6c5345c5592a6fab2ca7fb987cef899312b64cb45b97bfd8af5fc8f1cbd5de43,1991,1991,70,70
UNCHANGED,backend/modules/payment/mtn/settlement/settlementEngine.js,fc668df53197f8923976c74d079a5b717accce4f5fbb347ca3b161d6555d0b6a,fc668df53197f8923976c74d079a5b717accce4f5fbb347ca3b161d6555d0b6a,35739,35739,2085,2085
UNCHANGED,backend/modules/payment/mtn/settlement/settlementErrors.js,bd96656fb7d2bfb5dabb5899995a92928844c7a9dbe2db8b504eeaa9fdd3d7ed,bd96656fb7d2bfb5dabb5899995a92928844c7a9dbe2db8b504eeaa9fdd3d7ed,2485,2485,97,97
UNCHANGED,backend/modules/payment/mtn/settlement/settlementMatcher.js,c2b44dfd1e7bc573976c9a331a7e3b952888ccf420fdc1378068a1989f19205a,c2b44dfd1e7bc573976c9a331a7e3b952888ccf420fdc1378068a1989f19205a,3511,3511,105,105
UNCHANGED,backend/modules/payment/mtn/settlement/settlementReport.js,519dbbaee038588594534a2e4ba4873e4416959eff5a1cc80eddae6497c8e3b5,519dbbaee038588594534a2e4ba4873e4416959eff5a1cc80eddae6497c8e3b5,4083,4083,123,123
UNCHANGED,backend/modules/payment/mtn/settlement/settlementRepository.js,3deba6b4984b84f3f5e73af2fa096f56a75a6096c40770de68a34a33f28016fd,3deba6b4984b84f3f5e73af2fa096f56a75a6096c40770de68a34a33f28016fd,3887,3887,139,139
UNCHANGED,backend/modules/payment/mtn/settlement/settlementScheduler.js,1f7eda95881966d10ce8c0521faa3e4ba9d61c34a2aff506832a45bd0ff5a6c5,1f7eda95881966d10ce8c0521faa3e4ba9d61c34a2aff506832a45bd0ff5a6c5,3292,3292,86,86
UNCHANGED,backend/modules/payment/mtn/settlement/varianceDetector.js,92dec37a65de8a3c14462ebddbbc6ce72adbea2b82971a9210830e4c1b2929e1,92dec37a65de8a3c14462ebddbbc6ce72adbea2b82971a9210830e4c1b2929e1,3380,3380,104,104
UNCHANGED,backend/modules/payment/orchestration/idempotencyEngine.js,224d9ee0f3c23547f06d06d6a77e26a766293066ebf826005e4e0aeb686c7d35,224d9ee0f3c23547f06d06d6a77e26a766293066ebf826005e4e0aeb686c7d35,8189,8189,661,661
UNCHANGED,backend/modules/payment/orchestration/paymentEngine.js,ef6c9ed705b9711fb24614c100e52f38663a9f1f9b288ac7ac107e720fcfd542,ef6c9ed705b9711fb24614c100e52f38663a9f1f9b288ac7ac107e720fcfd542,8205,8205,642,642
UNCHANGED,backend/modules/payment/orchestration/providerRouter.js,27b1e0cb3b78d4debc8ff905b6b5a5be5ff2e4b0c863ee5545119634280a347c,27b1e0cb3b78d4debc8ff905b6b5a5be5ff2e4b0c863ee5545119634280a347c,6942,6942,572,572
UNCHANGED,backend/modules/payment/orchestration/retryManager.js,2c52a4ae0e0ad472e345a25601b6386a3253f577d6322c416ed9df566e0fa88b,2c52a4ae0e0ad472e345a25601b6386a3253f577d6322c416ed9df566e0fa88b,7495,7495,668,668
UNCHANGED,backend/modules/payment/paymentIdempotencyService.js,fd938fd8bc4d4736dc0fe8cf6bb129a5546ab54413e7acda8c7de87986d75346,fd938fd8bc4d4736dc0fe8cf6bb129a5546ab54413e7acda8c7de87986d75346,84788,84788,4402,4402
UNCHANGED,backend/modules/payment/paymentProcessingService.js,af1bf8b7211720c416b8b79ea37fc296d16fe8ed3833fc03b841a5871521a23d,af1bf8b7211720c416b8b79ea37fc296d16fe8ed3833fc03b841a5871521a23d,98088,98088,5195,5195
UNCHANGED,backend/modules/payment/paymentStateMachine.js,19809c0db59dcb0fd838cd49cd1dffe32813a71610c224a26d01ed119e2b433a,19809c0db59dcb0fd838cd49cd1dffe32813a71610c224a26d01ed119e2b433a,96039,96039,4598,4598
UNCHANGED,backend/modules/payment/paymentVerificationService.js,aa14ce401edb63dccf39645e97f2313941980e27c724874840657262e567ee8c,aa14ce401edb63dccf39645e97f2313941980e27c724874840657262e567ee8c,79379,79379,4041,4041
UNCHANGED,backend/modules/payment/providerInterface.js,5b1193a4384e25fd8069ead1141edf26f278dced9b955937b6869a3e623ce03f,5b1193a4384e25fd8069ead1141edf26f278dced9b955937b6869a3e623ce03f,46154,46154,2210,2210
UNCHANGED,backend/modules/payment/providers/airtel/airtelCallbackHandler.js,73107500982695c50e594e84c30dad3dde6b10bcc1fe1fa1ae42a2ebc221abc4,73107500982695c50e594e84c30dad3dde6b10bcc1fe1fa1ae42a2ebc221abc4,96367,96367,5116,5116
UNCHANGED,backend/modules/payment/providers/mtn/mtnCallbackHandler.js,5d87a1752e8ee02e37943f8cc5169915c58b34e31d41962fd50cb15b3c2f3c8a,5d87a1752e8ee02e37943f8cc5169915c58b34e31d41962fd50cb15b3c2f3c8a,93396,93396,4968,4968
UNCHANGED,backend/modules/payment/settlement/idempotencyManager.js,82aca8f10705eeb496bc9dff3367aef87fc5bf28803410d67aef92fd3aa59a15,82aca8f10705eeb496bc9dff3367aef87fc5bf28803410d67aef92fd3aa59a15,36188,36188,1577,1577
UNCHANGED,backend/modules/payment/settlement/index.js,2d4b4fd7d5e1a1d2491385322e351b08435d97e44ad678e05aa623ef341f6263,2d4b4fd7d5e1a1d2491385322e351b08435d97e44ad678e05aa623ef341f6263,15760,15760,657,657
UNCHANGED,backend/modules/payment/settlement/ledgerPostingService.js,5205271687f420ffc18aede32d239bf670fdb85482984eab6f2fdbed533fdef3,5205271687f420ffc18aede32d239bf670fdb85482984eab6f2fdbed533fdef3,38997,38997,1727,1727
UNCHANGED,backend/modules/payment/settlement/settlementAudit.js,aa1ee5f432677081e68c8ce1dbdd3ddbb84a1355d6ce30c7211c42ebc3752005,aa1ee5f432677081e68c8ce1dbdd3ddbb84a1355d6ce30c7211c42ebc3752005,38706,38706,1595,1595
UNCHANGED,backend/modules/payment/settlement/settlementProcessor.js,4943f6bd5f3130dbda9c12431652f6d83da7aa5c867c0bc02ecc6331ada9564f,4943f6bd5f3130dbda9c12431652f6d83da7aa5c867c0bc02ecc6331ada9564f,60631,60631,2569,2569
UNCHANGED,backend/modules/payment/settlement/settlementRecovery.js,555df549336f561dc34a7b11fcb1d0e1ce9f6515012c5c8f2851a8a0525868c0,555df549336f561dc34a7b11fcb1d0e1ce9f6515012c5c8f2851a8a0525868c0,59617,59617,2995,2995
UNCHANGED,backend/modules/payment/settlement/settlementStateMachine.js,2704ecc638a9c5f5e5d0156f0be5d4b4906cef02924081b4be10fb333918d425,2704ecc638a9c5f5e5d0156f0be5d4b4906cef02924081b4be10fb333918d425,25701,25701,1314,1314
UNCHANGED,backend/modules/payment/shared/client.js,9f244b7ec73fadae0a7088a3da5a0eb9e25cd656d5405adc7056b8d8e59f80b4,9f244b7ec73fadae0a7088a3da5a0eb9e25cd656d5405adc7056b8d8e59f80b4,9349,9349,530,530
UNCHANGED,backend/modules/payment/shared/configuration.js,e986f04baf447b5b88e867e791d40517878e35baf8dc7954fad45b9c4b53a0bd,e986f04baf447b5b88e867e791d40517878e35baf8dc7954fad45b9c4b53a0bd,10636,10636,1048,1048
UNCHANGED,backend/modules/payment/shared/errors.js,27f34b079a9c92fa0af5470862fdb6c2a655007aec228ad2304a25b29145f8e0,27f34b079a9c92fa0af5470862fdb6c2a655007aec228ad2304a25b29145f8e0,12573,12573,1412,1412
UNCHANGED,backend/modules/payment/shared/events/paymentEvents.js,ce21d06424fe1b762e71630a53983b3fc55207f9e19b1d7b0c417e8ee8dbe0e5,ce21d06424fe1b762e71630a53983b3fc55207f9e19b1d7b0c417e8ee8dbe0e5,7529,7529,605,605
UNCHANGED,backend/modules/payment/shared/queue/deadLetterQueue.js,d5688ebc530289d5052b1f28585affee4b73cb08dcc0e86f184e546423fcfd92,d5688ebc530289d5052b1f28585affee4b73cb08dcc0e86f184e546423fcfd92,8855,8855,801,801
UNCHANGED,backend/modules/payment/shared/requestBuilder.js,96fe46df9761943f32c6f940c3a1ad91a5f111d44f90e59bd9ba7cb99f1e9c79,96fe46df9761943f32c6f940c3a1ad91a5f111d44f90e59bd9ba7cb99f1e9c79,7371,7371,713,713
UNCHANGED,backend/modules/payment/shared/responseNormalizer.js,820330924af7f412d07fa98eb77fb822957234219dd4f362fcf50c1021898224,820330924af7f412d07fa98eb77fb822957234219dd4f362fcf50c1021898224,9163,9163,890,890
UNCHANGED,backend/modules/payment/shared/security/signatureService.js,55668e4091520f387e1e969322b15f8b3566b078aa9e77de81d3b2f55acc9e97,55668e4091520f387e1e969322b15f8b3566b078aa9e77de81d3b2f55acc9e97,8509,8509,789,789
UNCHANGED,backend/modules/payment/shared/signature.js,a87e75624b62adb53ee70f818e543db56a418f6f96805d11d2ad62b9272bde8f,a87e75624b62adb53ee70f818e543db56a418f6f96805d11d2ad62b9272bde8f,8933,8933,869,869
UNCHANGED,backend/modules/payment/workflows/paymentEventPublisher.js,1de28c58e46d1b28059c43e8c6d40339dc0da5195441eb2f0f0811f3f2576a02,1de28c58e46d1b28059c43e8c6d40339dc0da5195441eb2f0f0811f3f2576a02,72129,72129,3919,3919
UNCHANGED,backend/modules/payment/workflows/paymentSettlementWorkflow.js,de71aeb0d07ea37c9663f0816f6496fa2c7bf4b4e4c3295875686699c1fac0d4,de71aeb0d07ea37c9663f0816f6496fa2c7bf4b4e4c3295875686699c1fac0d4,106847,106847,5549,5549
UNCHANGED,backend/modules/paymentProviderInterface.js,d1e7f65fbda49ad2ef15c7d44f396bb028f6c4f6ee8f1c01bd93457bc8d53ee2,d1e7f65fbda49ad2ef15c7d44f396bb028f6c4f6ee8f1c01bd93457bc8d53ee2,37764,37764,1568,1568
UNCHANGED,backend/modules/regulatory/RegulatoryAdapterInterface.js,0530d1b1f2f1996c08431dcc6ea910693d7722ba1cb62355527dcaea8d2c6045,0530d1b1f2f1996c08431dcc6ea910693d7722ba1cb62355527dcaea8d2c6045,36082,36082,1737,1737
UNCHANGED,backend/modules/regulatory/RegulatoryAdapterRegistry.js,fb1b293322415d1296ad60563ffdb6985d290044ae7ad43daace7d11c0a6552f,fb1b293322415d1296ad60563ffdb6985d290044ae7ad43daace7d11c0a6552f,88182,88182,3755,3755
UNCHANGED,backend/modules/regulatory/RegulatoryCalendarService.js,c2e9fd82110fd96005dacca8ce23f1e6bb95c928c0a6d4b73626b75db6dee601,c2e9fd82110fd96005dacca8ce23f1e6bb95c928c0a6d4b73626b75db6dee601,62315,62315,2909,2909
UNCHANGED,backend/modules/regulatory/RegulatorySubmissionService.js,7d1f1eb3f201120c23b0cacc2cbde96e8d2e35f8e7c4fe487d9ad18cc7a3060f,7d1f1eb3f201120c23b0cacc2cbde96e8d2e35f8e7c4fe487d9ad18cc7a3060f,95600,95600,4168,4168
UNCHANGED,backend/modules/regulatory/RegulatoryValidationService.js,08e51a0f06d9f8cb3810512fed58841fd633cecc8226626ec470f700780b18d9,08e51a0f06d9f8cb3810512fed58841fd633cecc8226626ec470f700780b18d9,77016,77016,3377,3377
UNCHANGED,backend/modules/regulatory/adapters/uganda/UgandaRegulatoryAdapter.js,73443e605b6b20b126564beb879a7756e593d331bd4fc37dad5fe35df8accd9d,73443e605b6b20b126564beb879a7756e593d331bd4fc37dad5fe35df8accd9d,83241,83241,3615,3615
UNCHANGED,backend/modules/regulatoryReportingService.js,33c09104280123afb994cfe295bbb27e3aa3dd0dc218a875acdb7ea1c019ddaf,33c09104280123afb994cfe295bbb27e3aa3dd0dc218a875acdb7ea1c019ddaf,65205,65205,3821,3821
UNCHANGED,backend/modules/risk/risk.service.js,be4eed2bbea425840ac1e094110aa360f981b6ee6363cf82dcdfe5869b1ae4c8,be4eed2bbea425840ac1e094110aa360f981b6ee6363cf82dcdfe5869b1ae4c8,34758,34758,2158,2158
UNCHANGED,backend/modules/risk/services/RiskOrchestrationService.js,1d3feb12f44bf1451daf3c9c1e3f068df0e62dd57d75e88aba5265c46242b716,1d3feb12f44bf1451daf3c9c1e3f068df0e62dd57d75e88aba5265c46242b716,67404,67404,2913,2913
UNCHANGED,backend/modules/risk/services/amlScreeningService.js,5b3e3e6afe581d10a81776b639b144cf74b3b558d8c25aae4257fb8703bb2cbd,5b3e3e6afe581d10a81776b639b144cf74b3b558d8c25aae4257fb8703bb2cbd,44507,44507,1852,1852
UNCHANGED,backend/modules/risk/services/behavioralAnalysisService.js,1f95b9bbaf380f2992442690c6589ba7a8eb864a62d611b0bec68c79f8a20e44,1f95b9bbaf380f2992442690c6589ba7a8eb864a62d611b0bec68c79f8a20e44,41626,41626,1830,1830
UNCHANGED,backend/modules/risk/services/caseManagementService.js,e39739f12f86de0ee4c1070679a746fd13f58e62f1926001ee7393e6d7ca1d69,e39739f12f86de0ee4c1070679a746fd13f58e62f1926001ee7393e6d7ca1d69,53170,53170,2289,2289
UNCHANGED,backend/modules/risk/services/creditScoringService.js,b8be96199ce3d1591c0d65329223a6a43e2e03ee95ff329f648e109fe84c195b,b8be96199ce3d1591c0d65329223a6a43e2e03ee95ff329f648e109fe84c195b,45283,45283,1973,1973
UNCHANGED,backend/modules/risk/services/deviceFingerprintService.js,ee214cf45130be7eef5e99fd66e166275fe9152c7d3501e2d24ff84ed55c3455,ee214cf45130be7eef5e99fd66e166275fe9152c7d3501e2d24ff84ed55c3455,35712,35712,1501,1501
UNCHANGED,backend/modules/risk/services/fraudDetectionService.js,fe05d5d61787ebb2066c67abdddddcca9db42a850072e50bc3f8eba0a5924b38,fe05d5d61787ebb2066c67abdddddcca9db42a850072e50bc3f8eba0a5924b38,46920,46920,2081,2081
UNCHANGED,backend/modules/risk/services/riskAnalyticsService.js,6caef7e577794914671ad4a5b4e22f9222702284ff48fa31f1c138ecd4b4cd9d,6caef7e577794914671ad4a5b4e22f9222702284ff48fa31f1c138ecd4b4cd9d,48795,48795,1866,1866
UNCHANGED,backend/modules/risk/services/riskEngineService.js,5e691a052b3d0912c97741cc51494961818534ea57257b433b2b2ad072d2e9db,5e691a052b3d0912c97741cc51494961818534ea57257b433b2b2ad072d2e9db,30426,30426,1184,1184
UNCHANGED,backend/modules/risk/services/sanctionsScreeningService.js,bfbce4a5cbf0877b53370dee8a821070c3342a3e867464023f8508adc8e519fe,bfbce4a5cbf0877b53370dee8a821070c3342a3e867464023f8508adc8e519fe,48361,48361,1976,1976
UNCHANGED,backend/modules/risk/services/transactionMonitoringService.js,256f5530a2e0c1a35388e8ee9c84889586ea1c2f8f287518dbca3f529c21b3c9,256f5530a2e0c1a35388e8ee9c84889586ea1c2f8f287518dbca3f529c21b3c9,44249,44249,1815,1815
UNCHANGED,backend/modules/riskScoringService.js,90efd14e23cffad191099a431762381d74c221b37bf003111d33499fff2c3124,90efd14e23cffad191099a431762381d74c221b37bf003111d33499fff2c3124,46052,46052,2585,2585
UNCHANGED,backend/modules/savingsAccountingService.js,0a2da909a69aa0b6a8e399bc5417baed92682a08d02a77dc55456ce75ae06018,0a2da909a69aa0b6a8e399bc5417baed92682a08d02a77dc55456ce75ae06018,46251,46251,2533,2533
UNCHANGED,backend/modules/subscriptionService.js,45ddab83ec8f5573dbe5191cb80f5c5aba1a88f6954aed404c9ef5c64b931639,45ddab83ec8f5573dbe5191cb80f5c5aba1a88f6954aed404c9ef5c64b931639,117866,117866,6218,6218
UNCHANGED,backend/modules/tenantBillingService.js,cf464e429ddcec4a3e0a72a641d393148cac73968f142712949fb4b2c872c65d,cf464e429ddcec4a3e0a72a641d393148cac73968f142712949fb4b2c872c65d,119438,119438,6705,6705
UNCHANGED,backend/modules/transaction/transaction.model.js,8a91fdd6aa22c02ef081d96acc56c741ec2fcedf819fc26ddef73060447907a8,8a91fdd6aa22c02ef081d96acc56c741ec2fcedf819fc26ddef73060447907a8,46504,46504,2399,2399
UNCHANGED,backend/modules/transaction/transaction.service.js,06d97ec883c62f04105a90d873983d07c08297ed978c899d4aefb15467af60f9,06d97ec883c62f04105a90d873983d07c08297ed978c899d4aefb15467af60f9,21939,21939,1114,1114
UNCHANGED,backend/modules/transactions/CompensationManager.js,654aabbe3a4ab16dea2ee72594ea358622c88dd2d7d85df61e7465301ee92da6,654aabbe3a4ab16dea2ee72594ea358622c88dd2d7d85df61e7465301ee92da6,11190,11190,939,939
UNCHANGED,backend/modules/transactions/DistributedTransactionManager.js,32a9764f3459543d91d41194d518081c48a3df9e81524b4e9d59432f0492eca3,32a9764f3459543d91d41194d518081c48a3df9e81524b4e9d59432f0492eca3,52507,52507,2577,2577
UNCHANGED,backend/modules/transactions/RollbackCoordinator.js,0b939b41c99b39e1b5550e6cfb4065afe4c26b5804f3e6b418cf83783e843fbe,0b939b41c99b39e1b5550e6cfb4065afe4c26b5804f3e6b418cf83783e843fbe,52172,52172,2803,2803
UNCHANGED,backend/modules/transactions/SagaExecutionEngine.js,df11adb0187a10dd8a8774c0638acd43f2089353eb49eddeb48d909961ca5f25,df11adb0187a10dd8a8774c0638acd43f2089353eb49eddeb48d909961ca5f25,81457,81457,3520,3520
UNCHANGED,backend/modules/transactions/SagaRegistry.js,c0a69717fe49ff74e918c385dac7fa4d836241be89f8d2d786afe5c42b8905e9,c0a69717fe49ff74e918c385dac7fa4d836241be89f8d2d786afe5c42b8905e9,45824,45824,2352,2352
UNCHANGED,backend/modules/transactions/TransactionAuditPublisher.js,c14fdcfcfd419602114287979099cfbae5d9db1e044638f4ab1e5f89ce1ea266,c14fdcfcfd419602114287979099cfbae5d9db1e044638f4ab1e5f89ce1ea266,40651,40651,2317,2317
UNCHANGED,backend/modules/transactions/TransactionConstants.js,4dd0476fe4ebb997425fb50cfc7acf715a7c497e04023e86d8f43fd5c025a655,4dd0476fe4ebb997425fb50cfc7acf715a7c497e04023e86d8f43fd5c025a655,27801,27801,1659,1659
UNCHANGED,backend/modules/transactions/TransactionContext.js,e42bec7499db2e1be6bb5347895a3e40cfc997d7b1a27a00b2e7b94bb3fb4445,e42bec7499db2e1be6bb5347895a3e40cfc997d7b1a27a00b2e7b94bb3fb4445,47168,47168,2725,2725
UNCHANGED,backend/modules/transactions/TransactionErrors.js,d0e0af5d7688f3d614c26b8d1efd33f532b57c370cbb459d66043fcd53f02538,d0e0af5d7688f3d614c26b8d1efd33f532b57c370cbb459d66043fcd53f02538,45341,45341,2393,2393
UNCHANGED,backend/modules/transactions/TransactionEventBusAdapter.js,ef36f4756446dcdfbc16549bddd8657a14395d7e2974e7dead5aa0b8e98b2202,ef36f4756446dcdfbc16549bddd8657a14395d7e2974e7dead5aa0b8e98b2202,44606,44606,1910,1910
UNCHANGED,backend/modules/transactions/TransactionEventPublisher.js,392e8840f271f369f1c559557d738d0db4b1e29f68432654f530fe9d9cded986,392e8840f271f369f1c559557d738d0db4b1e29f68432654f530fe9d9cded986,32906,32906,2577,2577
UNCHANGED,backend/modules/transactions/TransactionEventRouter.js,d2727f4ceeda788926079472675fdfe426e261c75d47671da4f4cbb55ffc36c4,d2727f4ceeda788926079472675fdfe426e261c75d47671da4f4cbb55ffc36c4,35605,35605,2038,2038
UNCHANGED,backend/modules/transactions/TransactionEvents.js,94549c2f22c376947d81acc42c82a5477cca9e06aecfc8ba3af4ca437b462ad7,94549c2f22c376947d81acc42c82a5477cca9e06aecfc8ba3af4ca437b462ad7,40875,40875,2362,2362
UNCHANGED,backend/modules/transactions/TransactionIdempotencyManager.js,920f15511034f2f10f773f3bd9d0f764ba566b7fea5c61f0666738ab0bb04e6c,920f15511034f2f10f773f3bd9d0f764ba566b7fea5c61f0666738ab0bb04e6c,54428,54428,3285,3285
UNCHANGED,backend/modules/transactions/TransactionLockManager.js,0537357d38f100266ea9e744c40d18fe78dc6a948dc928517db3e77896789cb4,0537357d38f100266ea9e744c40d18fe78dc6a948dc928517db3e77896789cb4,54975,54975,3178,3178
UNCHANGED,backend/modules/transactions/TransactionLogger.js,a0d0f90003fe2489242f22e953f7beb85b4f6c8591de536093ce0a6103f60ac5,a0d0f90003fe2489242f22e953f7beb85b4f6c8591de536093ce0a6103f60ac5,50912,50912,2985,2985
UNCHANGED,backend/modules/transactions/TransactionMetrics.js,9e1573df2755c347a6f9d5e66a62c8165ecc51a833caef1b7a908c423a4a88bc,9e1573df2755c347a6f9d5e66a62c8165ecc51a833caef1b7a908c423a4a88bc,45441,45441,2745,2745
UNCHANGED,backend/modules/transactions/TransactionOutboxModel.js,7bf354d13c63733150320a63dcce1176e694033d22c3cf9f7803badd98eafb9c,7bf354d13c63733150320a63dcce1176e694033d22c3cf9f7803badd98eafb9c,34805,34805,2157,2157
UNCHANGED,backend/modules/transactions/TransactionOutboxRepository.js,6ed9358c8339fa3237170e86ada449612dd6716b463a039e8d4bbb71d87db145,6ed9358c8339fa3237170e86ada449612dd6716b463a039e8d4bbb71d87db145,61833,61833,3598,3598
UNCHANGED,backend/modules/transactions/TransactionPublishingEngine.js,39a7528c11e188971d67fc326d6d9b818bbd102b1e1df1ebf0de501b4ea6dd83,39a7528c11e188971d67fc326d6d9b818bbd102b1e1df1ebf0de501b4ea6dd83,34900,34900,1844,1844
UNCHANGED,backend/modules/transactions/TransactionRecoveryManager.js,4f86878949d58008a48e78a0c3e5da584cce7b29a1add3352745420fb3787ef4,4f86878949d58008a48e78a0c3e5da584cce7b29a1add3352745420fb3787ef4,66335,66335,3647,3647
UNCHANGED,backend/modules/transactions/TransactionRepository.js,1c000f377c5e41950676756c86080fb2b65a344b20ac189c1a25aaf4e0ea9046,1c000f377c5e41950676756c86080fb2b65a344b20ac189c1a25aaf4e0ea9046,49809,49809,2851,2851
UNCHANGED,backend/modules/transactions/TransactionRetryPolicy.js,144f3f49fd1a97992d0708692f2a4983c4f0c7f73f2a952f6369106f4ee637ea,144f3f49fd1a97992d0708692f2a4983c4f0c7f73f2a952f6369106f4ee637ea,45240,45240,2693,2693
UNCHANGED,backend/modules/transactions/TransactionStateMachine.js,cabd5080a538b2521c22c11e814cd651a07a93aac888972fc8fa09664e068784,cabd5080a538b2521c22c11e814cd651a07a93aac888972fc8fa09664e068784,80100,80100,3176,3176
UNCHANGED,backend/modules/transactions/TransactionTimeoutManager.js,179e80666ce04665dfa4e1709f38cddb7f28d70580e2bde5215ec61cac88539d,179e80666ce04665dfa4e1709f38cddb7f28d70580e2bde5215ec61cac88539d,67446,67446,3931,3931
UNCHANGED,backend/modules/transactions/TransactionTracer.js,5b3d93994c233011d3c0e784d3549aee0bdbcfeecd55826826eb1078704b066b,5b3d93994c233011d3c0e784d3549aee0bdbcfeecd55826826eb1078704b066b,46835,46835,2242,2242
UNCHANGED,backend/modules/transactions/TransactionValidator.js,923563b551ff06031119f6d79cc4398849feab86d94975de1f2baf11bb603e51,923563b551ff06031119f6d79cc4398849feab86d94975de1f2baf11bb603e51,48314,48314,2235,2235
UNCHANGED,backend/modules/transactions/index.js,dbe94f878d37bda5141ed5dff97796de151e7b4dac1b32ed8357c741043f1b2d,dbe94f878d37bda5141ed5dff97796de151e7b4dac1b32ed8357c741043f1b2d,28393,28393,1393,1393
UNCHANGED,backend/modules/transactions/models/DistributedTransactionRecord.js,473fe52a257766cfb9514e7a41f89290b6439252364032730a56e26b0505b0c0,473fe52a257766cfb9514e7a41f89290b6439252364032730a56e26b0505b0c0,39933,39933,2546,2546
UNCHANGED,backend/modules/transactions/models/TransactionOutboxRecord.js,7d80985f4348db367b27b3f07e7b680e6746e7340e218a1e3d9c131906b6bcc7,7d80985f4348db367b27b3f07e7b680e6746e7340e218a1e3d9c131906b6bcc7,24402,24402,1172,1172
UNCHANGED,backend/modules/transactions/orchestration/AuditCorrelationManager.js,fe221ac23c7543809f9a53d60e50fd02fec6f61e5dd1ce154494db0f107ae609,fe221ac23c7543809f9a53d60e50fd02fec6f61e5dd1ce154494db0f107ae609,51477,51477,2066,2066
UNCHANGED,backend/modules/transactions/orchestration/CompensationOrchestrator.js,0e746053e2c162f2d4410868e5745a1b650d82395144f09e68d7c9b78445c09d,0e746053e2c162f2d4410868e5745a1b650d82395144f09e68d7c9b78445c09d,62436,62436,2430,2430
UNCHANGED,backend/modules/transactions/orchestration/ConsistencyValidator.js,c9a1f79ae1a1a89a5865d6a663163e6db117941c270726551b1fd3f4f8b58e33,c9a1f79ae1a1a89a5865d6a663163e6db117941c270726551b1fd3f4f8b58e33,52094,52094,2069,2069
UNCHANGED,backend/modules/transactions/orchestration/LifecycleManager.js,7b7ec36bd96c00c54c7b8ddfbf46e8c3e96347dd575aa7ca87fb3fca82b3a671,7b7ec36bd96c00c54c7b8ddfbf46e8c3e96347dd575aa7ca87fb3fca82b3a671,42369,42369,1791,1791
UNCHANGED,backend/modules/transactions/orchestration/SagaContext.js,e4fd745f8542b9977220c4d5afaeffe7b28d8504da71c8d8e2f8fa791998ce16,e4fd745f8542b9977220c4d5afaeffe7b28d8504da71c8d8e2f8fa791998ce16,48230,48230,2160,2160
UNCHANGED,backend/modules/transactions/orchestration/SagaDefinition.js,5cab4e98e2eee5a893ec61aa28d74e9af02668a86e36146d0421302e2183b9ce,5cab4e98e2eee5a893ec61aa28d74e9af02668a86e36146d0421302e2183b9ce,39854,39854,1667,1667
UNCHANGED,backend/modules/transactions/orchestration/SagaOrchestrator.js,c796517179a3d18aae5969c2d74c5642a13979f0401d26d93912f751c3976726,c796517179a3d18aae5969c2d74c5642a13979f0401d26d93912f751c3976726,52654,52654,2072,2072
UNCHANGED,backend/modules/transactions/orchestration/SagaStep.js,b9f1bfddf86bed701add2accb749b895ff0e52fc043a563002839624d2fe25eb,b9f1bfddf86bed701add2accb749b895ff0e52fc043a563002839624d2fe25eb,75599,75599,6430,6430
UNCHANGED,backend/modules/transactions/orchestration/TransactionEventCoordinator.js,c6c00e83b577ec46d0ef2255f95ac548dab62a1c5fa8fd72425614530cf2dcdf,c6c00e83b577ec46d0ef2255f95ac548dab62a1c5fa8fd72425614530cf2dcdf,86624,86624,4111,4111
UNCHANGED,backend/modules/transactions/orchestration/index.js,98ea2b55aa3c3d02154d7cc23398488acfd49af4d13253f5e169f90b6922a913,98ea2b55aa3c3d02154d7cc23398488acfd49af4d13253f5e169f90b6922a913,19216,19216,747,747
UNCHANGED,backend/modules/transactions/recovery/DistributedTransactionRecoveryAdapter.js,ccffa75ca5f18c71dc993b62c6fdcb8cf3db938511e55215d887a5736b0c25b9,ccffa75ca5f18c71dc993b62c6fdcb8cf3db938511e55215d887a5736b0c25b9,54786,54786,2906,2906
UNCHANGED,backend/modules/transactions/reliability/TransactionBackpressureController.js,ed4748e5d1e83ace7cbd7f12d6f0e01c421d112b0a1048b0c8ffcab70cb64c61,ed4748e5d1e83ace7cbd7f12d6f0e01c421d112b0a1048b0c8ffcab70cb64c61,56465,56465,2590,2590
UNCHANGED,backend/modules/transactions/reliability/TransactionCircuitBreaker.js,c97cac8fee973debd0b51a22c177be9f32c898288fe2d682ca55960d1550b07e,c97cac8fee973debd0b51a22c177be9f32c898288fe2d682ca55960d1550b07e,39264,39264,1820,1820
UNCHANGED,backend/modules/transactions/reliability/TransactionDeadLetterProcessor.js,b6886046a5b8762d56cad16ea3a066f6d501d75b40d1344e0506b25850962830,b6886046a5b8762d56cad16ea3a066f6d501d75b40d1344e0506b25850962830,43097,43097,1682,1682
UNCHANGED,backend/modules/transactions/reliability/TransactionPublisherMetrics.js,016979b0c99450d07afab3d079af8230dd3a58a787923d4b0079df68db3fcb8a,016979b0c99450d07afab3d079af8230dd3a58a787923d4b0079df68db3fcb8a,34014,34014,1496,1496
UNCHANGED,backend/modules/transactions/reliability/TransactionPublisherTracer.js,a4508ed7a4e36eaa3f617306dbbe58e44c41b300ac833b81fd1f733ca4e90ed5,a4508ed7a4e36eaa3f617306dbbe58e44c41b300ac833b81fd1f733ca4e90ed5,29778,29778,1353,1353
UNCHANGED,backend/modules/transactions/reliability/TransactionPublisherWorker.js,5e793961d8be5a556e72e9dd39f83741d2b1dd6dbb6ba0353df9786a073865a0,5e793961d8be5a556e72e9dd39f83741d2b1dd6dbb6ba0353df9786a073865a0,39223,39223,1596,1596
UNCHANGED,backend/modules/transactions/reliability/TransactionRecoveryManager.js,ad116660e4f3251f42129976c1588d14b05c4ac5998af27b6a7ac5d48c734466,ad116660e4f3251f42129976c1588d14b05c4ac5998af27b6a7ac5d48c734466,40910,40910,1907,1907
UNCHANGED,backend/modules/transactions/reliability/TransactionReplayEngine.js,6e8d055187ba9d50ea61158694311c31a0b3e084fa5d0dc7d6f36826a3940b26,6e8d055187ba9d50ea61158694311c31a0b3e084fa5d0dc7d6f36826a3940b26,47124,47124,1985,1985
UNCHANGED,backend/modules/transactions/reliability/TransactionRetryOrchestrator.js,477163cc214468e2db96a0dbf9411eeab98410a7d0b17a5dd168be195d60eb30,477163cc214468e2db96a0dbf9411eeab98410a7d0b17a5dd168be195d60eb30,47143,47143,2017,2017
UNCHANGED,backend/modules/transactions/reliability/correlationUtils.js,3a28562c9901d24da8a7c9c161cdc8cfa7ee70efe726a9da2b3991971cdd38e4,3a28562c9901d24da8a7c9c161cdc8cfa7ee70efe726a9da2b3991971cdd38e4,26415,26415,1269,1269
UNCHANGED,backend/modules/transactions/repositories/DistributedTransactionRepository.js,a60e76f33a7539ece8e0bf271e9e223725acadb8dfd323d0b4ae7668b9966736,a60e76f33a7539ece8e0bf271e9e223725acadb8dfd323d0b4ae7668b9966736,50155,50155,2956,2956
UNCHANGED,backend/modules/transactions/repositories/DistributedTransactionRepository.test.js,f63dd2baa32884fff0339c6cb7302fee717e54f50eca7735ba74e6913a5f2a35,f63dd2baa32884fff0339c6cb7302fee717e54f50eca7735ba74e6913a5f2a35,87519,87519,3334,3334
UNCHANGED,backend/modules/transactions/transactionIdempotencyService.js,5a8c27db3703307e78ffeddb1a87ec2d13d74d1cc1766b1fdb35f4306af201cd,5a8c27db3703307e78ffeddb1a87ec2d13d74d1cc1766b1fdb35f4306af201cd,102545,102545,5662,5662
UNCHANGED,backend/modules/transactions/transactionRecoveryService.js,26a01220df1d7afb19d4ed0e9f5a13363ef01eb55e4da509fd5f90fadd871697,26a01220df1d7afb19d4ed0e9f5a13363ef01eb55e4da509fd5f90fadd871697,137117,137117,7213,7213
UNCHANGED,backend/modules/transactions/utils/TransactionConfigurationUtils.js,02d3930e8b44af40395fd291caa8750f30de59bdcfbc6b06ea15abfed774ebd1,02d3930e8b44af40395fd291caa8750f30de59bdcfbc6b06ea15abfed774ebd1,26528,26528,1556,1556
UNCHANGED,backend/modules/transactions/utils/TransactionCorrelationUtils.js,330b2dc125a42c6a2772c003bbec94846f02a7d6f0d22a9f74dc473dd3159251,330b2dc125a42c6a2772c003bbec94846f02a7d6f0d22a9f74dc473dd3159251,39617,39617,1959,1959
UNCHANGED,backend/modules/transactions/utils/TransactionEventIdUtils.js,5df58216a109e731fe85b458ffddd13611c36b2e75ec500fe007da5829f63257,5df58216a109e731fe85b458ffddd13611c36b2e75ec500fe007da5829f63257,15035,15035,772,772
UNCHANGED,backend/modules/transactions/utils/TransactionObjectUtils.js,15aa3c0c13a0629951587f156f0f972f5f89469108b896a84fff35fd4c068cc4,15aa3c0c13a0629951587f156f0f972f5f89469108b896a84fff35fd4c068cc4,23926,23926,1076,1076
UNCHANGED,backend/modules/transactions/utils/TransactionPublisherIdentityUtils.js,b48b010f659fe5958fcbd90a49b314728b9ac6fcc7be1a7c7339ec1552c79f24,b48b010f659fe5958fcbd90a49b314728b9ac6fcc7be1a7c7339ec1552c79f24,31788,31788,1632,1632
UNCHANGED,backend/modules/transactions/utils/TransactionValidationUtils.js,accbd85c710fb151f80c4cdfd591487ea977034bd27a499fdfb6641c557a7ce8,accbd85c710fb151f80c4cdfd591487ea977034bd27a499fdfb6641c557a7ce8,8645,8645,826,826
UNCHANGED,backend/modules/transactions/workers/TransactionOutboxWorker.js,75ab94a28feb9ca4e06cf7c7be069f86f76ddfd03a23660462ce81da5b870ad7,75ab94a28feb9ca4e06cf7c7be069f86f76ddfd03a23660462ce81da5b870ad7,46527,46527,2576,2576
UNCHANGED,backend/nodemon.json,69fd9967790bc1ade7f24c3f4d2939d72cb078ea99b49f44958b4d037470d42b,69fd9967790bc1ade7f24c3f4d2939d72cb078ea99b49f44958b4d037470d42b,239,239,10,10
UNCHANGED,backend/observability.js,9069e4711a1f5ae4d465e8a04d75e53afd2ee88c2c919bde73c19bc56ebfda55,9069e4711a1f5ae4d465e8a04d75e53afd2ee88c2c919bde73c19bc56ebfda55,71668,71668,4052,4052
UNCHANGED,backend/observability/resilienceObservabilityBootstrap.js,577c9efe200308687ac110ff49c38780e6f25233f305d921a2ec1d5f1ddcba4c,577c9efe200308687ac110ff49c38780e6f25233f305d921a2ec1d5f1ddcba4c,4475,4475,207,207
UNCHANGED,backend/package-lock.json,7591b65d72b60b9b2717116b6f10269cf28650f00ee1a6f539082ad237cc62b6,7591b65d72b60b9b2717116b6f10269cf28650f00ee1a6f539082ad237cc62b6,716602,716602,19525,19525
UNCHANGED,backend/package.json,1896de6dc1c61a199b05d0be37a84293cebd4ef354ee84b308074e1959d672ec,1896de6dc1c61a199b05d0be37a84293cebd4ef354ee84b308074e1959d672ec,7593,7593,200,200
UNCHANGED,backend/queues/referralRewardQueue.js,c0e85b56b802b070ed1483d9921655d4e2a8fa0fa00bc0c71dd6d344163fbeb4,c0e85b56b802b070ed1483d9921655d4e2a8fa0fa00bc0c71dd6d344163fbeb4,54978,54978,2774,2774
UNCHANGED,backend/queues/transaction.queue.js,ca58f2f26b442f9a35bd070824b307ad7f1f0ed305a0cb286b42990bce1d0c86,ca58f2f26b442f9a35bd070824b307ad7f1f0ed305a0cb286b42990bce1d0c86,48611,48611,2518,2518
UNCHANGED,backend/queues/transaction.worker.js,bc0879d14f0baf5d526c157e638dd1f6093a03d9e719fd7376aedc282c5dd563,bc0879d14f0baf5d526c157e638dd1f6093a03d9e719fd7376aedc282c5dd563,43768,43768,2104,2104
UNCHANGED,backend/queues/transactionQueue.js,797deeeb147932b75e1c3d1e6ca30662027c108f886a4eba0d273253aaa2e892,797deeeb147932b75e1c3d1e6ca30662027c108f886a4eba0d273253aaa2e892,27187,27187,1613,1613
UNCHANGED,backend/realtime/chatSocket.js,706c493bb940208b5ffaa5284454bf5b6d99e5083b4a9190845fc86ec3a38494,706c493bb940208b5ffaa5284454bf5b6d99e5083b4a9190845fc86ec3a38494,3818,3818,112,112
UNCHANGED,backend/repositories/BalanceRepository.js,4494c3c2d97cf81010bd8045e2f3c208605c7aecb3ccec8805eefe0d2e7fa376,4494c3c2d97cf81010bd8045e2f3c208605c7aecb3ccec8805eefe0d2e7fa376,57832,57832,2480,2480
UNCHANGED,backend/repositories/admin/adminAudit.repository.js,1c7f6ec3e2830a00e1ff4cfd4eb7668581e6980495b1a58721594e17f90c72d8,1c7f6ec3e2830a00e1ff4cfd4eb7668581e6980495b1a58721594e17f90c72d8,45990,45990,2590,2590
UNCHANGED,backend/repositories/admin/adminDashboard.repository.js,d5fdbb2d1796803bccfb16d50bd5fcf405a22fcb770a7184583c2d937ecad451,d5fdbb2d1796803bccfb16d50bd5fcf405a22fcb770a7184583c2d937ecad451,79556,79556,4408,4408
UNCHANGED,backend/repositories/admin/adminGroup.repository.js,bc4bdb7609b71b6d4be6dfec2175f594fd3cb1c0ee75eb266e8f04bf8f75a168,bc4bdb7609b71b6d4be6dfec2175f594fd3cb1c0ee75eb266e8f04bf8f75a168,38399,38399,2186,2186
UNCHANGED,backend/repositories/admin/adminLoan.repository.js,66be7b472a600b5217f1cde272cadcbd853bc6458c80eca5fdd1579b1b25a31b,66be7b472a600b5217f1cde272cadcbd853bc6458c80eca5fdd1579b1b25a31b,66273,66273,3842,3842
UNCHANGED,backend/repositories/admin/adminUser.repository.js,0ad4d8c38b1ad2062985c155544e457da385af3d9bd4636843605c14de6bc8d2,0ad4d8c38b1ad2062985c155544e457da385af3d9bd4636843605c14de6bc8d2,54979,54979,3142,3142
UNCHANGED,backend/repositories/analytics/analytics.repository.js,115b6aae4bfca83c34f3008ba68feb4cc24a58945c2b34fc3026d891701883b9,115b6aae4bfca83c34f3008ba68feb4cc24a58945c2b34fc3026d891701883b9,99622,99622,4620,4620
UNCHANGED,backend/repositories/analytics/financialAnalytics.repository.js,a8fd130063c274010e3327d91f303f8d8af965f9044532431b4b45321a7c988a,a8fd130063c274010e3327d91f303f8d8af965f9044532431b4b45321a7c988a,161018,161018,7456,7456
UNCHANGED,backend/repositories/analytics/loanAnalytics.repository.js,1630b4f5daa638991767a6ace5d6e7e1d3f588d546e2e2a7e4617f3e729eee6a,1630b4f5daa638991767a6ace5d6e7e1d3f588d546e2e2a7e4617f3e729eee6a,128267,128267,5775,5775
UNCHANGED,backend/repositories/analytics/memberAnalytics.repository.js,25179ce7b5ae5b11ae4ee5a153dfc7f426fcc362d279796e47aa730196bd0dcf,25179ce7b5ae5b11ae4ee5a153dfc7f426fcc362d279796e47aa730196bd0dcf,84989,84989,3860,3860
UNCHANGED,backend/repositories/analytics/operationalAnalytics.repository.js,9ac62d795ff416b0be5c4640ed24103e7b87af7640d974a20266af2c7770bd57,9ac62d795ff416b0be5c4640ed24103e7b87af7640d974a20266af2c7770bd57,93202,93202,4223,4223
UNCHANGED,backend/repositories/commercial/saasBillingReconciliation.repository.js,4b35a96feb5dc66c0c5640615254b9ba1324397f479b8f4daab6697a48b317cb,4b35a96feb5dc66c0c5640615254b9ba1324397f479b8f4daab6697a48b317cb,39735,39735,1858,1858
UNCHANGED,backend/repositories/complianceRepository.js,68f68c607c472af549e84ca5e8cb543583e8dfadc1ff3d4bf0e129c164a8ffc7,68f68c607c472af549e84ca5e8cb543583e8dfadc1ff3d4bf0e129c164a8ffc7,59096,59096,2976,2976
UNCHANGED,backend/repositories/reconciliationRepository.js,b055df470b739c21883f663cb35693e7f7c9f4b0a181b457db130611f51cdab2,b055df470b739c21883f663cb35693e7f7c9f4b0a181b457db130611f51cdab2,64518,64518,3251,3251
UNCHANGED,backend/repositories/referral/referral.repository.js,97f3d3609cbb876eded04c6068ef74ca19a3eb67a8e8422e86e21716a854d7bc,97f3d3609cbb876eded04c6068ef74ca19a3eb67a8e8422e86e21716a854d7bc,10737,10737,498,498
UNCHANGED,backend/routes/admin.routes.js,b64672ec8e3ddb371fcba1f9afde626331dd9d6796dda87a50689cd75ccbeac5,b64672ec8e3ddb371fcba1f9afde626331dd9d6796dda87a50689cd75ccbeac5,48457,48457,2918,2918
UNCHANGED,backend/routes/airtelRoutes.js,9cd89d80bcd6e3c2118170badb59f93c106438b09a7ab4a4221bba027d7f945d,9cd89d80bcd6e3c2118170badb59f93c106438b09a7ab4a4221bba027d7f945d,29348,29348,1617,1617
UNCHANGED,backend/routes/analytics.js,9fd3c3d93df084324d26ddeca80e5cb165527352c5c04aca670c694494a520bf,9fd3c3d93df084324d26ddeca80e5cb165527352c5c04aca670c694494a520bf,23588,23588,1353,1353
UNCHANGED,backend/routes/announcementRoutes.js,e597d3784fd285f5052a99fded370aa4c6ab14cd0b175972e8ec2772760532e7,e597d3784fd285f5052a99fded370aa4c6ab14cd0b175972e8ec2772760532e7,7213,7213,285,285
UNCHANGED,backend/routes/auditRoutes.js,e2ec6712c54d192075840e6fd7d99e63a76e8ed47474e5eb241c06f319c9fa70,e2ec6712c54d192075840e6fd7d99e63a76e8ed47474e5eb241c06f319c9fa70,16194,16194,942,942
UNCHANGED,backend/routes/auth.js,dbb7045d8dd6f94319c0e22af855ab55234ab0d44bacd1379648594a09d0f027,dbb7045d8dd6f94319c0e22af855ab55234ab0d44bacd1379648594a09d0f027,20781,20781,1207,1207
UNCHANGED,backend/routes/auth.routes.js,80606de410182f58a8dcfe83189a766e51eb475a7fbad4129c49133e74b65f58,80606de410182f58a8dcfe83189a766e51eb475a7fbad4129c49133e74b65f58,22349,22349,1426,1426
UNCHANGED,backend/routes/authRoutes.js,8af82532044b8e51fa5bf493fc1dacd2e24c955f8b7dc871451f33fc13dece45,8af82532044b8e51fa5bf493fc1dacd2e24c955f8b7dc871451f33fc13dece45,14021,14021,782,782
UNCHANGED,backend/routes/bizchat.js,0a974a467a03ece815681ce50b157a12c6a160e19a58f0c75d755b4712556d87,0a974a467a03ece815681ce50b157a12c6a160e19a58f0c75d755b4712556d87,18536,18536,1007,1007
UNCHANGED,backend/routes/bizchat.routes.js,e6d9dd5597ad32e1905ae6c0c5b8f25151dd42853cef080eb54e85da6faba0e1,e6d9dd5597ad32e1905ae6c0c5b8f25151dd42853cef080eb54e85da6faba0e1,13311,13311,736,736
UNCHANGED,backend/routes/chat.js,e9f76731b0c8ed2196a004c41549ea23221f8b9b592b2af3168695de6bf2939f,e9f76731b0c8ed2196a004c41549ea23221f8b9b592b2af3168695de6bf2939f,21728,21728,1291,1291
UNCHANGED,backend/routes/chatRoutes.js,24c2d0723c452550150ed28c452d0503ddfbd828f96640ed0068d37f95ac9611,24c2d0723c452550150ed28c452d0503ddfbd828f96640ed0068d37f95ac9611,23411,23411,1324,1324
UNCHANGED,backend/routes/contributions.js,6919fe449fe89ab12eca1d50edad4a3d8919c5bf8d7be4958d4de925aa3d4798,6919fe449fe89ab12eca1d50edad4a3d8919c5bf8d7be4958d4de925aa3d4798,20614,20614,1129,1129
UNCHANGED,backend/routes/email.js,489bdf5a24916ccd89c8b852b8a0a5086cbafceac9f5cbcf3341e0f2993fd217,489bdf5a24916ccd89c8b852b8a0a5086cbafceac9f5cbcf3341e0f2993fd217,28361,28361,1483,1483
UNCHANGED,backend/routes/faq.routes.js,beb8829d3168152aba97f10de0f3972ed773079cddb363eb323a16945487f2da,beb8829d3168152aba97f10de0f3972ed773079cddb363eb323a16945487f2da,18144,18144,1078,1078
UNCHANGED,backend/routes/forums.routes.js,a942537d312b928c3dd86ad4844552ecf2f83ac8f5858fb0db2de7be5d361a82,a942537d312b928c3dd86ad4844552ecf2f83ac8f5858fb0db2de7be5d361a82,26944,26944,1316,1316
UNCHANGED,backend/routes/groups.js,8a727d699f64f93598613a6e387eb4ffe7f0260a95158936a18b65e5cb8d0760,8a727d699f64f93598613a6e387eb4ffe7f0260a95158936a18b65e5cb8d0760,20938,20938,1028,1028
UNCHANGED,backend/routes/helpCenter.routes.js,f74ea98bb283bfe82eac1153fbe6fe3b4c8214e01a50ab67a9f383c337847f04,f74ea98bb283bfe82eac1153fbe6fe3b4c8214e01a50ab67a9f383c337847f04,18771,18771,1078,1078
UNCHANGED,backend/routes/index.test.js,6a69a994af040649cd5757ed72a47fb5f754f480b7c5056d5c27718a731f105f,6a69a994af040649cd5757ed72a47fb5f754f480b7c5056d5c27718a731f105f,83544,83544,2741,2741
UNCHANGED,backend/routes/kyc.js,83e7dd93baa639ef18df669eb85d6bdfb58cc4c7047cf332b7dd13024c94f4ba,83e7dd93baa639ef18df669eb85d6bdfb58cc4c7047cf332b7dd13024c94f4ba,20573,20573,957,957
UNCHANGED,backend/routes/legal.routes.js,ae8ead5bf8893fbfa6ab13eb8618a34fc541ea6cc09c8321c7667aead58428b9,ae8ead5bf8893fbfa6ab13eb8618a34fc541ea6cc09c8321c7667aead58428b9,45530,45530,1955,1955
UNCHANGED,backend/routes/loans.js,20abe619d8a25eef8f095407dd0dfc30cac8c0d0809b34d5da2123301eff392e,20abe619d8a25eef8f095407dd0dfc30cac8c0d0809b34d5da2123301eff392e,42320,42320,1983,1983
UNCHANGED,backend/routes/momo.js,3d22c47057ed01142a6b5973c8371bae8fd550b4f667641bbf119b8507e4cc09,3d22c47057ed01142a6b5973c8371bae8fd550b4f667641bbf119b8507e4cc09,35521,35521,1676,1676
UNCHANGED,backend/routes/momo.routes.js,a349c78450485b17b45760b39c2fe67bc3d3498f345a40009f4812d61a95070f,a349c78450485b17b45760b39c2fe67bc3d3498f345a40009f4812d61a95070f,30448,30448,1416,1416
UNCHANGED,backend/routes/momoRoutes.js,64b342855719f38beaa98373b3dbedccc7a2f117b9a0c111baf4f7b39031a342,64b342855719f38beaa98373b3dbedccc7a2f117b9a0c111baf4f7b39031a342,31773,31773,1530,1530
UNCHANGED,backend/routes/momoWebhook.js,0dd06396a764a9586c7613328c377975c16766740328525ef05a3f5b2a5f9ff0,0dd06396a764a9586c7613328c377975c16766740328525ef05a3f5b2a5f9ff0,41436,41436,1810,1810
UNCHANGED,backend/routes/mtnRoutes.js,9ac5baa8ae924e4b7355cfc693fa707be220fe4288e39b24677cfe78ee84e29b,9ac5baa8ae924e4b7355cfc693fa707be220fe4288e39b24677cfe78ee84e29b,33547,33547,1689,1689
UNCHANGED,backend/routes/mtnWebhookRoutes.js,9885ea63d324f212f951fb4d9d5ba53e71bab6f69bcf95983dbc85a6b34be515,9885ea63d324f212f951fb4d9d5ba53e71bab6f69bcf95983dbc85a6b34be515,22695,22695,1020,1020
UNCHANGED,backend/routes/payments.js,1dbab164c6a2a337fd76f9a934237202a2624a9348b93541d0a4ccd2f075c9c6,1dbab164c6a2a337fd76f9a934237202a2624a9348b93541d0a4ccd2f075c9c6,46719,46719,2240,2240
UNCHANGED,backend/routes/rbac.js,cb1ac675dcb8b42270b03de0aecf4df982b2c5795db4f668e7c6d4667bec7258,cb1ac675dcb8b42270b03de0aecf4df982b2c5795db4f668e7c6d4667bec7258,22706,22706,1069,1069
UNCHANGED,backend/routes/referralRewardRoutes.js,c7206388c6abd08f5f66ab8a97b3d6e7c4a7cb7f094adb297bc99dd478db4121,c7206388c6abd08f5f66ab8a97b3d6e7c4a7cb7f094adb297bc99dd478db4121,33200,33200,1503,1503
UNCHANGED,backend/routes/referralRoutes.js,cc909ed9ea182c250a5adce53ff38c2b5a2927d1bba46d03049a629d07e139d7,cc909ed9ea182c250a5adce53ff38c2b5a2927d1bba46d03049a629d07e139d7,36586,36586,1829,1829
UNCHANGED,backend/routes/referrals.js,df559a562ef20bef93ca1b5dad642b2a21839a57eaa964ac084f5e97410e9391,df559a562ef20bef93ca1b5dad642b2a21839a57eaa964ac084f5e97410e9391,27420,27420,1096,1096
UNCHANGED,backend/routes/risk.js,3da1395788d35ade8cdcc6c2fc59fc95f80e6402f4d6cde7a911181665e8624e,3da1395788d35ade8cdcc6c2fc59fc95f80e6402f4d6cde7a911181665e8624e,22090,22090,1161,1161
UNCHANGED,backend/routes/savings.routes.js,805c23df373f9a9b469c6df1f06295be96b1a4c14d9ad602ac19b424897a7a7a,805c23df373f9a9b469c6df1f06295be96b1a4c14d9ad602ac19b424897a7a7a,42613,42613,2036,2036
UNCHANGED,backend/routes/settings.js,0ac9afc462bd433f15b47f1efae08e39e7c43ba7aa6b8ce340f71202b3dca492,0ac9afc462bd433f15b47f1efae08e39e7c43ba7aa6b8ce340f71202b3dca492,29142,29142,1372,1372
UNCHANGED,backend/routes/systemSettingRoutes.js,881970ef6d422be8e6520ba13b8db272dedf301e00cc0dbe6976570fbf087434,881970ef6d422be8e6520ba13b8db272dedf301e00cc0dbe6976570fbf087434,28021,28021,1139,1139
UNCHANGED,backend/routes/testUssdTenant.routes.js,e3b965501434c0c568a8321ef405fee29e7b5220746d237bcfd9a66384022ccf,e3b965501434c0c568a8321ef405fee29e7b5220746d237bcfd9a66384022ccf,28008,28008,1311,1311
UNCHANGED,backend/routes/transaction.routes.js,cfe0089f28979be3eb36c1f558c2f363796dcf0cab8c6e114d6c96bec96c716e,cfe0089f28979be3eb36c1f558c2f363796dcf0cab8c6e114d6c96bec96c716e,25416,25416,1203,1203
UNCHANGED,backend/routes/transactionRoutes.js,9ad6b32cdd724c9d5331cd6df08666ae02c281f7e6a4d5e48c55ed2dff5b23bc,9ad6b32cdd724c9d5331cd6df08666ae02c281f7e6a4d5e48c55ed2dff5b23bc,26156,26156,1238,1238
UNCHANGED,backend/routes/ussd.js,1648f09e7c1d877973f7518632e7bcb2a4262eecce26aeed18421738902a4846,1648f09e7c1d877973f7518632e7bcb2a4262eecce26aeed18421738902a4846,42014,42014,2047,2047
UNCHANGED,backend/routes/ussd.routes.js,af8f9479cfc7288cb495d664109d04fa135490647bb2f79043ec4a857e8dfcb9,af8f9479cfc7288cb495d664109d04fa135490647bb2f79043ec4a857e8dfcb9,26098,26098,1317,1317
UNCHANGED,backend/routes/v1-production-routes.js,40542be0ea517d562e18b3ed01fade0f5c3864b15b0fda82d0fdfb5d417c3fbf,40542be0ea517d562e18b3ed01fade0f5c3864b15b0fda82d0fdfb5d417c3fbf,40064,40064,2198,2198
UNCHANGED,backend/routes/walletRoutes.js,49824fb2cf1732821b4f613ee0f07508c6beaa31460f6d522536f290f46df11b,49824fb2cf1732821b4f613ee0f07508c6beaa31460f6d522536f290f46df11b,16061,16061,764,764
UNCHANGED,backend/routes/webhook.js,67d07e87b5a4be2d06a49867b3bf8931ba4a05e72c879eaa8d9c8507ea5e2fcb,67d07e87b5a4be2d06a49867b3bf8931ba4a05e72c879eaa8d9c8507ea5e2fcb,27183,27183,1245,1245
UNCHANGED,backend/runtime/ServerRuntime.js,48365c7e9359e61a0e7d3a1653d64eabb78b164f99e2fa495b15bf6eacee05be,48365c7e9359e61a0e7d3a1653d64eabb78b164f99e2fa495b15bf6eacee05be,53998,53998,2566,2566
UNCHANGED,backend/runtime/clusterManager.js,0de73b506f817fd23f6483b243dff80a349fea8809789493b9ef5d2c78425ce5,0de73b506f817fd23f6483b243dff80a349fea8809789493b9ef5d2c78425ce5,64081,64081,2888,2888
UNCHANGED,backend/runtime/context.js,9d3b9e4e4579543b5955e1beace7395bbe2706377193e169bb08dc63ccfee651,9d3b9e4e4579543b5955e1beace7395bbe2706377193e169bb08dc63ccfee651,32895,32895,1567,1567
UNCHANGED,backend/runtime/events.js,418f5210d727db12b5855cc5ed5659e321451ac5f6ffb264dc178f997d7dcf4b,418f5210d727db12b5855cc5ed5659e321451ac5f6ffb264dc178f997d7dcf4b,40214,40214,1800,1800
UNCHANGED,backend/runtime/fingerprint.js,c5c18e03f55317be8e4e4d62ca11eccb13c69337cad9aef52f57bd30754082bc,c5c18e03f55317be8e4e4d62ca11eccb13c69337cad9aef52f57bd30754082bc,33133,33133,1461,1461
UNCHANGED,backend/runtime/httpServer.js,7d94a0e1e10ca97b720142b12f32e2e083a57ec7bff3a43ed4f3891e9e4ef0d3,7d94a0e1e10ca97b720142b12f32e2e083a57ec7bff3a43ed4f3891e9e4ef0d3,80186,80186,3629,3629
UNCHANGED,backend/runtime/metrics.js,326df9db4505cd6200d6d729f206e0b52be427c913a87d5361955950a6aa4c2d,326df9db4505cd6200d6d729f206e0b52be427c913a87d5361955950a6aa4c2d,67147,67147,3575,3575
UNCHANGED,backend/runtime/requestDrain.js,341a1b91744f391518626e8a3f00d97e6d010db75e886fa580b92717df0a3d8e,341a1b91744f391518626e8a3f00d97e6d010db75e886fa580b92717df0a3d8e,67719,67719,3204,3204
UNCHANGED,backend/runtime/signalManager.js,9ab72c80a72854c9fb74c399d3960975d816c2eaa8e1ae23c0aebdf5bddad755,9ab72c80a72854c9fb74c399d3960975d816c2eaa8e1ae23c0aebdf5bddad755,42701,42701,2091,2091
UNCHANGED,backend/runtime/startupBanner.js,bb670e0dd5df9e7ca4f4a6615beecb79c4f6078fa56aaa625115ed753dd03366,bb670e0dd5df9e7ca4f4a6615beecb79c4f6078fa56aaa625115ed753dd03366,17080,17080,857,857
UNCHANGED,backend/runtime/state.js,b38f5683f9f2c339d5d5dc550ea9006778fc2de7342b0dc16612b0385c5aa7e2,b38f5683f9f2c339d5d5dc550ea9006778fc2de7342b0dc16612b0385c5aa7e2,65894,65894,3303,3303
UNCHANGED,backend/scripts/backfillLoanMetrics.js,888ad30f08ef0aa84b44a9295dc227fece52b5e19e50fe706f726038ec014c3c,888ad30f08ef0aa84b44a9295dc227fece52b5e19e50fe706f726038ec014c3c,8618,8618,451,451
UNCHANGED,backend/scripts/backfillMemberScores.js,12d7c4aa813be1f9cc5d56a43a632aa85e525c51ecabaf3fc98d3363ff643c7c,12d7c4aa813be1f9cc5d56a43a632aa85e525c51ecabaf3fc98d3363ff643c7c,3017,3017,156,156
UNCHANGED,backend/scripts/checkIndexes.js,998bbd945cf07d2010bbbc6d2294f445252116a90368b210b5bd61f326727fa8,998bbd945cf07d2010bbbc6d2294f445252116a90368b210b5bd61f326727fa8,1803,1803,60,60
UNCHANGED,backend/scripts/cleanup-duplicate-indexes.js,23c1b2134f1da06173e0c3bb2f982c8bfda529a525e3ef8dae58d016e9346319,23c1b2134f1da06173e0c3bb2f982c8bfda529a525e3ef8dae58d016e9346319,1453,1453,50,50
UNCHANGED,backend/scripts/cleanupIndexes.js,33f53f6c1e5f24c19954c39d2eb1b90773b4d4106dcc80a8a1d7c83c3aff71a9,33f53f6c1e5f24c19954c39d2eb1b90773b4d4106dcc80a8a1d7c83c3aff71a9,2606,2606,80,80
UNCHANGED,backend/scripts/commercial/runSaasBillingMigration.js,1c5b1d8323b0f354c0b04c71ba10f5bad62862f7326704be0f581a5e60c41bfd,1c5b1d8323b0f354c0b04c71ba10f5bad62862f7326704be0f581a5e60c41bfd,32012,32012,1567,1567
UNCHANGED,backend/scripts/commercial/verifySaasBillingMigration.js,e3b0c44298fc1c149afbf4c8996fb92427ae41e4649b934ca495991b7852b855,e3b0c44298fc1c149afbf4c8996fb92427ae41e4649b934ca495991b7852b855,0,0,0,0
UNCHANGED,backend/scripts/createIndexes.js,fd839d8d4c3a29acf372e95af4595f2de52f40cdd165f53dbc260c251d8731b1,fd839d8d4c3a29acf372e95af4595f2de52f40cdd165f53dbc260c251d8731b1,10155,10155,573,573
UNCHANGED,backend/scripts/createLoanIndexes.js,ae07f73306152f33c424293ce2d041a3ef950c31ce96bb84331c66f59b049500,ae07f73306152f33c424293ce2d041a3ef950c31ce96bb84331c66f59b049500,10543,10543,504,504
UNCHANGED,backend/scripts/drop-duplicate-indexes.js,fbe0a51454080fd713a323ba2388aa3bd51703751d2b5b9bb7d3f39d7bea6ec8,fbe0a51454080fd713a323ba2388aa3bd51703751d2b5b9bb7d3f39d7bea6ec8,1163,1163,31,31
UNCHANGED,backend/scripts/listIndexes.js,1d44c90562074dec497daac805e3b2e2b28d5f5cdad2a2b7a44447f38ac6a89f,1d44c90562074dec497daac805e3b2e2b28d5f5cdad2a2b7a44447f38ac6a89f,2370,2370,77,77
UNCHANGED,backend/scripts/migrate.js,15a64631404abab1de1b6ec4100d42c032e58444d9b478bbd1e1f0c23ace48bb,15a64631404abab1de1b6ec4100d42c032e58444d9b478bbd1e1f0c23ace48bb,7264,7264,243,243
UNCHANGED,backend/scripts/migrateLoanStatuses.js,234c0d2b1b271ede9ab878ace251f7fe087b226a14423b44579f3d9a7293397b,234c0d2b1b271ede9ab878ace251f7fe087b226a14423b44579f3d9a7293397b,7958,7958,427,427
UNCHANGED,backend/scripts/migrateRunner.js,28f3b43d84bd7184e11e2b3f6c8a9c2d94af6fed7eb384fed629e2a0d974b161,28f3b43d84bd7184e11e2b3f6c8a9c2d94af6fed7eb384fed629e2a0d974b161,893,893,31,31
UNCHANGED,backend/scripts/migrateTenantIds.js,2f852900c59b47031d286ec0f5e47fd3b01faa541a976010eed96a63c5dca5ef,2f852900c59b47031d286ec0f5e47fd3b01faa541a976010eed96a63c5dca5ef,8403,8403,427,427
UNCHANGED,backend/scripts/runAllTests.sh,9ccd71fda381549934fe93967673b2877cf2b6609f1439dc61d79de5124b07f6,9ccd71fda381549934fe93967673b2877cf2b6609f1439dc61d79de5124b07f6,694,694,30,30
UNCHANGED,backend/scripts/seed-admin.js,6a14a4f077aef2620710957cb1e87fed5ebc647107e1e90e5f97124096a60d43,6a14a4f077aef2620710957cb1e87fed5ebc647107e1e90e5f97124096a60d43,2706,2706,95,95
UNCHANGED,backend/scripts/seed-group.js,2885a3fbf0b9e41da65efc699484a85e7077bbc7410eac5b8957d35235e1d64a,2885a3fbf0b9e41da65efc699484a85e7077bbc7410eac5b8957d35235e1d64a,4235,4235,140,140
UNCHANGED,backend/scripts/seed-local.js,5ed5d3fc465289568dc5039a03cebf915f041dd0645739fc4954febc7d90fb83,5ed5d3fc465289568dc5039a03cebf915f041dd0645739fc4954febc7d90fb83,5479,5479,206,206
UNCHANGED,backend/scripts/seed.js,20943b2a211582960145e0ee3f7031cf5d368ba34d3b1eed3ec97da29608959d,20943b2a211582960145e0ee3f7031cf5d368ba34d3b1eed3ec97da29608959d,1578,1578,59,59
UNCHANGED,backend/scripts/seedAdmin.js,33c866865864f7bdbeb101ad561ca78747b2feb5c196086ddbe34ebe376955ad,33c866865864f7bdbeb101ad561ca78747b2feb5c196086ddbe34ebe376955ad,4133,4133,145,145
UNCHANGED,backend/scripts/seedSystemSettings.js,00d4cdcc27d0b65b06592b0fc6c11676f9493b0c139b5996f95c4bcd51a6ba7f,00d4cdcc27d0b65b06592b0fc6c11676f9493b0c139b5996f95c4bcd51a6ba7f,7199,7199,432,432
UNCHANGED,backend/scripts/verify-deployment.js,93dee5b1c96895caae020e622db8f048c7a5d7aafb4c79889c8b713145f8f6cc,93dee5b1c96895caae020e622db8f048c7a5d7aafb4c79889c8b713145f8f6cc,17996,17996,628,628
UNCHANGED,backend/server.js,20bbf259a81263edeac842bd343a339972c0084597608b61a71e6401d616162e,20bbf259a81263edeac842bd343a339972c0084597608b61a71e6401d616162e,32290,32290,1639,1639
UNCHANGED,backend/services/admin/adminAnalytics.service.js,7d7aa2a6c3129bb04c671139e62b454096d487a23c37d0b240a3689b8c90aa25,7d7aa2a6c3129bb04c671139e62b454096d487a23c37d0b240a3689b8c90aa25,138888,138888,5050,5050
UNCHANGED,backend/services/admin/adminAudit.service.js,dd921a1ef9e1928198e6b4e3f45c6f77278c3c1262474f060de9138b799c3655,dd921a1ef9e1928198e6b4e3f45c6f77278c3c1262474f060de9138b799c3655,51549,51549,2809,2809
UNCHANGED,backend/services/admin/adminDashboard.service.js,7314f94d4a5f471afe3fbc3fff4f5667db27fd87d82dd742d5a5f9435d0de8e0,7314f94d4a5f471afe3fbc3fff4f5667db27fd87d82dd742d5a5f9435d0de8e0,87822,87822,3986,3986
UNCHANGED,backend/services/admin/adminManagement.service.js,d07852fe3a516ef30fc8bd6b182e7cbd3545d603fe7c5d80678bd36d093f9432,d07852fe3a516ef30fc8bd6b182e7cbd3545d603fe7c5d80678bd36d093f9432,97910,97910,4548,4548
UNCHANGED,backend/services/admin/adminReports.service.js,c056f6b5ceb9382a00bb8ff9bca19e2fe398842d979d235696ea16d4804d5fcf,c056f6b5ceb9382a00bb8ff9bca19e2fe398842d979d235696ea16d4804d5fcf,101197,101197,5624,5624
UNCHANGED,backend/services/admin/adminRisk.service.js,bd50a64f2367f37aa70f9ef7bedaf1b1dcd4aba7e9b74cbc035430d3d46e0845,bd50a64f2367f37aa70f9ef7bedaf1b1dcd4aba7e9b74cbc035430d3d46e0845,100737,100737,4917,4917
UNCHANGED,backend/services/admin/adminSystem.service.js,06b5284d3afe13a8dbfee7de23cc0a3558f48c11e0e4f3cfc77d99351835789b,06b5284d3afe13a8dbfee7de23cc0a3558f48c11e0e4f3cfc77d99351835789b,61511,61511,3317,3317
UNCHANGED,backend/services/aiRiskEngine.js,36cbcb4140d7287c62e4cfa95c49cbf17d352a29833344b066284c41ec5ef00f,36cbcb4140d7287c62e4cfa95c49cbf17d352a29833344b066284c41ec5ef00f,836,836,34,34
UNCHANGED,backend/services/airtel/auth.js,54745057e65f151091d7cc5142dfa80ce6804e432ec59224b532a9b26278d4db,54745057e65f151091d7cc5142dfa80ce6804e432ec59224b532a9b26278d4db,12239,12239,668,668
UNCHANGED,backend/services/airtel/collections.js,e2cf76545ea4cbdae6c0f04b60415473f7c99b7698ef178fb1f9fd0b91208793,e2cf76545ea4cbdae6c0f04b60415473f7c99b7698ef178fb1f9fd0b91208793,12159,12159,656,656
UNCHANGED,backend/services/airtel/disbursements.js,e030177c82b2cd8a29d1aa54818ccf4cc374e616d41f76e824c28541e80fe513,e030177c82b2cd8a29d1aa54818ccf4cc374e616d41f76e824c28541e80fe513,13350,13350,726,726
UNCHANGED,backend/services/airtel/reconciliation.js,4ce7c22ba82c0f135815fb1332e68c7b8337d17ed171c0dc68ea50b0b3ebb28a,4ce7c22ba82c0f135815fb1332e68c7b8337d17ed171c0dc68ea50b0b3ebb28a,14849,14849,748,748
UNCHANGED,backend/services/airtel/webhooks.js,a1afa58f54391304c2332b78b3f0ba1e8dea9b3903fb021671d28062db2ae965,a1afa58f54391304c2332b78b3f0ba1e8dea9b3903fb021671d28062db2ae965,12730,12730,684,684
UNCHANGED,backend/services/airtelService.js,2b1ce03de8705551331d44b78b03c502ab7b869bdc8ede8079b66b2f623afee0,2b1ce03de8705551331d44b78b03c502ab7b869bdc8ede8079b66b2f623afee0,9471,9471,433,433
UNCHANGED,backend/services/alert.service.js,6200f48ffbe27edddba1641e2cfb6f967cfe372e3a2e031c8b650b2f3ab121c9,6200f48ffbe27edddba1641e2cfb6f967cfe372e3a2e031c8b650b2f3ab121c9,1674,1674,62,62
UNCHANGED,backend/services/amlService.js,7c281394b63019384022db31f0b7fc607c085845b44ee4ffac6cc5e8cbc5c526,7c281394b63019384022db31f0b7fc607c085845b44ee4ffac6cc5e8cbc5c526,10966,10966,561,561
UNCHANGED,backend/services/analyticsService.js,ee9f0bd47f07ef7c852ab03f39e88885b47776aaed5957605821c046857c42c3,ee9f0bd47f07ef7c852ab03f39e88885b47776aaed5957605821c046857c42c3,10766,10766,417,417
UNCHANGED,backend/services/announcementAuditService.js,fc3eda4483ddd62016fc0af42c5eaa0aeeb00c96caccd9ad885dc076fc0db115,fc3eda4483ddd62016fc0af42c5eaa0aeeb00c96caccd9ad885dc076fc0db115,13744,13744,612,612
UNCHANGED,backend/services/announcementService.js,556b4b5aaa4ed3c2ca9c23ac975984805b277bbb429ebaec5c39b249c04f9e15,556b4b5aaa4ed3c2ca9c23ac975984805b277bbb429ebaec5c39b249c04f9e15,48099,48099,2812,2812
UNCHANGED,backend/services/auditLogService.js,eb2f49a9397f2c61efafb88a5e639b90b259fd7bd423b7fdd6971152415f3a15,eb2f49a9397f2c61efafb88a5e639b90b259fd7bd423b7fdd6971152415f3a15,2306,2306,98,98
UNCHANGED,backend/services/auditService.js,b299003c43d9fd985779a1e63d22f3b6567d5ab10919d0f923083cf122ff2e2b,b299003c43d9fd985779a1e63d22f3b6567d5ab10919d0f923083cf122ff2e2b,6230,6230,266,266
UNCHANGED,backend/services/authService.js,8454a46cccf7ef4e6ef5207cee16bc96ee5e9fa1086febf9ddb949aae27a2e88,8454a46cccf7ef4e6ef5207cee16bc96ee5e9fa1086febf9ddb949aae27a2e88,12550,12550,690,690
UNCHANGED,backend/services/billingEngine.js,bee10b7f382469c9658a688f3bb1e02c16fe9d6ef78cf824854960b4a0eedb5e,bee10b7f382469c9658a688f3bb1e02c16fe9d6ef78cf824854960b4a0eedb5e,7265,7265,357,357
UNCHANGED,backend/services/bizchatAlert.js,5043ba5c5c38e853fcee50557f93a818c78b2f6c4c68107a6fd390aa690181ae,5043ba5c5c38e853fcee50557f93a818c78b2f6c4c68107a6fd390aa690181ae,1533,1533,58,58
UNCHANGED,backend/services/bizchatService.js,70fb51791f279584eb663698bcf4d20e5af20d7f2026d78a6ef059074a39930d,70fb51791f279584eb663698bcf4d20e5af20d7f2026d78a6ef059074a39930d,2709,2709,59,59
UNCHANGED,backend/services/chat/conversationService.js,c4c7eb1f7fb580e23ea247a8b1831f94835c39767332aa169b37dda1a48d86d4,c4c7eb1f7fb580e23ea247a8b1831f94835c39767332aa169b37dda1a48d86d4,11888,11888,572,572
UNCHANGED,backend/services/chat/exportService.js,dbbfd033cb39948c2e1a910f981d9767ad065cd687f9cbbaa6065377e518a255,dbbfd033cb39948c2e1a910f981d9767ad065cd687f9cbbaa6065377e518a255,5441,5441,240,240
UNCHANGED,backend/services/chat/messageService.js,9092f3e3da09ea233a1edeab5c19856da61a0fdd490147450ef53a0a5d72dd2d,9092f3e3da09ea233a1edeab5c19856da61a0fdd490147450ef53a0a5d72dd2d,9885,9885,498,498
UNCHANGED,backend/services/chat/moderationService.js,a71971c912b984b17024e1db8c4091e6b817aaab8dd7899470ea235c8a13e4e4,a71971c912b984b17024e1db8c4091e6b817aaab8dd7899470ea235c8a13e4e4,4612,4612,210,210
UNCHANGED,backend/services/chat/participantService.js,3573d021c93c5ee2963e81dcd6b6065241b9705c9821fe8dee44d2daa3a4cd5a,3573d021c93c5ee2963e81dcd6b6065241b9705c9821fe8dee44d2daa3a4cd5a,10638,10638,560,560
UNCHANGED,backend/services/chat/searchService.js,a4ed50dfc4c62fa7e50a22ba3c1544d0f11abae2b7a8cc9e263740716abafe71,a4ed50dfc4c62fa7e50a22ba3c1544d0f11abae2b7a8cc9e263740716abafe71,9521,9521,529,529
UNCHANGED,backend/services/chat/threadLinkService.js,7178c557a384a51f3a58ba6c8b9bbfee18bc8da115b1f65cec351d300d19be01,7178c557a384a51f3a58ba6c8b9bbfee18bc8da115b1f65cec351d300d19be01,5895,5895,243,243
UNCHANGED,backend/services/chat/unreadService.js,719339279c743fc3852c189ce2705cb414ead53ef8885d8c3253e21112017c77,719339279c743fc3852c189ce2705cb414ead53ef8885d8c3253e21112017c77,9308,9308,473,473
UNCHANGED,backend/services/chatService.js,45020f1baaf6815b24cd15613d8bce01116fca5f242fdc555433754969790b5c,45020f1baaf6815b24cd15613d8bce01116fca5f242fdc555433754969790b5c,15000,15000,536,536
UNCHANGED,backend/services/commercial/stage01dContract.js,2db4a8e814226d372abd41515393f300bd4b1ec282a6ece95328ff4e914cd722,2db4a8e814226d372abd41515393f300bd4b1ec282a6ece95328ff4e914cd722,7491,7491,382,382
UNCHANGED,backend/services/commercial/stage01dNormalizer.js,451c28bf108cf2c0d4d694be8a2b8a99bbeb39e9e812f77f0c7fe32667fdb7e8,451c28bf108cf2c0d4d694be8a2b8a99bbeb39e9e812f77f0c7fe32667fdb7e8,4137,4137,254,254
UNCHANGED,backend/services/commercial/stage01dParityService.js,9663eb87aafbaf1da6771dd26860282c4bed5149313a44596a5af13c363c84a8,9663eb87aafbaf1da6771dd26860282c4bed5149313a44596a5af13c363c84a8,9701,9701,574,574
UNCHANGED,backend/services/commercial/stage01dReconciliationService.js,d827d7a49586667bf14cee37f0ab52a2769f465c1fe7b1a171657cc5f53da935,d827d7a49586667bf14cee37f0ab52a2769f465c1fe7b1a171657cc5f53da935,67830,67830,3840,3840
UNCHANGED,backend/services/commercial/stage01dServiceLoader.js,2000c93c5482ce8813bfd8c37b4508e4405be966209ba984f0fa8f4bd59b3ace,2000c93c5482ce8813bfd8c37b4508e4405be966209ba984f0fa8f4bd59b3ace,7656,7656,369,369
UNCHANGED,backend/services/commercial/stage01dShadowReadService.js,e3b0c44298fc1c149afbf4c8996fb92427ae41e4649b934ca495991b7852b855,e3b0c44298fc1c149afbf4c8996fb92427ae41e4649b934ca495991b7852b855,0,0,0,0
UNCHANGED,backend/services/commercial/stage01dTelemetryService.js,99117c69cf5e06cfac7044d6287ecb6b376907bd7ecc4c63819ba73b52fd31d5,99117c69cf5e06cfac7044d6287ecb6b376907bd7ecc4c63819ba73b52fd31d5,53260,53260,2822,2822
UNCHANGED,backend/services/complianceService.js,1afbe02115679172ad38db6c02e84f83a8b6e1cc00e7f26c6a95c949364d8de1,1afbe02115679172ad38db6c02e84f83a8b6e1cc00e7f26c6a95c949364d8de1,10840,10840,530,530
UNCHANGED,backend/services/crbService.js,9b6e15232dcb7b4bf90aa2efb33d9cb70ab84b47e5ab90c1a7ffc6485d90a9cc,9b6e15232dcb7b4bf90aa2efb33d9cb70ab84b47e5ab90c1a7ffc6485d90a9cc,7738,7738,255,255
UNCHANGED,backend/services/creditScoringService.js,6aa0caa1f42d4002bc2fa8aca945a2293c7067598702371d6566ef999ae1966c,6aa0caa1f42d4002bc2fa8aca945a2293c7067598702371d6566ef999ae1966c,1173,1173,42,42
UNCHANGED,backend/services/dashboardService.js,5ac59cffea34a5a3f0cf7c00bc12b0c3c68b9547b730173f910e5303b27e6922,5ac59cffea34a5a3f0cf7c00bc12b0c3c68b9547b730173f910e5303b27e6922,14571,14571,547,547
UNCHANGED,backend/services/documentStorageService.js,0e09be981d591ded6e48aec9f086de546bd574e179006a83d5cedad6dc27e093,0e09be981d591ded6e48aec9f086de546bd574e179006a83d5cedad6dc27e093,9413,9413,488,488
UNCHANGED,backend/services/emailProviders/consoleProvider.js,ad3b935974a04c8861e148dc61b30dd2d65cb7c0368c0c50058fde94450e47d9,ad3b935974a04c8861e148dc61b30dd2d65cb7c0368c0c50058fde94450e47d9,8891,8891,449,449
UNCHANGED,backend/services/emailProviders/mailgunProvider.js,c2908edf9566c2bdc5850d05072341ed20a21e303f2d1e671ad3b183a4939f38,c2908edf9566c2bdc5850d05072341ed20a21e303f2d1e671ad3b183a4939f38,9726,9726,517,517
UNCHANGED,backend/services/emailProviders/sendgridProvider.js,3d86163d6f1e985548b48f5de9647943c21f40c857ca7957be87b079493a0425,3d86163d6f1e985548b48f5de9647943c21f40c857ca7957be87b079493a0425,9267,9267,469,469
UNCHANGED,backend/services/emailProviders/sesProvider.js,2275a04fe2dfd90bdabbc035c06e78a5d8cf70fb5fd52e9402ed120f8bb45b73,2275a04fe2dfd90bdabbc035c06e78a5d8cf70fb5fd52e9402ed120f8bb45b73,10077,10077,533,533
UNCHANGED,backend/services/emailProviders/smtpProvider.js,3c7c7cec017974917dd04b10d25767852c9cdbf561dfd104466a9908e4ebc5d7,3c7c7cec017974917dd04b10d25767852c9cdbf561dfd104466a9908e4ebc5d7,10925,10925,564,564
UNCHANGED,backend/services/emailService.js,6454fcc696568e6096cb542a20c33f43cfd6c76709dae4b37e5983262dfa0727,6454fcc696568e6096cb542a20c33f43cfd6c76709dae4b37e5983262dfa0727,17052,17052,762,762
UNCHANGED,backend/services/emailVerificationService.js,2fa1d6b17b85008d1cacc7db21368401acadc0789add51106e540d5bbf4645a7,2fa1d6b17b85008d1cacc7db21368401acadc0789add51106e540d5bbf4645a7,32871,32871,1426,1426
UNCHANGED,backend/services/eventStreamService.js,34fd22fb69fb2ddf82b5020c4005888351d2a548284a71a5411efc19cb591b81,34fd22fb69fb2ddf82b5020c4005888351d2a548284a71a5411efc19cb591b81,1491,1491,62,62
UNCHANGED,backend/services/faqService.js,1c112913c8f861c7f205b97ed346b643e026310dec273b951c17ca27c6384fc0,1c112913c8f861c7f205b97ed346b643e026310dec273b951c17ca27c6384fc0,9756,9756,345,345
UNCHANGED,backend/services/financial/financialTransaction.service.js,930bcd8d7140714ebe84016c69450ec3f372c15ca93dc6dc29f7415eb898b954,930bcd8d7140714ebe84016c69450ec3f372c15ca93dc6dc29f7415eb898b954,29099,29099,1270,1270
UNCHANGED,backend/services/financial/money.js,455d703952fc7cf49c6227a3af4c97876f90392edc1c1a37598ffea8ec345d2e,455d703952fc7cf49c6227a3af4c97876f90392edc1c1a37598ffea8ec345d2e,4310,4310,160,160
UNCHANGED,backend/services/forumService.js,bdbf23e7ab7ab22cc7b4da19375f5dd0963ad5b63c5e1a243cdc823290fe3c4d,bdbf23e7ab7ab22cc7b4da19375f5dd0963ad5b63c5e1a243cdc823290fe3c4d,32886,32886,1579,1579
UNCHANGED,backend/services/fraud.service.js,ed4f1776c5c041d9ef4c25b5b2c8eb6a3bbca420a88dd3e7be9e3c0aecc23156,ed4f1776c5c041d9ef4c25b5b2c8eb6a3bbca420a88dd3e7be9e3c0aecc23156,31694,31694,1487,1487
UNCHANGED,backend/services/fraudAlertService.js,1f74441df7fa06eb268de679cf65c438487385f261430d4f8c831c8fe06a2d79,1f74441df7fa06eb268de679cf65c438487385f261430d4f8c831c8fe06a2d79,622,622,24,24
UNCHANGED,backend/services/fraudDetectionService.js,c9f3a525fab3ac72cac6922087eaa816bd2eab016dc921ef93cafc877829d340,c9f3a525fab3ac72cac6922087eaa816bd2eab016dc921ef93cafc877829d340,8512,8512,399,399
UNCHANGED,backend/services/fraudEngine.js,9e0dfcc33cee611686b864de48d72c7257e1d4387bedf9c4d587f9b1f61ced23,9e0dfcc33cee611686b864de48d72c7257e1d4387bedf9c4d587f9b1f61ced23,2116,2116,95,95
UNCHANGED,backend/services/helpCenterService.js,b42ecd5b086c3dcd6b7ef4df2d51d5b8c6a96809ae75047e4e988a1e453b8ae0,b42ecd5b086c3dcd6b7ef4df2d51d5b8c6a96809ae75047e4e988a1e453b8ae0,9739,9739,355,355
UNCHANGED,backend/services/idempotency/idempotency.service.js,6a33491e09988a23f01a5039e536f27049ab87e0bb03affa57d4e510186128bc,6a33491e09988a23f01a5039e536f27049ab87e0bb03affa57d4e510186128bc,22483,22483,1230,1230
UNCHANGED,backend/services/idempotency/idempotency.store.js,7837b620130a824a6eda3b1574479a9d12b46d5f1edbf5492c96382bfdc69aaf,7837b620130a824a6eda3b1574479a9d12b46d5f1edbf5492c96382bfdc69aaf,28576,28576,1562,1562
UNCHANGED,backend/services/investorReportService.js,14ba2f1dc7e586ac06a84a4e9e8d2c73e2640b377e055bddd15834f819de3fe3,14ba2f1dc7e586ac06a84a4e9e8d2c73e2640b377e055bddd15834f819de3fe3,2639,2639,84,84
UNCHANGED,backend/services/kycService.js,9cf8872b06738901869ecf7509c40d209b10420f1f2a70a517dfdfbfdbd74ad7,9cf8872b06738901869ecf7509c40d209b10420f1f2a70a517dfdfbfdbd74ad7,9493,9493,452,452
UNCHANGED,backend/services/ledger.service.js,328952e8c46e66b62fbd4d4389323da18c2d8d4863a6b2da60e79fac55e1e57d,328952e8c46e66b62fbd4d4389323da18c2d8d4863a6b2da60e79fac55e1e57d,7588,7588,190,190
UNCHANGED,backend/services/ledgerService.js,8ec0ee3cad6fa9d2115624713cefbdccd02e11d9915819799d5b852103931920,8ec0ee3cad6fa9d2115624713cefbdccd02e11d9915819799d5b852103931920,6098,6098,300,300
UNCHANGED,backend/services/loanCollectionService.js,7f28e8441f85f049fc6a7873638f080313dc5bd69a2af8d65615b1780289ebab,7f28e8441f85f049fc6a7873638f080313dc5bd69a2af8d65615b1780289ebab,9314,9314,498,498
UNCHANGED,backend/services/loanScoringService.js,9236574d103185d55e32b21821a62528c301e943af4a505e17405019554a8712,9236574d103185d55e32b21821a62528c301e943af4a505e17405019554a8712,17164,17164,576,576
UNCHANGED,backend/services/loanWorkflowService.js,c7f96937fbff00253591f4d71f4568d782cce3c2c3607881a601b85e90d843a8,c7f96937fbff00253591f4d71f4568d782cce3c2c3607881a601b85e90d843a8,63273,63273,3223,3223
UNCHANGED,backend/services/metricsService.js,e3336ac8054380cbeabb0be4f5032dd794f1e4225619e171e6ef5773baa4b569,e3336ac8054380cbeabb0be4f5032dd794f1e4225619e171e6ef5773baa4b569,12988,12988,685,685
UNCHANGED,backend/services/mobileMoneyService.js,7e467202dbe1436a3b25104e1447031ddbf30703f0d3ec77d18d3457cf9ac5c6,7e467202dbe1436a3b25104e1447031ddbf30703f0d3ec77d18d3457cf9ac5c6,14804,14804,538,538
UNCHANGED,backend/services/momo.service.js,d6acc0d94a3d4689d0373d0e3b6700187aee202b342391bab359825e2d5ea3ba,d6acc0d94a3d4689d0373d0e3b6700187aee202b342391bab359825e2d5ea3ba,22178,22178,1212,1212
UNCHANGED,backend/services/momoAlertService.js,72aa22a2137f2ed3685bdf508818fe0475c8702d7566607240cf5c5cbc53ba59,72aa22a2137f2ed3685bdf508818fe0475c8702d7566607240cf5c5cbc53ba59,697,697,32,32
UNCHANGED,backend/services/momoService.js,f8075f1c93ac0465964209eac5fc16a2252671386e6e19efc22dd310f644cf36,f8075f1c93ac0465964209eac5fc16a2252671386e6e19efc22dd310f644cf36,6998,6998,298,298
UNCHANGED,backend/services/momoStatusService.js,f9f736ca3813257d7c298e858f1f35001c2f35208dfc9ac1b4682d67343aae83,f9f736ca3813257d7c298e858f1f35001c2f35208dfc9ac1b4682d67343aae83,595,595,23,23
UNCHANGED,backend/services/momoTokenService.js,783b6c7648a51ef1422abb16cfc5242f6380cee9125378610faa0c38e090cc7c,783b6c7648a51ef1422abb16cfc5242f6380cee9125378610faa0c38e090cc7c,749,749,32,32
UNCHANGED,backend/services/monitoringService.js,8707faffe3051af032a931f6fa3b78ea2230d15b2f699a24eb0b4ab0f37a438d,8707faffe3051af032a931f6fa3b78ea2230d15b2f699a24eb0b4ab0f37a438d,11559,11559,500,500
UNCHANGED,backend/services/mtn/auth.js,df42c6c7eb8201536b086be8517d99ce253b34dd5065f068b7fae85c499de834,df42c6c7eb8201536b086be8517d99ce253b34dd5065f068b7fae85c499de834,11595,11595,613,613
UNCHANGED,backend/services/mtn/collections.js,b8bbaa03112a134c96bb726a93eca445f72a7b8b9ded738dc6e861cc4238b9b8,b8bbaa03112a134c96bb726a93eca445f72a7b8b9ded738dc6e861cc4238b9b8,13061,13061,692,692
UNCHANGED,backend/services/mtn/disbursements.js,d6a905e6bd18fc4fa8104563a9c4214bc84cecb62875f6b772c75d2f5a809366,d6a905e6bd18fc4fa8104563a9c4214bc84cecb62875f6b772c75d2f5a809366,14565,14565,780,780
UNCHANGED,backend/services/mtn/reconciliation.js,f047b1700e0c6516362f21bf75963bd8e8611d670b4cbd59cfbbd6a63a8995c7,f047b1700e0c6516362f21bf75963bd8e8611d670b4cbd59cfbbd6a63a8995c7,15458,15458,890,890
UNCHANGED,backend/services/mtn/webhooks.js,f88113dba8c379c1c15358e3a5036bc088d6bc6a96abf3e5e11dfdaaed6e0442,f88113dba8c379c1c15358e3a5036bc088d6bc6a96abf3e5e11dfdaaed6e0442,14119,14119,810,810
UNCHANGED,backend/services/notificationService.js,da5e5ae6aaff0d32292fba0c95779afd48f27b99055c29c63c0d469031349575,da5e5ae6aaff0d32292fba0c95779afd48f27b99055c29c63c0d469031349575,10258,10258,557,557
UNCHANGED,backend/services/passwordResetService.js,985ce50c9fd8cae1055eb6e9e2af2d50bf36051db44fe2d19439166a6e2f6610,985ce50c9fd8cae1055eb6e9e2af2d50bf36051db44fe2d19439166a6e2f6610,27556,27556,1153,1153
UNCHANGED,backend/services/payment/PaymentService.js,8e83b2b00b72ab73d8e6dd0e018cd71430d7e80c6092f006b245c55071673575,8e83b2b00b72ab73d8e6dd0e018cd71430d7e80c6092f006b245c55071673575,12575,12575,398,398
UNCHANGED,backend/services/payment/providers/airtelProvider.js,010e6b14c759c5f3dcfd9e66ab1ec013a879d4d46f5c6f4c745aa8d17c78d68f,010e6b14c759c5f3dcfd9e66ab1ec013a879d4d46f5c6f4c745aa8d17c78d68f,12848,12848,463,463
UNCHANGED,backend/services/payment/providers/baseProvider.js,d0012595fb1193c7031e5ace3ef44dfdb82ac8296531b6a926cc33925e4e6855,d0012595fb1193c7031e5ace3ef44dfdb82ac8296531b6a926cc33925e4e6855,3385,3385,119,119
UNCHANGED,backend/services/payment/providers/mobileMoneyProvider.js,0dbeca153e4258e2b3e770227bd8aeed0252b03e0414f5aa7b5f05b5ec47066c,0dbeca153e4258e2b3e770227bd8aeed0252b03e0414f5aa7b5f05b5ec47066c,506,506,16,16
UNCHANGED,backend/services/payment/providers/mpesaProvider.js,85dfdcb50a6e72e4bbc352adae61e79809eb0d1fb952228484391a58d4341d5f,85dfdcb50a6e72e4bbc352adae61e79809eb0d1fb952228484391a58d4341d5f,15326,15326,507,507
UNCHANGED,backend/services/payment/providers/mtnMomoProvider.js,0bc3f800d3d8e3c66d0d7cb63ca7ecce4e9eb26ee7ee5f04b4ae4d4ad79782c1,0bc3f800d3d8e3c66d0d7cb63ca7ecce4e9eb26ee7ee5f04b4ae4d4ad79782c1,11545,11545,427,427
UNCHANGED,backend/services/payment/providers/stripeProvider.js,0ed889acd0d9b679de80a3887caee700a233defd246968daed1ceb5ae9cfb640,0ed889acd0d9b679de80a3887caee700a233defd246968daed1ceb5ae9cfb640,8470,8470,289,289
UNCHANGED,backend/services/paymentService.js,2fd0641807a329caa72588ff7689f5a70ae6e92c4828515a1d66fc9bd05182b9,2fd0641807a329caa72588ff7689f5a70ae6e92c4828515a1d66fc9bd05182b9,15745,15745,609,609
UNCHANGED,backend/services/pushNotificationService.js,86b3497f62f064ce80b01c254569aacbcaf240bbb9bce317604dd016bf32fd25,86b3497f62f064ce80b01c254569aacbcaf240bbb9bce317604dd016bf32fd25,8691,8691,480,480
UNCHANGED,backend/services/queue.js,75f9a028bc75cd8d1bae11202c169c5fea580ac0edd2d1c5185aab1786f5b556,75f9a028bc75cd8d1bae11202c169c5fea580ac0edd2d1c5185aab1786f5b556,615,615,24,24
UNCHANGED,backend/services/rbacService.js,b52479d690f16ef3ebd3d13cabd62a9a56653ef3538a92fde43942fe607841e8,b52479d690f16ef3ebd3d13cabd62a9a56653ef3538a92fde43942fe607841e8,1801,1801,46,46
UNCHANGED,backend/services/redis.js,8ed2ff4c661db809c8a07b6b6f2b991c3bf2195643716b0e5cf13dc59e58fe0b,8ed2ff4c661db809c8a07b6b6f2b991c3bf2195643716b0e5cf13dc59e58fe0b,13433,13433,456,456
UNCHANGED,backend/services/referral/referral.service.js,deab766f6ec4e884bde28456aca514b064bbead9e6c117c7ee2604d3a86fc0ae,deab766f6ec4e884bde28456aca514b064bbead9e6c117c7ee2604d3a86fc0ae,26325,26325,1240,1240
UNCHANGED,backend/services/referralRewardService.js,ff9dec92cbcd2174a8a54175d1d78e34c53d37d0e5d75b07fb23738e6fba8a86,ff9dec92cbcd2174a8a54175d1d78e34c53d37d0e5d75b07fb23738e6fba8a86,129700,129700,6271,6271
UNCHANGED,backend/services/referralService.js,7b27ce684f5fb38e3ad745123da4bd6306ee146d24a9e8cc1bfe40261a504390,7b27ce684f5fb38e3ad745123da4bd6306ee146d24a9e8cc1bfe40261a504390,10630,10630,365,365
UNCHANGED,backend/services/reportExportService.js,4103f7d551b4982dc4729f3c1af5e1eb7e292a38d7d99ad2cc864189814a0b62,4103f7d551b4982dc4729f3c1af5e1eb7e292a38d7d99ad2cc864189814a0b62,8506,8506,480,480
UNCHANGED,backend/services/riskScoringService.js,33c91aabae1eb21d82da09fb1ff606cc0b4662cdb5e2ca52d0bc998e83cbfbf4,33c91aabae1eb21d82da09fb1ff606cc0b4662cdb5e2ca52d0bc998e83cbfbf4,9888,9888,540,540
UNCHANGED,backend/services/savingsService.js,3a15c1577a3c6d9c0183c7a5dc245de6c25dee688e4de855b6c976d3c3ca9165,3a15c1577a3c6d9c0183c7a5dc245de6c25dee688e4de855b6c976d3c3ca9165,9893,9893,469,469
UNCHANGED,backend/services/smsService.js,881fb427da7a20d8240b3598aec68b60befc9159dbedfd209947feff586b8238,881fb427da7a20d8240b3598aec68b60befc9159dbedfd209947feff586b8238,9204,9204,463,463
UNCHANGED,backend/services/socket.js,ec2a742538b6f8110647efadebf1746cd1c510bec7e09ede068f9d590cbba7f1,ec2a742538b6f8110647efadebf1746cd1c510bec7e09ede068f9d590cbba7f1,2505,2505,84,84
UNCHANGED,backend/services/socketEmitter.js,2f496f2ba570dd05d23817d4ddd37ba968a9189de05b03a09909c6925290722c,2f496f2ba570dd05d23817d4ddd37ba968a9189de05b03a09909c6925290722c,6681,6681,245,245
UNCHANGED,backend/services/systemSettingService.js,c47cb6682f928e422e4fdcca600a875432825cfba9a66b4ff90326e1d99302cc,c47cb6682f928e422e4fdcca600a875432825cfba9a66b4ff90326e1d99302cc,90574,90574,3845,3845
UNCHANGED,backend/services/tenantBillingService.js,3fb2f6307669f237e16e3393b666ba9507d323ff00df0d5aeaea9719f04eecbc,3fb2f6307669f237e16e3393b666ba9507d323ff00df0d5aeaea9719f04eecbc,9583,9583,496,496
UNCHANGED,backend/services/termsAndPrivacy.js,3cfa1d2c0a0e53caf827f1f0c1c8f85bb0b21cdaa078b52dfa232f5f09e4b1df,3cfa1d2c0a0e53caf827f1f0c1c8f85bb0b21cdaa078b52dfa232f5f09e4b1df,20676,20676,623,623
UNCHANGED,backend/services/titechClient.js,876477dc082dbd8217320618ec1da28f2760eda698779b6b5a05f543139b3d15,876477dc082dbd8217320618ec1da28f2760eda698779b6b5a05f543139b3d15,3750,3750,113,113
UNCHANGED,backend/services/transaction.service.js,be2d22fe949c6bdbd70ee5087de8115291a647e638eacff47fe8c7572dfb7050,be2d22fe949c6bdbd70ee5087de8115291a647e638eacff47fe8c7572dfb7050,6549,6549,187,187
UNCHANGED,backend/services/transactionGuard.js,8e67389fb73309fc5b672f3268d2da0fc07e09190b9f40d3cc80159df6e2cca1,8e67389fb73309fc5b672f3268d2da0fc07e09190b9f40d3cc80159df6e2cca1,2623,2623,64,64
UNCHANGED,backend/services/ussdService.js,0b5c3cc79c37b208f60bdf8b5ecebcd2ba88e154ae731e3225e694966c1c75cb,0b5c3cc79c37b208f60bdf8b5ecebcd2ba88e154ae731e3225e694966c1c75cb,10410,10410,541,541
UNCHANGED,backend/services/ussdSessionService.js,8e3eb6b72ec079d22776c885a5b70373161cd706d78c7a7ebd3596fc74764749,8e3eb6b72ec079d22776c885a5b70373161cd706d78c7a7ebd3596fc74764749,10857,10857,622,622
UNCHANGED,backend/services/wallet.service.js,3ed64e529a59136275a18f2152d4c00d9a76c329773c5a61cd261d92077e947f,3ed64e529a59136275a18f2152d4c00d9a76c329773c5a61cd261d92077e947f,4282,4282,125,125
UNCHANGED,backend/services/walletService.js,e7c0b7e9c4da40d9000614fd70a99de7ba7b80fc6abefc14c81baa7a0eb9841f,e7c0b7e9c4da40d9000614fd70a99de7ba7b80fc6abefc14c81baa7a0eb9841f,13460,13460,650,650
UNCHANGED,backend/shared/context/RequestContext.js,a702ad63c480c7fd22c8e0732e7e5542e9703f7ded7406e4b2611a3546f6b5a3,a702ad63c480c7fd22c8e0732e7e5542e9703f7ded7406e4b2611a3546f6b5a3,5034,5034,278,278
UNCHANGED,backend/shared/context/RequestContextFactory.js,cddb732a09ab167cdb76ea44d7f960c161ab6c46c084fa840c6dafe3e2d93170,cddb732a09ab167cdb76ea44d7f960c161ab6c46c084fa840c6dafe3e2d93170,4977,4977,245,245
UNCHANGED,backend/shared/logging/LoggerFactory.js,1a83e9f137e4331f85479a2179fe25e961531b2e8708addbcc0b8547f02cf284,1a83e9f137e4331f85479a2179fe25e961531b2e8708addbcc0b8547f02cf284,5540,5540,405,405
UNCHANGED,backend/shared/logging/StructuredLogger.js,a0775c95fb04c1abe77c8dad8bba1f05a06b10840b44dc1aad71d2a65e4ac366,a0775c95fb04c1abe77c8dad8bba1f05a06b10840b44dc1aad71d2a65e4ac366,7217,7217,620,620
UNCHANGED,backend/shared/metrics/MetricsRegistry.js,ec7ae6a28120f2ff53e583042a795e3805ef6f7e3e20a2600bf1a7e8b5ddaabb,ec7ae6a28120f2ff53e583042a795e3805ef6f7e3e20a2600bf1a7e8b5ddaabb,5588,5588,526,526
UNCHANGED,backend/shared/metrics/RequestMetrics.js,de464122452f8158874038e6e1eead9d67e51890f73d88f5ba31fac7392de05d,de464122452f8158874038e6e1eead9d67e51890f73d88f5ba31fac7392de05d,6297,6297,553,553
UNCHANGED,backend/shared/metrics/exporters/PrometheusExporter.js,570c6a154072882d046f034f72ce94666a86d3901c2e9d3358399713adc41348,570c6a154072882d046f034f72ce94666a86d3901c2e9d3358399713adc41348,5076,5076,469,469
UNCHANGED,backend/shared/middleware/auditLogMiddleware.js,ee27ff7e1e931696e723c7aa4bf7b207b8357dbfc912e2f0bb6b5329caaed30a,ee27ff7e1e931696e723c7aa4bf7b207b8357dbfc912e2f0bb6b5329caaed30a,2926,2926,188,188
UNCHANGED,backend/shared/models/AuditLog.js,2af0d314aec59775ffb8a6cb92ff5323e58e8532bdafe81357cb7e1639be7a3d,2af0d314aec59775ffb8a6cb92ff5323e58e8532bdafe81357cb7e1639be7a3d,1170,1170,78,78
UNCHANGED,backend/shared/tracing/OpenTelemetry.js,62a8ff98b377b5cfdb92ca9ff42720dae01431a68203dc0575c078ba4908a504,62a8ff98b377b5cfdb92ca9ff42720dae01431a68203dc0575c078ba4908a504,7111,7111,662,662
UNCHANGED,backend/shared/tracing/TraceContext.js,59027f581eb77f3aa8515ffba2bc56b58fc7d641f7034e29451740b8c80aeda1,59027f581eb77f3aa8515ffba2bc56b58fc7d641f7034e29451740b8c80aeda1,5703,5703,572,572
UNCHANGED,backend/shared/tracing/events/EventBus.js,6900df4c104d1edd090eb9d88867a0a2551534783bc38e4dc1fdc56b9f49f79f,6900df4c104d1edd090eb9d88867a0a2551534783bc38e4dc1fdc56b9f49f79f,7283,7283,389,389
UNCHANGED,backend/sockets/chatSocket.js,d7aba5e10ca5635aa823b3e4de6e5db7c6657894233c9c2e8fc12a73c0b237ae,d7aba5e10ca5635aa823b3e4de6e5db7c6657894233c9c2e8fc12a73c0b237ae,4167,4167,153,153
UNCHANGED,backend/sockets/roomManager.js,baa0832b0de4fca3908ea93ddafd046f40f06e1b9886fb360250e735eb378267,baa0832b0de4fca3908ea93ddafd046f40f06e1b9886fb360250e735eb378267,4342,4342,180,180
UNCHANGED,backend/sockets/socketAuth.js,c0c90a73d2abb3d1c99a1e1094326405f1d9310d3680a34040dc9cffe1e379a7,c0c90a73d2abb3d1c99a1e1094326405f1d9310d3680a34040dc9cffe1e379a7,4042,4042,163,163
UNCHANGED,backend/src/infrastructure/logging/auditLogger.js,a392cf362089ad03c7aea8d0910359b74f8703daccb741305341d95430cd6107,a392cf362089ad03c7aea8d0910359b74f8703daccb741305341d95430cd6107,9742,9742,457,457
UNCHANGED,backend/src/infrastructure/logging/errorLogger.js,9866dad8c2e124cc23b82a458caf832548b1dc21e597aed74750ab6273996309,9866dad8c2e124cc23b82a458caf832548b1dc21e597aed74750ab6273996309,12415,12415,597,597
UNCHANGED,backend/src/infrastructure/logging/logger.js,7d28579ee6b38231a7be3c62b0977ebc18987366d0c507cddb5cdb26054ec6bc,7d28579ee6b38231a7be3c62b0977ebc18987366d0c507cddb5cdb26054ec6bc,8567,8567,486,486
UNCHANGED,backend/src/infrastructure/monitoring/health.controller.js,22af42c3f00d7abe243657d2e1548c5cee86a4dccdb34f7b614a09ce05971fc1,22af42c3f00d7abe243657d2e1548c5cee86a4dccdb34f7b614a09ce05971fc1,8333,8333,391,391
UNCHANGED,backend/src/infrastructure/monitoring/metrics.controller.js,4045737650afe61fd28f7a45f30a3385cfcfa26fe44448800e593c136501e31e,4045737650afe61fd28f7a45f30a3385cfcfa26fe44448800e593c136501e31e,9172,9172,395,395
UNCHANGED,backend/src/infrastructure/monitoring/prometheus.service.js,095a5d77aae3a59a8623f3c232837d989331da9489887b537424e287203e707c,095a5d77aae3a59a8623f3c232837d989331da9489887b537424e287203e707c,10164,10164,575,575
UNCHANGED,backend/src/infrastructure/monitoring/uptime.service.js,dd83b5a01adc1e58480975eabb6b9aaee68f96bbdfc5aa1926efd667412750c2,dd83b5a01adc1e58480975eabb6b9aaee68f96bbdfc5aa1926efd667412750c2,8274,8274,365,365
UNCHANGED,backend/src/modules/compliance/services/compliance.service.js,afc26fb8b617ffe81dd41e45e111f835c4c85a9feeeb123bc279e46949e6b43b,afc26fb8b617ffe81dd41e45e111f835c4c85a9feeeb123bc279e46949e6b43b,11825,11825,514,514
UNCHANGED,backend/src/modules/payments/providers/airtel/airtel.controller.js,ed635362cc7ef94ea401eb05b17acb675943b61c913b91537069a7ce445ce983,ed635362cc7ef94ea401eb05b17acb675943b61c913b91537069a7ce445ce983,10679,10679,495,495
UNCHANGED,backend/src/modules/payments/providers/airtel/airtel.integration.js,1297c9ebafbcaf61b8b3d4e10d4c6b00fee04afe44212866e422216820676f22,1297c9ebafbcaf61b8b3d4e10d4c6b00fee04afe44212866e422216820676f22,11857,11857,523,523
UNCHANGED,backend/src/modules/payments/providers/airtel/airtel.routes.js,5b67fc6d8c807f2e9cdab66048aa70288e3f0f8c8090df4cff578cbdc316428d,5b67fc6d8c807f2e9cdab66048aa70288e3f0f8c8090df4cff578cbdc316428d,9137,9137,469,469
UNCHANGED,backend/src/modules/payments/providers/airtel/airtel.service.js,382f1d11e7d0e77c28ed2a40844a01b134b0d500f0be823cb9f577054cb3ae1b,382f1d11e7d0e77c28ed2a40844a01b134b0d500f0be823cb9f577054cb3ae1b,12645,12645,578,578
UNCHANGED,backend/src/modules/payments/providers/airtel/airtel.webhook.js,533cb438afd1f5f4973f462658128e83b467d20c67acecae53b51d5ad7c817b2,533cb438afd1f5f4973f462658128e83b467d20c67acecae53b51d5ad7c817b2,13355,13355,592,592
UNCHANGED,backend/src/modules/payments/providers/momo/momo.controller.js,d8f2870a431042c45f9e1bd079a94afb50ef6e8b058b95d76d40eba0bce457a7,d8f2870a431042c45f9e1bd079a94afb50ef6e8b058b95d76d40eba0bce457a7,9873,9873,459,459
UNCHANGED,backend/src/modules/payments/providers/momo/momo.routes.js,6c3c64a039be9373683aa248f6ebc7d6ef6f94d55f9715834ab403143fee117d,6c3c64a039be9373683aa248f6ebc7d6ef6f94d55f9715834ab403143fee117d,11071,11071,574,574
UNCHANGED,backend/src/modules/payments/providers/momo/momo.service.js,1c38ad043a2fbd0287a3c4a6dbf74ef01fe2b9a9cde028eaebfb874e75ca4af4,1c38ad043a2fbd0287a3c4a6dbf74ef01fe2b9a9cde028eaebfb874e75ca4af4,11558,11558,551,551
UNCHANGED,backend/src/modules/payments/providers/momo/momo.webhook.js,52b9b5625ce6880dc2cc6862124ef82f5f3187c57c10bdf69994789b9c4bcefd,52b9b5625ce6880dc2cc6862124ef82f5f3187c57c10bdf69994789b9c4bcefd,10195,10195,474,474
UNCHANGED,backend/src/modules/payments/reconciliation/reconciliation.controller.js,b1685b43c1a9cc58a14c583ae2e795b6d2f3f9426ee81845caad1bcb5561e182,b1685b43c1a9cc58a14c583ae2e795b6d2f3f9426ee81845caad1bcb5561e182,12311,12311,833,833
UNCHANGED,backend/src/modules/payments/reconciliation/reconciliation.events.js,5388bf0b527aa6ccde4461f2424f39a15a2c94485d59b14a75d1358f1a3b2d68,5388bf0b527aa6ccde4461f2424f39a15a2c94485d59b14a75d1358f1a3b2d68,6044,6044,597,597
UNCHANGED,backend/src/modules/payments/reconciliation/reconciliation.job.js,16ec2ad57e75dddcefea4f69fee05ee1c4b6b5dc10f7e45df8db114e37b4861c,16ec2ad57e75dddcefea4f69fee05ee1c4b6b5dc10f7e45df8db114e37b4861c,9614,9614,438,438
UNCHANGED,backend/src/modules/payments/reconciliation/reconciliation.report.js,71e80ddb523edf02b54fbc29a6d55a108081a0702fd17f92de672089e642555f,71e80ddb523edf02b54fbc29a6d55a108081a0702fd17f92de672089e642555f,12731,12731,557,557
UNCHANGED,backend/src/modules/payments/reconciliation/reconciliation.repository.js,6f55a643a29166bd3f60927417775f37202c174c6b145a28b19ac4ca59d6ac80,6f55a643a29166bd3f60927417775f37202c174c6b145a28b19ac4ca59d6ac80,10843,10843,866,866
UNCHANGED,backend/src/modules/payments/reconciliation/reconciliation.service.js,115642ad9e4d44c68de49e8f84d38ae62d68a08dcaaae1830c4b00eb908648c9,115642ad9e4d44c68de49e8f84d38ae62d68a08dcaaae1830c4b00eb908648c9,10499,10499,816,816
UNCHANGED,backend/src/modules/payments/reconciliation/reconciliation.validator.js,81ceaf4d6049010de2350af2dc947237778cbffe5258317f18a7635ff9c874e9,81ceaf4d6049010de2350af2dc947237778cbffe5258317f18a7635ff9c874e9,11432,11432,904,904
UNCHANGED,backend/src/modules/payments/reconciliation/reconciliation.worker.js,b6ec541a45339f922105aee5f22c4c9a82af847c799ce05ef16863b95f1ab3af,b6ec541a45339f922105aee5f22c4c9a82af847c799ce05ef16863b95f1ab3af,6994,6994,554,554
UNCHANGED,backend/templates/emails/groupInvitation.html,05a965481e8b8d5be416df8d92e2bff65840454da9f913562083e389d41ae1f6,05a965481e8b8d5be416df8d92e2bff65840454da9f913562083e389d41ae1f6,5485,5485,185,185
UNCHANGED,backend/templates/emails/groupInvitation.txt,f6e0e7cfbf9d2a124b4c0f84f5ab4664fd8257b3a4870ec083390851efd3588e,f6e0e7cfbf9d2a124b4c0f84f5ab4664fd8257b3a4870ec083390851efd3588e,1338,1338,47,47
UNCHANGED,backend/templates/emails/loanStatus.html,61b9178142c93bfd3b65977a98f30b87d34c33e22265715989f5f9aa7f7b1f24,61b9178142c93bfd3b65977a98f30b87d34c33e22265715989f5f9aa7f7b1f24,6049,6049,224,224
UNCHANGED,backend/templates/emails/loanStatus.txt,6ecc2fa3ff61a68572b1c070416e6aba4738c3a02ddb5311566e4dca254247a6,6ecc2fa3ff61a68572b1c070416e6aba4738c3a02ddb5311566e4dca254247a6,1059,1059,44,44
UNCHANGED,backend/templates/emails/passwordChanged.html,e8fb96197cc26744a1775dfb1b16f41cf15a26c9dd8c9592b40e5f97988168c9,e8fb96197cc26744a1775dfb1b16f41cf15a26c9dd8c9592b40e5f97988168c9,6034,6034,202,202
UNCHANGED,backend/templates/emails/passwordChanged.txt,6fe7ce5d3504a8f21dae81c87abe4e94517dcfa45bbdb959e5832eae51a4661e,6fe7ce5d3504a8f21dae81c87abe4e94517dcfa45bbdb959e5832eae51a4661e,1755,1755,52,52
UNCHANGED,backend/templates/emails/paymentReceipt.html,4c3eec070641eec8fdf148b8a77963d4262d3d989120023fd930a5edbcf63db7,4c3eec070641eec8fdf148b8a77963d4262d3d989120023fd930a5edbcf63db7,6091,6091,216,216
UNCHANGED,backend/templates/emails/paymentReceipt.txt,2197fa91f52acca76760ac8b706923f651e4140ee3e8b66b17f8c760426523d3,2197fa91f52acca76760ac8b706923f651e4140ee3e8b66b17f8c760426523d3,1109,1109,43,43
UNCHANGED,backend/templates/emails/referralReward.html,7d83f724a4deba383ce180564c3b501dd003976f1edbecb224cb17aed08af449,7d83f724a4deba383ce180564c3b501dd003976f1edbecb224cb17aed08af449,5027,5027,104,104
UNCHANGED,backend/templates/emails/referralReward.txt,9f4d2ba1646f8beab097cdf0fdf3c549e1b6cb817eabc81fa29a7c7294b6d1db,9f4d2ba1646f8beab097cdf0fdf3c549e1b6cb817eabc81fa29a7c7294b6d1db,1123,1123,43,43
UNCHANGED,backend/templates/emails/resetPassword.html,f605de49aa873ebc6d4a0be8f5a9ac560809d1f9648371bf7e87d0c5bbfbf6b1,f605de49aa873ebc6d4a0be8f5a9ac560809d1f9648371bf7e87d0c5bbfbf6b1,7006,7006,245,245
UNCHANGED,backend/templates/emails/resetPassword.txt,33eb1a657db7fc9e4d36c8d7a4fefa87a3233705f700425e7fd561af70690da2,33eb1a657db7fc9e4d36c8d7a4fefa87a3233705f700425e7fd561af70690da2,1510,1510,52,52
UNCHANGED,backend/templates/emails/verifyEmail.html,612dabb098f252954056a86443c1c7e3731cde039340f5a090ee6e489e4df9a1,612dabb098f252954056a86443c1c7e3731cde039340f5a090ee6e489e4df9a1,5257,5257,192,192
UNCHANGED,backend/templates/emails/verifyEmail.txt,d2f3ec2096e89a22c8c762778ab51cd42f3000b6e68c68f8e69763960bbe261d,d2f3ec2096e89a22c8c762778ab51cd42f3000b6e68c68f8e69763960bbe261d,947,947,32,32
UNCHANGED,backend/templates/emails/welcome.html,31b64fb68a8f002245eb9adc5b24afa831ef59a484220432b19b32200bb17196,31b64fb68a8f002245eb9adc5b24afa831ef59a484220432b19b32200bb17196,4706,4706,162,162
UNCHANGED,backend/templates/emails/welcome.txt,412917742e2b1a66a0245b994e6d00d96bd7d56a88c668723085bdef522e0d5f,412917742e2b1a66a0245b994e6d00d96bd7d56a88c668723085bdef522e0d5f,1427,1427,42,42
UNCHANGED,backend/tenancy/tenant.constants.js,e73af563047346924d63ee1ed3c3e585f4a91deb5bfa2ade9e9868af54bd540b,e73af563047346924d63ee1ed3c3e585f4a91deb5bfa2ade9e9868af54bd540b,42359,42359,2150,2150
UNCHANGED,backend/tenancy/tenant.context.js,69323aa989f9399829325f33e2c0dce9240b182900a5a11e5072fcb980bf41a8,69323aa989f9399829325f33e2c0dce9240b182900a5a11e5072fcb980bf41a8,59237,59237,2824,2824
UNCHANGED,backend/tenancy/tenant.middleware.js,811eb7a400cc3edb6a0c668b1321e6b9b3d45eaa3e328e9d3f9669ed30533019,811eb7a400cc3edb6a0c668b1321e6b9b3d45eaa3e328e9d3f9669ed30533019,61841,61841,2711,2711
UNCHANGED,backend/tenancy/tenant.model.js,4b4f5506bb57e600988ff15f9d00a943d3b8ff9173eb9ad17353eb30101b50f7,4b4f5506bb57e600988ff15f9d00a943d3b8ff9173eb9ad17353eb30101b50f7,68756,68756,2937,2937
UNCHANGED,backend/tenancy/tenant.service.js,777c34fbe0bf6ef74ce90c4160fbc3944469a0f0f1cf7afe67ea69b420dcb98d,777c34fbe0bf6ef74ce90c4160fbc3944469a0f0f1cf7afe67ea69b420dcb98d,86622,86622,3692,3692
UNCHANGED,backend/tenancy/tenant.validator.js,1ade742cf39516b5b08f15b56534522dceb0bc6662eee92397ac526beb087e63,1ade742cf39516b5b08f15b56534522dceb0bc6662eee92397ac526beb087e63,52229,52229,2361,2361
UNCHANGED,backend/tests/airtelMoney.test.js,c56a7ebb56212c2dae91fa34eb1889c3555a084cbd060b7c4364024c1c3a07c5,c56a7ebb56212c2dae91fa34eb1889c3555a084cbd060b7c4364024c1c3a07c5,12365,12365,487,487
UNCHANGED,backend/tests/bootstrap/BootstrapContext.test.js,785ac4116caa7fe73c4b85fed37ff7478fa10255986c8430f02a6da47f445bfc,785ac4116caa7fe73c4b85fed37ff7478fa10255986c8430f02a6da47f445bfc,24411,24411,1259,1259
UNCHANGED,backend/tests/bootstrap/bootstrap.smoke.test.js,d816d45cef228d4d0d2d5467ea09b7fcfdcaadbcfcd29e61f22b59283a9199e4,d816d45cef228d4d0d2d5467ea09b7fcfdcaadbcfcd29e61f22b59283a9199e4,22305,22305,1035,1035
UNCHANGED,backend/tests/bootstrap/environment.test.js,e3b0c44298fc1c149afbf4c8996fb92427ae41e4649b934ca495991b7852b855,e3b0c44298fc1c149afbf4c8996fb92427ae41e4649b934ca495991b7852b855,0,0,0,0
UNCHANGED,backend/tests/bootstrap/phaseRunner.test.js,3db5413ce28b277afb4c0c90c695c44c13ef06021db8c47142b33a6531b47447,3db5413ce28b277afb4c0c90c695c44c13ef06021db8c47142b33a6531b47447,22395,22395,1052,1052
UNCHANGED,backend/tests/bootstrap/route-import-regression.test.js,488eb9209b322a98841055178b66d8008fcefd1729a0aea60c208b251aea890f,488eb9209b322a98841055178b66d8008fcefd1729a0aea60c208b251aea890f,234,234,6,6
UNCHANGED,backend/tests/builders/onboardingBuilder.js,af35046df4c2db126d26c29fb88d1cbb77f021c8e085e10993434a987fab3247,af35046df4c2db126d26c29fb88d1cbb77f021c8e085e10993434a987fab3247,3217,3217,142,142
UNCHANGED,backend/tests/chat/Conversation.model.test.js,e3b0c44298fc1c149afbf4c8996fb92427ae41e4649b934ca495991b7852b855,e3b0c44298fc1c149afbf4c8996fb92427ae41e4649b934ca495991b7852b855,0,0,0,0
UNCHANGED,backend/tests/chat/Message.model.test.js,e3b0c44298fc1c149afbf4c8996fb92427ae41e4649b934ca495991b7852b855,e3b0c44298fc1c149afbf4c8996fb92427ae41e4649b934ca495991b7852b855,0,0,0,0
UNCHANGED,backend/tests/chat/chat.permissions.test.js,e3b0c44298fc1c149afbf4c8996fb92427ae41e4649b934ca495991b7852b855,e3b0c44298fc1c149afbf4c8996fb92427ae41e4649b934ca495991b7852b855,0,0,0,0
UNCHANGED,backend/tests/chat/chat.realtime.test.js,e3b0c44298fc1c149afbf4c8996fb92427ae41e4649b934ca495991b7852b855,e3b0c44298fc1c149afbf4c8996fb92427ae41e4649b934ca495991b7852b855,0,0,0,0
UNCHANGED,backend/tests/chat/chat.routes.test.js,e3b0c44298fc1c149afbf4c8996fb92427ae41e4649b934ca495991b7852b855,e3b0c44298fc1c149afbf4c8996fb92427ae41e4649b934ca495991b7852b855,0,0,0,0
UNCHANGED,backend/tests/chat/chat.service.test.js,e3b0c44298fc1c149afbf4c8996fb92427ae41e4649b934ca495991b7852b855,e3b0c44298fc1c149afbf4c8996fb92427ae41e4649b934ca495991b7852b855,0,0,0,0
UNCHANGED,backend/tests/chat/chat.validation.test.js,e3b0c44298fc1c149afbf4c8996fb92427ae41e4649b934ca495991b7852b855,e3b0c44298fc1c149afbf4c8996fb92427ae41e4649b934ca495991b7852b855,0,0,0,0
UNCHANGED,backend/tests/chat/chatController.test.js,e3b0c44298fc1c149afbf4c8996fb92427ae41e4649b934ca495991b7852b855,e3b0c44298fc1c149afbf4c8996fb92427ae41e4649b934ca495991b7852b855,0,0,0,0
UNCHANGED,backend/tests/chat/chatRoutes.test.js,e3b0c44298fc1c149afbf4c8996fb92427ae41e4649b934ca495991b7852b855,e3b0c44298fc1c149afbf4c8996fb92427ae41e4649b934ca495991b7852b855,0,0,0,0
UNCHANGED,backend/tests/chat/chatService.test.js,e3b0c44298fc1c149afbf4c8996fb92427ae41e4649b934ca495991b7852b855,e3b0c44298fc1c149afbf4c8996fb92427ae41e4649b934ca495991b7852b855,0,0,0,0
UNCHANGED,backend/tests/chat/chatSocket.test.js,e3b0c44298fc1c149afbf4c8996fb92427ae41e4649b934ca495991b7852b855,e3b0c44298fc1c149afbf4c8996fb92427ae41e4649b934ca495991b7852b855,0,0,0,0
UNCHANGED,backend/tests/chat/conversationModel.test.js,e3b0c44298fc1c149afbf4c8996fb92427ae41e4649b934ca495991b7852b855,e3b0c44298fc1c149afbf4c8996fb92427ae41e4649b934ca495991b7852b855,0,0,0,0
UNCHANGED,backend/tests/chat/messageModel.test.js,e3b0c44298fc1c149afbf4c8996fb92427ae41e4649b934ca495991b7852b855,e3b0c44298fc1c149afbf4c8996fb92427ae41e4649b934ca495991b7852b855,0,0,0,0
UNCHANGED,backend/tests/commercial/compatibility/billingRuntime.test.js,e3b0c44298fc1c149afbf4c8996fb92427ae41e4649b934ca495991b7852b855,e3b0c44298fc1c149afbf4c8996fb92427ae41e4649b934ca495991b7852b855,0,0,0,0
UNCHANGED,backend/tests/commercial/models/commercial.models.test.js,e3b0c44298fc1c149afbf4c8996fb92427ae41e4649b934ca495991b7852b855,e3b0c44298fc1c149afbf4c8996fb92427ae41e4649b934ca495991b7852b855,0,0,0,0
UNCHANGED,backend/tests/commercial/services.test.js,e3b0c44298fc1c149afbf4c8996fb92427ae41e4649b934ca495991b7852b855,e3b0c44298fc1c149afbf4c8996fb92427ae41e4649b934ca495991b7852b855,0,0,0,0
UNCHANGED,backend/tests/commercial/stage01d/stage01d.behavioralParity.test.cjs,ce6b52a28861b4000fc7e55747e0fd075708a3ea953ec37ec6b22a3208b1cb30,ce6b52a28861b4000fc7e55747e0fd075708a3ea953ec37ec6b22a3208b1cb30,7359,7359,390,390
UNCHANGED,backend/tests/commercial/stage01d/stage01d.reconciliation.test.cjs,e3b0c44298fc1c149afbf4c8996fb92427ae41e4649b934ca495991b7852b855,e3b0c44298fc1c149afbf4c8996fb92427ae41e4649b934ca495991b7852b855,0,0,0,0
UNCHANGED,backend/tests/commercial/stage01d/stage01d.shadowRead.test.cjs,e3b0c44298fc1c149afbf4c8996fb92427ae41e4649b934ca495991b7852b855,e3b0c44298fc1c149afbf4c8996fb92427ae41e4649b934ca495991b7852b855,0,0,0,0
UNCHANGED,backend/tests/fixtures/onboardingFixtures.js,8a896a3c4afc97924948bf57dc895ecc9f91b7823bad2007ab53164520b1b610,8a896a3c4afc97924948bf57dc895ecc9f91b7823bad2007ab53164520b1b610,7442,7442,419,419
UNCHANGED,backend/tests/helpers/__tests__/mockLocalStorage.test.js,d8c408d06ed9d398fa1529dc3594af426b29f45235ca27e87b88267f2535ce93,d8c408d06ed9d398fa1529dc3594af426b29f45235ca27e87b88267f2535ce93,10006,10006,622,622
UNCHANGED,backend/tests/helpers/auth.js,733e9f2a2a78dd68ded1162a6658a94d9a4c2ee971cc6956a2cda1ea44b95893,733e9f2a2a78dd68ded1162a6658a94d9a4c2ee971cc6956a2cda1ea44b95893,2781,2781,124,124
UNCHANGED,backend/tests/helpers/db.js,950b71ada24d0f8314b1d7a0a3b358645d75ca913a1e72ee8ed3d84a4bb49517,950b71ada24d0f8314b1d7a0a3b358645d75ca913a1e72ee8ed3d84a4bb49517,1848,1848,80,80
UNCHANGED,backend/tests/helpers/mockFileUpload.js,0967bf6fdd8a69663c48b0a29c8eb51e2902721c5cd4b2b47df4f0293609dce5,0967bf6fdd8a69663c48b0a29c8eb51e2902721c5cd4b2b47df4f0293609dce5,7800,7800,456,456
UNCHANGED,backend/tests/helpers/mockLocalStorage.js,a68b9f0275960686d7cc4be7d1fddd87a54c430dd602cd67998f0b31ab0c6983,a68b9f0275960686d7cc4be7d1fddd87a54c430dd602cd67998f0b31ab0c6983,26791,26791,1727,1727
UNCHANGED,backend/tests/helpers/mockPayments.js,b795d9ca9dd1cc8a4497c16b9230e7c3263b198672355885e6e3238e3e990ef2,b795d9ca9dd1cc8a4497c16b9230e7c3263b198672355885e6e3238e3e990ef2,4569,4569,185,185
UNCHANGED,backend/tests/helpers/renderWithProviders.js,8005ad000046ce42be4af437b57c1cd40d1bbe070e7dd0346d55df0bd699ccee,8005ad000046ce42be4af437b57c1cd40d1bbe070e7dd0346d55df0bd699ccee,8752,8752,460,460
UNCHANGED,backend/tests/integration/announcement.tenant-isolation.test.js,66bb0f6f346968f3c8fad8f99172cfe1464417e07e53be400ddad780872cce02,66bb0f6f346968f3c8fad8f99172cfe1464417e07e53be400ddad780872cce02,90096,90096,2607,2607
UNCHANGED,backend/tests/integration/auth.test.js,5099d7298b00ec7670f600f0806c678d7e6f455b9858d51ef137e8e1b1999677,5099d7298b00ec7670f600f0806c678d7e6f455b9858d51ef137e8e1b1999677,28515,28515,1113,1113
UNCHANGED,backend/tests/integration/bizchat.test.js,85f1735537b02f1b6331435c1b0f5a22b1ebff56fabee444f6c5b76deef41d19,85f1735537b02f1b6331435c1b0f5a22b1ebff56fabee444f6c5b76deef41d19,34842,34842,1576,1576
UNCHANGED,backend/tests/integration/chat.test.js,28e3452b2967069b9a3670c861be220d2b54222b22ae8782dc7ab74cc5d16071,28e3452b2967069b9a3670c861be220d2b54222b22ae8782dc7ab74cc5d16071,65569,65569,2669,2669
UNCHANGED,backend/tests/integration/commercial/transactionRevenue.integration.test.js,e3b0c44298fc1c149afbf4c8996fb92427ae41e4649b934ca495991b7852b855,e3b0c44298fc1c149afbf4c8996fb92427ae41e4649b934ca495991b7852b855,0,0,0,0
UNCHANGED,backend/tests/integration/contributions.test.js,b228008269a3f1e0c193926f315d596d12d2bb701f3dfacede6f080bc302aaba,b228008269a3f1e0c193926f315d596d12d2bb701f3dfacede6f080bc302aaba,38236,38236,1266,1266
UNCHANGED,backend/tests/integration/controllers/email.test.js,75ca0fc88157a83992ed257f7a0c87142681facc4db3722e7189fbaf1cfcfe01,75ca0fc88157a83992ed257f7a0c87142681facc4db3722e7189fbaf1cfcfe01,34049,34049,1093,1093
UNCHANGED,backend/tests/integration/controllers/loans.test.js,ae0173a45d01aa466a4c6fc293d959ed804919f1da025a6c72293f28ee4a42f2,ae0173a45d01aa466a4c6fc293d959ed804919f1da025a6c72293f28ee4a42f2,55854,55854,1979,1979
UNCHANGED,backend/tests/integration/email.test.js,fd9c0e20687eaea44df75f9f235047a8c69c15c3713e5bed6c9644cadecf04e2,fd9c0e20687eaea44df75f9f235047a8c69c15c3713e5bed6c9644cadecf04e2,35143,35143,1226,1226
UNCHANGED,backend/tests/integration/legal.test.js,dd463957e43118d1da57a9d68c527903157c0353ddca62c0786af939061f0cbb,dd463957e43118d1da57a9d68c527903157c0353ddca62c0786af939061f0cbb,34227,34227,1150,1150
UNCHANGED,backend/tests/integration/loans.test.js,7a9f2350d73c0fd6354fe757a28e6abca9d9f3c5c07e8d5a7a0449d0be1b01f7,7a9f2350d73c0fd6354fe757a28e6abca9d9f3c5c07e8d5a7a0449d0be1b01f7,40634,40634,1526,1526
UNCHANGED,backend/tests/integration/payment.test.js,a09073234dae5d1cda1ec035af665d3671d117903daf00e532d06c9a589e7d57,a09073234dae5d1cda1ec035af665d3671d117903daf00e532d06c9a589e7d57,40824,40824,1538,1538
UNCHANGED,backend/tests/integration/payments.test.js,9da520d8d2e4c6b0c603fc62dec972f26088dd4fd9d3c2a306182453905c8452,9da520d8d2e4c6b0c603fc62dec972f26088dd4fd9d3c2a306182453905c8452,39547,39547,1529,1529
UNCHANGED,backend/tests/integration/referral.service.integration.test.js,cc4ac69ba51d2054e6b32fc3d0b8eae49301502eac64b58fd1ba76b91a301572,cc4ac69ba51d2054e6b32fc3d0b8eae49301502eac64b58fd1ba76b91a301572,39352,39352,1446,1446
UNCHANGED,backend/tests/integration/referralReward.test.js,c77f2f8095597c544885e6e7194a034a164ee6b10aa57adb82c3d55c3e95f03e,c77f2f8095597c544885e6e7194a034a164ee6b10aa57adb82c3d55c3e95f03e,85282,85282,2573,2573
UNCHANGED,backend/tests/integration/socket-io.test.js,da11d73a9ef254d57c156b756a8ae38321996b97542745570dcddce5a030ab70,da11d73a9ef254d57c156b756a8ae38321996b97542745570dcddce5a030ab70,29752,29752,1305,1305
UNCHANGED,backend/tests/integration/systemSetting.test.js,f7d37d1f8ce5c36d87e07492fd95a48eac595ecfa4d3c94195bc79d90cc57515,f7d37d1f8ce5c36d87e07492fd95a48eac595ecfa4d3c94195bc79d90cc57515,92565,92565,3005,3005
UNCHANGED,backend/tests/linkedEntityValidator.test.js,11db0e8aabf8ad5414410fb0143154764cff6072ca84314a1490dce4846e5b55,11db0e8aabf8ad5414410fb0143154764cff6072ca84314a1490dce4846e5b55,10811,10811,483,483
UNCHANGED,backend/tests/load-testing/README.md,d5ade4441e24638937a0344a845b081190c66dac816b3797181ebdd8f2772ed2,d5ade4441e24638937a0344a845b081190c66dac816b3797181ebdd8f2772ed2,5279,5279,251,251
UNCHANGED,backend/tests/load-testing/artillery-config.js,78eb3ea3e79612d0268bc14ef8e460b0367e6211d5aa624fe0966de4ad9ea070,78eb3ea3e79612d0268bc14ef8e460b0367e6211d5aa624fe0966de4ad9ea070,22768,22768,1117,1117
UNCHANGED,backend/tests/load-testing/artillery-processor.js,1df9190feda7e944dc8c5f46b65ee27680d06e2fdb1b11f930f194f7a616397e,1df9190feda7e944dc8c5f46b65ee27680d06e2fdb1b11f930f194f7a616397e,18060,18060,858,858
UNCHANGED,backend/tests/mocks/handlers.js,8cb4336b84eb2a96f833ae44e7cbf969d1e88f652f57181a5ab75ab68b8a4b4f,8cb4336b84eb2a96f833ae44e7cbf969d1e88f652f57181a5ab75ab68b8a4b4f,12486,12486,594,594
UNCHANGED,backend/tests/mocks/server.js,e15abd9a5156d611ec754d666757db7ae0592ede26f5d015d8fdd1ceb58c1d4d,e15abd9a5156d611ec754d666757db7ae0592ede26f5d015d8fdd1ceb58c1d4d,3511,3511,193,193
UNCHANGED,backend/tests/mtnMomo.test.js,3ac94185d14735f388bfc89c1215375fd522612bd18b061435b8a65e1c7d632e,3ac94185d14735f388bfc89c1215375fd522612bd18b061435b8a65e1c7d632e,13798,13798,611,611
UNCHANGED,backend/tests/security/penetration.test.js,7aad4cfdfbbd8e70eef6a23e8b16cb5feb0b81d6757326ad0d08ad041273b64b,7aad4cfdfbbd8e70eef6a23e8b16cb5feb0b81d6757326ad0d08ad041273b64b,12117,12117,416,416
UNCHANGED,backend/tests/setup.js,9937162055d5aa708bbcc413f21616bb5475268eace67c8d0156db031280aa99,9937162055d5aa708bbcc413f21616bb5475268eace67c8d0156db031280aa99,5425,5425,254,254
UNCHANGED,backend/tests/test-utils.jsx,d89365bebd78e9e967d6abe8dcff0e17c2ae9ee57a83b6c8a08b8eadfa904de4,d89365bebd78e9e967d6abe8dcff0e17c2ae9ee57a83b6c8a08b8eadfa904de4,3933,3933,194,194
UNCHANGED,backend/tests/unit/auth.controller.test.js,507d1ee376f47b8aab3c48c93b75639a612d8c034fc1e2c7f9f39407d921ae3f,507d1ee376f47b8aab3c48c93b75639a612d8c034fc1e2c7f9f39407d921ae3f,10136,10136,361,361
UNCHANGED,backend/tests/unit/commercial/transactionRevenue/feeAssessment.service.test.js,e3b0c44298fc1c149afbf4c8996fb92427ae41e4649b934ca495991b7852b855,e3b0c44298fc1c149afbf4c8996fb92427ae41e4649b934ca495991b7852b855,0,0,0,0
UNCHANGED,backend/tests/unit/commercial/transactionRevenue/feeCalculation.service.test.js,e3b0c44298fc1c149afbf4c8996fb92427ae41e4649b934ca495991b7852b855,e3b0c44298fc1c149afbf4c8996fb92427ae41e4649b934ca495991b7852b855,0,0,0,0
UNCHANGED,backend/tests/unit/commercial/transactionRevenue/feeRule.service.test.js,e3b0c44298fc1c149afbf4c8996fb92427ae41e4649b934ca495991b7852b855,e3b0c44298fc1c149afbf4c8996fb92427ae41e4649b934ca495991b7852b855,0,0,0,0
UNCHANGED,backend/tests/unit/commercial/transactionRevenue/revenueEntry.service.test.js,e3b0c44298fc1c149afbf4c8996fb92427ae41e4649b934ca495991b7852b855,e3b0c44298fc1c149afbf4c8996fb92427ae41e4649b934ca495991b7852b855,0,0,0,0
UNCHANGED,backend/tests/unit/commercial/transactionRevenue/revenueReversal.service.test.js,e3b0c44298fc1c149afbf4c8996fb92427ae41e4649b934ca495991b7852b855,e3b0c44298fc1c149afbf4c8996fb92427ae41e4649b934ca495991b7852b855,0,0,0,0
UNCHANGED,backend/tests/unit/commercial/transactionRevenue/settlement.service.test.js,e3b0c44298fc1c149afbf4c8996fb92427ae41e4649b934ca495991b7852b855,e3b0c44298fc1c149afbf4c8996fb92427ae41e4649b934ca495991b7852b855,0,0,0,0
UNCHANGED,backend/tests/unit/commercial/transactionRevenue/transactionRevenue.service.test.js,e3b0c44298fc1c149afbf4c8996fb92427ae41e4649b934ca495991b7852b855,e3b0c44298fc1c149afbf4c8996fb92427ae41e4649b934ca495991b7852b855,0,0,0,0
UNCHANGED,backend/tests/unit/contribution.controller.test.js,a1e2f0ce2e7143a01279d3cda16688104c6196d5e5fb2e2d2aa147812e592b9e,a1e2f0ce2e7143a01279d3cda16688104c6196d5e5fb2e2d2aa147812e592b9e,9142,9142,356,356
UNCHANGED,backend/tests/unit/financial/money.test.js,8143b41502e2f2adcd1ec87f6a6b64ef5025889a65a888d68b583af25cf25dd8,8143b41502e2f2adcd1ec87f6a6b64ef5025889a65a888d68b583af25cf25dd8,1058,1058,35,35
UNCHANGED,backend/tests/unit/group.controller.test.js,9f34ee30515adabb342cb50b4ad0cf9f968bfa9b7cab15e5c651ed6a079d0bb6,9f34ee30515adabb342cb50b4ad0cf9f968bfa9b7cab15e5c651ed6a079d0bb6,9786,9786,390,390
UNCHANGED,backend/tests/unit/loan.controller.test.js,256b02a5f9e06f4e8d9c150ebe0fa5fa5bc62645e17769d2faa2df3c501e1cec,256b02a5f9e06f4e8d9c150ebe0fa5fa5bc62645e17769d2faa2df3c501e1cec,9346,9346,386,386
UNCHANGED,backend/tests/unit/loanWorkflowService.test.js,5396fe5baa3c33436a1540797b5453766c160a4dcae59429befac614d3adf762,5396fe5baa3c33436a1540797b5453766c160a4dcae59429befac614d3adf762,3950,3950,171,171
UNCHANGED,backend/tests/unit/models/User.test.js,0a2e6070b311077a27246bb98e1dd176332a04127fe35afe091a255b6293f2ca,0a2e6070b311077a27246bb98e1dd176332a04127fe35afe091a255b6293f2ca,6882,6882,256,256
UNCHANGED,backend/tests/unit/modules/loan/services/createLoanApplication.test.js,a108c36161e101d6705bbf514bfe0ce06b620a94388feb97dbf7d6d451b2f6d0,a108c36161e101d6705bbf514bfe0ce06b620a94388feb97dbf7d6d451b2f6d0,14265,14265,620,620
UNCHANGED,backend/tests/unit/modules/loan/services/loanApprovalWorkflow.test.js,e53fb20b32d64f3184be3fadec9622d4631b7d70766688d730edf5a06c6659dc,e53fb20b32d64f3184be3fadec9622d4631b7d70766688d730edf5a06c6659dc,6035,6035,310,310
UNCHANGED,backend/tests/unit/referral/referral.repository.test.js,c8d018cb52bb50e05c6f4faf22663235e3fbe76ccd8a266aef8a81fd80c1ce9b,c8d018cb52bb50e05c6f4faf22663235e3fbe76ccd8a266aef8a81fd80c1ce9b,8209,8209,331,331
UNCHANGED,backend/tests/unit/referral/referral.service.test.js,566e8727072f1dad5108766a81c2ee896d179d6d0608abe8f12460115ee6bcfd,566e8727072f1dad5108766a81c2ee896d179d6d0608abe8f12460115ee6bcfd,14158,14158,525,525
UNCHANGED,backend/tests/unit/referralRewardService.test.js,bd23e0a92c0459a0ede6a8fa14fe8a1e06f0bce75d0ee6b9ba5155a3478a8f9b,bd23e0a92c0459a0ede6a8fa14fe8a1e06f0bce75d0ee6b9ba5155a3478a8f9b,38908,38908,2020,2020
UNCHANGED,backend/tests/unit/services/emailService.test.js,08b5adbb964a016b0bc7df620211d19c2902dc5cbf1d54015e81a23364fd5498,08b5adbb964a016b0bc7df620211d19c2902dc5cbf1d54015e81a23364fd5498,12155,12155,380,380
UNCHANGED,backend/tests/unit/services/emailVerificationService.test.js,7f5c8b9fb281a703319d5bb62eabbc4b478f18f30fb2b400b8a46fc51d520611,7f5c8b9fb281a703319d5bb62eabbc4b478f18f30fb2b400b8a46fc51d520611,4093,4093,136,136
UNCHANGED,backend/tests/unit/services/loanWorkflowService.test.js,d715e2e251082b00b3b983945f7328e69f7519e47400c459e7c5bd0c536192db,d715e2e251082b00b3b983945f7328e69f7519e47400c459e7c5bd0c536192db,3751,3751,129,129
UNCHANGED,backend/tests/unit/services/passwordResetService.test.js,6a69567a47190376187ccfe8d4eb195339aa1d1536144ce3749a2a80b2816caf,6a69567a47190376187ccfe8d4eb195339aa1d1536144ce3749a2a80b2816caf,27816,27816,1166,1166
UNCHANGED,backend/tests/unit/services/paymentService.test.js,2c75f0a28dd610dbf408328cc2975bc355672b127791bb63697105f397f23443,2c75f0a28dd610dbf408328cc2975bc355672b127791bb63697105f397f23443,10912,10912,375,375
UNCHANGED,backend/tests/unit/services/referralService.test.js,d388ae0f0313c819cb390f5043fc00957cbca1c2705e288975c72f3d87ef9706,d388ae0f0313c819cb390f5043fc00957cbca1c2705e288975c72f3d87ef9706,4565,4565,166,166
UNCHANGED,backend/tests/unit/systemSettingService.test.js,efc3ca3fd6043bd42e62d0be7fbd67695d31a3f297a6b3a05c1e8f2f02f7251d,efc3ca3fd6043bd42e62d0be7fbd67695d31a3f297a6b3a05c1e8f2f02f7251d,69839,69839,2668,2668
UNCHANGED,backend/tests/unit/utils.test.js,1b4d1ada3d95d6ffe5ce6294b4507205fedc1d84327c207c91621ff83f324acd,1b4d1ada3d95d6ffe5ce6294b4507205fedc1d84327c207c91621ff83f324acd,7619,7619,272,272
UNCHANGED,backend/tests/unit/utils/rateLimiter.test.js,2d0eedbdbd40243041bed9fdc212b437fa49b96ad17ddf82af8b8cb93f882760,2d0eedbdbd40243041bed9fdc212b437fa49b96ad17ddf82af8b8cb93f882760,4461,4461,164,164
UNCHANGED,backend/tests/unit/utils/validateInput.test.js,8487cc5b265fe237e846dc117d798166e7536ec2c9384b1ac553b150a42f9e26,8487cc5b265fe237e846dc117d798166e7536ec2c9384b1ac553b150a42f9e26,15693,15693,619,619
UNCHANGED,backend/utils/AppError.js,7db97f992f2fca93d2a26a1228ddc74d96f542ba257a1b50ebe979580bfdf976,7db97f992f2fca93d2a26a1228ddc74d96f542ba257a1b50ebe979580bfdf976,942,942,40,40
UNCHANGED,backend/utils/CRUDHelper.js,cd9585b91c86cd5e89a06d1985b633577000a9e611fb80241c2c2cc214b43935,cd9585b91c86cd5e89a06d1985b633577000a9e611fb80241c2c2cc214b43935,1420,1420,49,49
UNCHANGED,backend/utils/admin/adminContext.js,be6e5661ab215d61e1c6d2513d8f488bbf4b54433025d21481952d55a1d60488,be6e5661ab215d61e1c6d2513d8f488bbf4b54433025d21481952d55a1d60488,39463,39463,2346,2346
UNCHANGED,backend/utils/admin/adminDates.js,849ca241107a3515be72cdba061c3e8f5f1828a95fa1d424f67c4cffe0f072d3,849ca241107a3515be72cdba061c3e8f5f1828a95fa1d424f67c4cffe0f072d3,49061,49061,3531,3531
UNCHANGED,backend/utils/admin/adminMetrics.js,e6e0481846eef497aa365b950a4026c8f3689758af77a169e18bd08e6d13061e,e6e0481846eef497aa365b950a4026c8f3689758af77a169e18bd08e6d13061e,50530,50530,2634,2634
UNCHANGED,backend/utils/admin/adminPagination.js,96af72511ed7a108f2398824d264a4b72b4f31b1194c1b15b30563a6eb2353f1,96af72511ed7a108f2398824d264a4b72b4f31b1194c1b15b30563a6eb2353f1,53704,53704,3387,3387
UNCHANGED,backend/utils/admin/adminValidation.js,d9295df2b6902b47a202b2a14f72475bbb420038b9f62421d373ddd0050617ae,d9295df2b6902b47a202b2a14f72475bbb420038b9f62421d373ddd0050617ae,84750,84750,5560,5560
UNCHANGED,backend/utils/asyncHandler.js,c0cfb7441dfa42a22ecaaa302e8bd9e5fe4d5b2f2b338e5638a9eb9a2e7497d5,c0cfb7441dfa42a22ecaaa302e8bd9e5fe4d5b2f2b338e5638a9eb9a2e7497d5,3035,3035,98,98
UNCHANGED,backend/utils/chat/conversationHelpers.js,05d9fbeb8c2048634e1fdb38f32b07dbeadf7706b09c7309a1ffd7e9eed81e0f,05d9fbeb8c2048634e1fdb38f32b07dbeadf7706b09c7309a1ffd7e9eed81e0f,9363,9363,524,524
UNCHANGED,backend/utils/chat/exportBuilder.js,05ab1f004057ef66cf745a0b4bbbff8cac8122f24ba788ba3f4366f7e90344d4,05ab1f004057ef66cf745a0b4bbbff8cac8122f24ba788ba3f4366f7e90344d4,8089,8089,422,422
UNCHANGED,backend/utils/chat/messageEvents.js,d5a280986d06f1b8c20e49c4ad3af60f082fc992a54c60061ab2c30fc1f43a85,d5a280986d06f1b8c20e49c4ad3af60f082fc992a54c60061ab2c30fc1f43a85,7692,7692,261,261
UNCHANGED,backend/utils/circuitBreaker.js,c4f143c1c9d1417ca91f7433be38aece53bfbc99b5fa12b3bf73eed5c758b6e9,c4f143c1c9d1417ca91f7433be38aece53bfbc99b5fa12b3bf73eed5c758b6e9,3215,3215,85,85
UNCHANGED,backend/utils/errorCodes.js,23c113367c4ab4966d99f395aa5534c7dac2ca9c81c17e662dd0a3247285d3fd,23c113367c4ab4966d99f395aa5534c7dac2ca9c81c17e662dd0a3247285d3fd,1238,1238,39,39
UNCHANGED,backend/utils/generateReference.js,0865c3ecfbd73fd99c9b355528dbfd39271e69f2c87809255b7aed390f5602de,0865c3ecfbd73fd99c9b355528dbfd39271e69f2c87809255b7aed390f5602de,129,129,5,5
UNCHANGED,backend/utils/httpClient.js,581fc523b4d819d185e8c4479d830652a6bc04a392baad4beea9dad8a19710a2,581fc523b4d819d185e8c4479d830652a6bc04a392baad4beea9dad8a19710a2,465,465,22,22
UNCHANGED,backend/utils/logger.js,67c939f071b9168bb08963f767a438281ad103303583d52421763d36081f64e6,67c939f071b9168bb08963f767a438281ad103303583d52421763d36081f64e6,18850,18850,1014,1014
UNCHANGED,backend/utils/metrics.js,0ecde29325dc75e6d2ccb6a14ca139e88bf4f23c27c61f74823a16f88b42eb96,0ecde29325dc75e6d2ccb6a14ca139e88bf4f23c27c61f74823a16f88b42eb96,930,930,38,38
UNCHANGED,backend/utils/migrationRunner.js,8321b9e628fc0b17cc7963708bbb58868cd9f96aa8a6876e7eb067e641eb4203,8321b9e628fc0b17cc7963708bbb58868cd9f96aa8a6876e7eb067e641eb4203,11273,11273,391,391
UNCHANGED,backend/utils/money.js,52fed1651da5a0e4aeb74fa8aed69e4b6815c255e5e0ff603e7f7ee53bf52cdb,52fed1651da5a0e4aeb74fa8aed69e4b6815c255e5e0ff603e7f7ee53bf52cdb,53068,53068,2602,2602
UNCHANGED,backend/utils/rateLimiter.js,523402c9df4ee3041c148a650b31d5f5790d1dd823deca73e1390aa116113028,523402c9df4ee3041c148a650b31d5f5790d1dd823deca73e1390aa116113028,2794,2794,95,95
UNCHANGED,backend/utils/resilience.js,215984906a74aa3da59f470886d8686d6a55033734b8ac857cd5d6e7d47483ff,215984906a74aa3da59f470886d8686d6a55033734b8ac857cd5d6e7d47483ff,10506,10506,436,436
UNCHANGED,backend/utils/response.js,161901374e10905b2c46643d2305482f6a2c9e6c5cd7ddf9ea640103fe940552,161901374e10905b2c46643d2305482f6a2c9e6c5cd7ddf9ea640103fe940552,12356,12356,575,575
UNCHANGED,backend/utils/tracing.js,6c9bced21bd4e34736b63e691ce00713f1b50399f696072a3be067f82f0cd355,6c9bced21bd4e34736b63e691ce00713f1b50399f696072a3be067f82f0cd355,2882,2882,77,77
UNCHANGED,backend/utils/validateInput.js,146d4d25f0d970d2a094f48ad5c4636679ad639336dcfaa53215659d76f5b65f,146d4d25f0d970d2a094f48ad5c4636679ad639336dcfaa53215659d76f5b65f,8640,8640,482,482
UNCHANGED,backend/utils/validators.js,b9fbdd764609e0ac7c49dac5a8057da63401b073ce246f431c51a74e5e98d5ec,b9fbdd764609e0ac7c49dac5a8057da63401b073ce246f431c51a74e5e98d5ec,23428,23428,942,942
UNCHANGED,backend/utils/webhookSecurity.js,3d5b0972266a1d331dd61a517328e0c270d3ae9acfa740d112014937952731c2,3d5b0972266a1d331dd61a517328e0c270d3ae9acfa740d112014937952731c2,525,525,24,24
UNCHANGED,backend/validations/airtelValidation.js,8a009ee63c4e279921db721527bfdc6256b438a45db64d35d2589c1686077ffa,8a009ee63c4e279921db721527bfdc6256b438a45db64d35d2589c1686077ffa,8785,8785,446,446
UNCHANGED,backend/validations/mtnValidation.js,fd52df104ddabac9927540de68c2b49398c804e7b6b3e09b438a382c6d5eef43,fd52df104ddabac9927540de68c2b49398c804e7b6b3e09b438a382c6d5eef43,9019,9019,506,506
UNCHANGED,backend/validators/announcementValidator.js,d542bfee9ba5856221f4ef36b7d7a220a36750fee80468279e03b68eade22819,d542bfee9ba5856221f4ef36b7d7a220a36750fee80468279e03b68eade22819,54554,54554,3190,3190
UNCHANGED,backend/validators/chatValidator.js,67725e11c478ff6baa5a5996a1aaeba98d1e7c1aa3c425b0ad6c20b7ec2227a5,67725e11c478ff6baa5a5996a1aaeba98d1e7c1aa3c425b0ad6c20b7ec2227a5,37366,37366,2162,2162
UNCHANGED,backend/validators/referralValidator.js,67ecd2af4cb591fb786d2fca586b93f5c7b36cf815950ef7101bc738991ca36d,67ecd2af4cb591fb786d2fca586b93f5c7b36cf815950ef7101bc738991ca36d,31698,31698,1366,1366
UNCHANGED,backend/validators/systemSettingValidator.js,565454b6bb03e2309f9a7f14ec3cef7a78177746a34a215cf223f549f7a28d19,565454b6bb03e2309f9a7f14ec3cef7a78177746a34a215cf223f549f7a28d19,64613,64613,2948,2948
UNCHANGED,backend/workers/fraudWorker.js,85e2bfa03e4bf061cdb2c064b3ac65268e94946152ff62db000720a1c83cefa2,85e2bfa03e4bf061cdb2c064b3ac65268e94946152ff62db000720a1c83cefa2,301,301,12,12
UNCHANGED,backend/workers/referralRewardWorker.js,be8db101cce3c506989c258f415e8b49675a5cd6b36025995c92d57f9e2dd686,be8db101cce3c506989c258f415e8b49675a5cd6b36025995c92d57f9e2dd686,44982,44982,2284,2284
UNCHANGED,backend/workers/transaction.worker.js,005b9ced1f21a0c862b7f20c3fbab90d33bdaa392af199ff6f99752a0ca7b431,005b9ced1f21a0c862b7f20c3fbab90d33bdaa392af199ff6f99752a0ca7b431,3842,3842,104,104
UNCHANGED,backend/workers/transactionWorker.js,7b811b9d01505d933f27668a376b30fa06415facc9b0bdb1f6579df0f381c1bd,7b811b9d01505d933f27668a376b30fa06415facc9b0bdb1f6579df0f381c1bd,787,787,38,38
UNCHANGED,docker-compose.dev.yml,226ecc2271c4eebec59d1a46d92e7c5ec742c9c6f45cf19ad6f647fe615187c8,226ecc2271c4eebec59d1a46d92e7c5ec742c9c6f45cf19ad6f647fe615187c8,2329,2329,107,107
UNCHANGED,docker-compose.monitoring.yml,ac7e84a9a3e5e51351a91902074739c9e604e9bbead69ae79ff8c3a52327c2f3,ac7e84a9a3e5e51351a91902074739c9e604e9bbead69ae79ff8c3a52327c2f3,1715,1715,76,76
UNCHANGED,docker-compose.staging.yml,687761448388bc0a9d5202d529a982cc217c074e39916fdeaa3293e243d8e1ea,687761448388bc0a9d5202d529a982cc217c074e39916fdeaa3293e243d8e1ea,4295,4295,188,188
UNCHANGED,docker-compose.yml,ad5e8b888120584dc4f208097b012fd9d03ff8a52d875aaf19a8ded5bb9ca0ba,ad5e8b888120584dc4f208097b012fd9d03ff8a52d875aaf19a8ded5bb9ca0ba,1290,1290,65,65
UNCHANGED,docker/backend.Dockerfile,e3b0c44298fc1c149afbf4c8996fb92427ae41e4649b934ca495991b7852b855,e3b0c44298fc1c149afbf4c8996fb92427ae41e4649b934ca495991b7852b855,0,0,0,0
UNCHANGED,docker/docker-compose.dev.yml,e3b0c44298fc1c149afbf4c8996fb92427ae41e4649b934ca495991b7852b855,e3b0c44298fc1c149afbf4c8996fb92427ae41e4649b934ca495991b7852b855,0,0,0,0
UNCHANGED,docker/docker-compose.prod.yml,e3b0c44298fc1c149afbf4c8996fb92427ae41e4649b934ca495991b7852b855,e3b0c44298fc1c149afbf4c8996fb92427ae41e4649b934ca495991b7852b855,0,0,0,0
UNCHANGED,docker/frontend.Dockerfile,e3b0c44298fc1c149afbf4c8996fb92427ae41e4649b934ca495991b7852b855,e3b0c44298fc1c149afbf4c8996fb92427ae41e4649b934ca495991b7852b855,0,0,0,0
UNCHANGED,docs/02-architecture/API_CATALOGUE.md,0ef31dc55d106b0931c478741efef2eb45721ce039177d054be2195e11aebab3,0ef31dc55d106b0931c478741efef2eb45721ce039177d054be2195e11aebab3,55321,55321,3661,3661
UNCHANGED,docs/02-architecture/ARCHITECTURE_MAP.md,9283c364f91cf7e45c1b75bf5a4ed8ce9275c07cb7c5373903e361dd9b5ea959,9283c364f91cf7e45c1b75bf5a4ed8ce9275c07cb7c5373903e361dd9b5ea959,58319,58319,2655,2655
UNCHANGED,docs/02-architecture/DATA_MODEL_CATALOGUE.md,fe4b8386cdd6dc1698f5e0ab5278878c73b3a7006f1efae3c8d443d2cd75d9f4,fe4b8386cdd6dc1698f5e0ab5278878c73b3a7006f1efae3c8d443d2cd75d9f4,61317,61317,3918,3918
UNCHANGED,docs/02-architecture/DEPENDENCY_MAP.md,45f2a92af594122c7d7a10ab927752b3a9c571802e8bf3ecb68a6113736f2abd,45f2a92af594122c7d7a10ab927752b3a9c571802e8bf3ecb68a6113736f2abd,69091,69091,4238,4238
UNCHANGED,docs/02-architecture/EVENT_CATALOGUE.md,50346e745b547c7188fac5435a0cc486784fa19a5807bba11f246deeb5692623,50346e745b547c7188fac5435a0cc486784fa19a5807bba11f246deeb5692623,65086,65086,4292,4292
UNCHANGED,docs/02-architecture/FINANCIAL_LEDGER_SPECIFICATION.md,4b7100d1f8fc67a7040105f5815343c5d112671c1111d9cdcf083e908ef7b62e,4b7100d1f8fc67a7040105f5815343c5d112671c1111d9cdcf083e908ef7b62e,63091,63091,4113,4113
UNCHANGED,docs/02-architecture/MULTI_TENANT_ARCHITECTURE.md,2ba55852963a3da8b709899cca602c3658483b2b92ab467e6e6fc1d13b1a0cf0,2ba55852963a3da8b709899cca602c3658483b2b92ab467e6e6fc1d13b1a0cf0,69237,69237,4339,4339
UNCHANGED,docs/02-architecture/SECURITY_MODEL.md,8537d4d3e220306e27d5b5e3259c50235ea054d0a58956232e7f544ecd3affc8,8537d4d3e220306e27d5b5e3259c50235ea054d0a58956232e7f544ecd3affc8,59510,59510,3395,3395
UNCHANGED,docs/02-architecture/SERVICE_CATALOGUE.md,bc739668a6438f08d4972c59fdf81ab3b14ff5a08c0fd780f44075c28d4f5db1,bc739668a6438f08d4972c59fdf81ab3b14ff5a08c0fd780f44075c28d4f5db1,47355,47355,2153,2153
UNCHANGED,docs/02-architecture/TRANSACTION_STATE_MACHINE.md,756ae41ce9f65db7f49b3ff43fecfb757e511b01264904db192830946f481db3,756ae41ce9f65db7f49b3ff43fecfb757e511b01264904db192830946f481db3,59147,59147,3913,3913
UNCHANGED,docs/04-fintech-core/LOAN_ENGINE.md,6488afec62a4c90f4d5f31734f60848bf3ffd32777d9292565a55e824825865b,6488afec62a4c90f4d5f31734f60848bf3ffd32777d9292565a55e824825865b,436,436,34,34
UNCHANGED,docs/04-fintech-core/WALLET_LEDGER.md,c95a89ff4e0a134622d7bee5610ab264ae44bd164d2854602e373c20bf20efc8,c95a89ff4e0a134622d7bee5610ab264ae44bd164d2854602e373c20bf20efc8,766,766,49,49
UNCHANGED,docs/05-integrations/MTN_MOMO.md,e6613458176af80a3f9d32a411d3b9c0cc7999b634509c5259259b6e87875132,e6613458176af80a3f9d32a411d3b9c0cc7999b634509c5259259b6e87875132,541,541,46,46
UNCHANGED,docs/06-security-compliance/AUDIT_LOG_SYSTEM.md,36e5e4a08676419101c93077a5b72508bc414eeedd389b7a25001403124206dc,36e5e4a08676419101c93077a5b72508bc414eeedd389b7a25001403124206dc,429,429,31,31
UNCHANGED,docs/06-security-compliance/KYC_AML.md,b4893f26fd7361c4a106d5acf5d5b872459491ab56e0288214e53852175cc429,b4893f26fd7361c4a106d5acf5d5b872459491ab56e0288214e53852175cc429,557,557,44,44
UNCHANGED,docs/ACCOUNTING_MODEL.md,12531e093986b25fe5f25d7af9b993c029d6d5e8322e66f8094e16916cd3b738,12531e093986b25fe5f25d7af9b993c029d6d5e8322e66f8094e16916cd3b738,329,329,22,22
UNCHANGED,docs/CHANGESET_FILE_INDEX_2026-09-20.csv,47746ef114a6b72329c27b8ecd4f8c997ded2953743a82fc77a9b272b7796d75,47746ef114a6b72329c27b8ecd4f8c997ded2953743a82fc77a9b272b7796d75,3039,3039,20,20
UNCHANGED,docs/CHANGESET_FILE_INDEX_2026-09-20.md,85ec9e9faed55bdcceb15c33a034c0e46b4c1b2bbdd18231512cd0bf6cdeac32,85ec9e9faed55bdcceb15c33a034c0e46b4c1b2bbdd18231512cd0bf6cdeac32,2997,2997,41,41
UNCHANGED,docs/CONTEST_SUBMISSION_SUMMARY.md,229ac104dcbcdba1dd021b505e33b5f748a100ccecbcaba32d69ca8c6f7e7848,229ac104dcbcdba1dd021b505e33b5f748a100ccecbcaba32d69ca8c6f7e7848,16679,16679,724,724
UNCHANGED,docs/DEPLOYMENT_GUIDE.md,149beedacf973d266d44763adbea7503ee2cdcbc26e0c0e694f510da68b88597,149beedacf973d266d44763adbea7503ee2cdcbc26e0c0e694f510da68b88597,14625,14625,706,706
UNCHANGED,docs/DISASTER_RECOVERY.md,62bc3673ac52b0ce2bbb5e66f0e31ddf34f8bb17ada6ebd578f2f983ea43f21d,62bc3673ac52b0ce2bbb5e66f0e31ddf34f8bb17ada6ebd578f2f983ea43f21d,595,595,30,30
UNCHANGED,docs/DOCUMENTATION_INDEX.md,8a4edaf5e4b815c7fd233f1d7854f62baac20327e541d83041493ff4acc74ad7,8a4edaf5e4b815c7fd233f1d7854f62baac20327e541d83041493ff4acc74ad7,13570,13570,487,487
UNCHANGED,docs/DOCUMENTATION_REORGANIZATION.md,6b3a9471322ad77ccebe4f224de8e3206bcc0067128543decf8759042270adfa,6b3a9471322ad77ccebe4f224de8e3206bcc0067128543decf8759042270adfa,5658,5658,233,233
UNCHANGED,docs/ENTERPRISE_TRANSFORMATION_REPORT_2026-09-20.md,5651af40845340a7a56d0cda6574101a574b4fc61faf5850bb4c3dc8806301bf,5651af40845340a7a56d0cda6574101a574b4fc61faf5850bb4c3dc8806301bf,5953,5953,118,118
UNCHANGED,docs/FINANCIAL_ENGINE.md,b1c357e0abcef709b5f1f1c986699583d4a8029f2d973ddcb035817d11c2878f,b1c357e0abcef709b5f1f1c986699583d4a8029f2d973ddcb035817d11c2878f,499,499,22,22
UNCHANGED,docs/FINTECH_ARCHITECTURE_AUDIT.md,71cb6d72f6eab89a037304bf92f51d19bc04c45118983a8fe725071769704e03,71cb6d72f6eab89a037304bf92f51d19bc04c45118983a8fe725071769704e03,22010,22010,363,363
UNCHANGED,docs/GITHUB_ACTIONS_FIX.md,490593ac06e612d057daae98d58fe2c5d73d9672876936a7cdcb234e6c1a2475,490593ac06e612d057daae98d58fe2c5d73d9672876936a7cdcb234e6c1a2475,7797,7797,310,310
UNCHANGED,docs/GITHUB_ACTIONS_FIX_SUMMARY.md,8f623a96f5bd4e272994628832be83a2c98e97018f1de2f466b58d9d9c2a1fa3,8f623a96f5bd4e272994628832be83a2c98e97018f1de2f466b58d9d9c2a1fa3,2530,2530,96,96
UNCHANGED,docs/GIT_COMMIT_GUIDE.md,7892de92e5593f9c3d1c89047f08dd109e4f21369cf48cb248ef67d44743c628,7892de92e5593f9c3d1c89047f08dd109e4f21369cf48cb248ef67d44743c628,13648,13648,533,533
UNCHANGED,docs/LEGAL_PAGE_IMPLEMENTATION.md,fd369d63480f2a7600464832b3e31b8f3568a595a5f1107c3e8eabd4405b74c1,fd369d63480f2a7600464832b3e31b8f3568a595a5f1107c3e8eabd4405b74c1,12626,12626,439,439
UNCHANGED,docs/LEGAL_PAGE_QUICK_REFERENCE.md,1cbb0b815407447f60779a102c88f1a68e809904edd021bbc1ca862e0831b16d,1cbb0b815407447f60779a102c88f1a68e809904edd021bbc1ca862e0831b16d,7720,7720,327,327
UNCHANGED,docs/PRODUCTION_READINESS_EVIDENCE.md,f12fd94be56a9efaedb9003b04383286785cf03f27193360536d01c005f91191,f12fd94be56a9efaedb9003b04383286785cf03f27193360536d01c005f91191,1972,1972,41,41
UNCHANGED,docs/PRODUCTION_READINESS_PLAN.md,686604df0b7154eccba4e13e6ccf8cde60a88601bbd9f80054220ebc7c53adbc,686604df0b7154eccba4e13e6ccf8cde60a88601bbd9f80054220ebc7c53adbc,2299,2299,82,82
UNCHANGED,docs/PRODUCTION_READINESS_SUMMARY.md,60458a339c4e95b71a0ea5b4bf0de78cdcd89d7d32aa3fefed2ad2a60c903587,60458a339c4e95b71a0ea5b4bf0de78cdcd89d7d32aa3fefed2ad2a60c903587,14590,14590,493,493
UNCHANGED,docs/PRODUCTION_READY_README.md,3c46176a203a039ad49b8a9c3d227b2c6f76281244e0fb5784eb195cf82898a5,3c46176a203a039ad49b8a9c3d227b2c6f76281244e0fb5784eb195cf82898a5,12866,12866,614,614
UNCHANGED,docs/PRODUCTION_VERIFICATION_CHECKLIST.md,c6199da2c33d0cb08cea06b91c5e06ce2871c7d6a684dedd7c884fab840e27a0,c6199da2c33d0cb08cea06b91c5e06ce2871c7d6a684dedd7c884fab840e27a0,12992,12992,495,495
UNCHANGED,docs/RELEASE_NOTES.md,597aa24adbf145be34e5b13e4346610580de12945249bac80a2fb8db4307420e,597aa24adbf145be34e5b13e4346610580de12945249bac80a2fb8db4307420e,9444,9444,395,395
UNCHANGED,docs/REORGANIZATION_SUMMARY.txt,932a76c97bc1c7658163a94bed3c92204a2b12fb4fcd6c1ad5adb2a216fa5b5f,932a76c97bc1c7658163a94bed3c92204a2b12fb4fcd6c1ad5adb2a216fa5b5f,8285,8285,351,351
UNCHANGED,docs/RUNTIME_IMPORT_AUDIT.json,4a7b983b80bac036dfb5dcb262a2219b39e0fb66e29125cdb5f01c54b8f26eef,4a7b983b80bac036dfb5dcb262a2219b39e0fb66e29125cdb5f01c54b8f26eef,53602,53602,1769,1769
UNCHANGED,docs/RUNTIME_IMPORT_AUDIT.md,fe1b1d383735db04deb1eebd4f050cecbd6642816d903e6e7267b17d957a5453,fe1b1d383735db04deb1eebd4f050cecbd6642816d903e6e7267b17d957a5453,731,731,22,22
UNCHANGED,docs/TITECHCHAT_API.md,ae52253dc975b59b37cc027a07c8ba3d94eac3b35b0e6bef8ab5539621de3fef,ae52253dc975b59b37cc027a07c8ba3d94eac3b35b0e6bef8ab5539621de3fef,807,807,28,28
UNCHANGED,docs/TITECHCHAT_ARCHITECTURE.md,18e705d585ae526b3a655ebea7e58fc696bbb162bb2b36b2c19dcd5c9dc826f3,18e705d585ae526b3a655ebea7e58fc696bbb162bb2b36b2c19dcd5c9dc826f3,636,636,27,27
UNCHANGED,docs/TITECHCHAT_DEPLOYMENT_NOTES.md,9c663bc6e0cf8d86ff2deac776611bf157cfb35360968999c3f500483cbfd808,9c663bc6e0cf8d86ff2deac776611bf157cfb35360968999c3f500483cbfd808,631,631,25,25
UNCHANGED,docs/TITECHCHAT_OVERVIEW.md,24194c371595796538772fb3325d04bf97bc34c9faeeaaf9afb28228b264d960,24194c371595796538772fb3325d04bf97bc34c9faeeaaf9afb28228b264d960,779,779,20,20
UNCHANGED,docs/TITECHCHAT_SECURITY.md,345dfbbd2503b99c57ea387267339506440ffc4bfba8cad71c4f7b6b6b3477fd,345dfbbd2503b99c57ea387267339506440ffc4bfba8cad71c4f7b6b6b3477fd,478,478,16,16
UNCHANGED,docs/TITECHCHAT_TESTING.md,9697fc11f788ae8015018138a137f905c628e1ef7153d0e3a1c3a1b6761061f8,9697fc11f788ae8015018138a137f905c628e1ef7153d0e3a1c3a1b6761061f8,480,480,20,20
UNCHANGED,docs/TITECH_PLATFORM_TRUTH.md,5f65eded2f145b6bf575cec0a6191fd7a525f544ce3898c20cf73187e29cd055,5f65eded2f145b6bf575cec0a6191fd7a525f544ce3898c20cf73187e29cd055,53940,53940,1573,1573
UNCHANGED,docs/api/API_CATALOGUE.md,ad0fd99c18628a8131858619a4a78ad1db13adc00abe2c076aa437a7b57dfae3,ad0fd99c18628a8131858619a4a78ad1db13adc00abe2c076aa437a7b57dfae3,75787,75787,3212,3212
UNCHANGED,docs/api/API_DOCUMENTATION.md,77a2f017f92a3d217610b60eb71807985ace97317018c8691c2e39cb50ccaf7e,77a2f017f92a3d217610b60eb71807985ace97317018c8691c2e39cb50ccaf7e,52181,52181,3213,3213
UNCHANGED,docs/api/API_REFERENCE_QUICK_START.md,6f4d61155637c323fea744adcb038aff8c197656bf70a0ec06218d0163592a48,6f4d61155637c323fea744adcb038aff8c197656bf70a0ec06218d0163592a48,30600,30600,1660,1660
UNCHANGED,docs/api/BACKEND_API_SPECIFICATION.md,0f158ea3ed5972933a0c538dfdf772c3aea9291df07a503c015e5288504f5902,0f158ea3ed5972933a0c538dfdf772c3aea9291df07a503c015e5288504f5902,60141,60141,3395,3395
UNCHANGED,docs/api/README.md,73e0f3d603d18581f9498474523dbc6b92df122bbd3586a5c61d0e24a48fcf51,73e0f3d603d18581f9498474523dbc6b92df122bbd3586a5c61d0e24a48fcf51,40665,40665,1998,1998
UNCHANGED,docs/api/authentication.md,62e00dd89890a4a33a657ff558dc77103876f315bfe464adba708d901d23c924,62e00dd89890a4a33a657ff558dc77103876f315bfe464adba708d901d23c924,1101,1101,21,21
UNCHANGED,docs/architecture/CANONICAL_DOMAIN_ARCHITECTURE.md,8c0f14e78709f1bb660e59f2774942cab60d0fea0f58ffa9819116f730a77f3b,8c0f14e78709f1bb660e59f2774942cab60d0fea0f58ffa9819116f730a77f3b,3682,3682,32,32
UNCHANGED,docs/authentication/INDEX.md,f6285b1b4a9320a8dc3ca8460acd3146100c4b8d5ea1893ef2e1e1016db39290,f6285b1b4a9320a8dc3ca8460acd3146100c4b8d5ea1893ef2e1e1016db39290,412,412,12,12
UNCHANGED,docs/authentication/README.md,7e998f51dcd12004f283690320c26af8bbe0680b2c033234505d4e627dc80a11,7e998f51dcd12004f283690320c26af8bbe0680b2c033234505d4e627dc80a11,3063,3063,82,82
UNCHANGED,docs/authentication/authentication-architecture.md,a1bd62e7c50006c05b5e3be60ba759d252979ce556b0705ac8626b279cd989db,a1bd62e7c50006c05b5e3be60ba759d252979ce556b0705ac8626b279cd989db,1831,1831,66,66
UNCHANGED,docs/authentication/authentication-flow.md,e36c7e8763bada4926a7fc73cf83b570a0e80d92d5e7f2ee57611631e79f2bf4,e36c7e8763bada4926a7fc73cf83b570a0e80d92d5e7f2ee57611631e79f2bf4,2011,2011,49,49
UNCHANGED,docs/authentication/forgot-password.md,c78822b4a895b066dbee310b52e2c6b55889a786dd48ce66a619f4c7175d6846,c78822b4a895b066dbee310b52e2c6b55889a786dd48ce66a619f4c7175d6846,837,837,28,28
UNCHANGED,docs/authentication/login.md,579a04a14ea4af2e0b7cce5b1a9c8b70f4ac08e554c582d8b0da6e7d46962ed7,579a04a14ea4af2e0b7cce5b1a9c8b70f4ac08e554c582d8b0da6e7d46962ed7,844,844,28,28
UNCHANGED,docs/authentication/logout.md,a0ba82f252bd99bb166d5711310fea7bf5ddf8715aaf2168c348ea411d71fa51,a0ba82f252bd99bb166d5711310fea7bf5ddf8715aaf2168c348ea411d71fa51,912,912,32,32
UNCHANGED,docs/authentication/password-reset.md,5e2185ce997e27a3c78e24589a1915690d8aed14aae25a12f746fd3d1e3cd3c7,5e2185ce997e27a3c78e24589a1915690d8aed14aae25a12f746fd3d1e3cd3c7,887,887,41,41
UNCHANGED,docs/authentication/registration.md,ee74eaf0c1df9948ccbfaa912a769d2e00d8cb868f58c9bef93f11e052c868df,ee74eaf0c1df9948ccbfaa912a769d2e00d8cb868f58c9bef93f11e052c868df,858,858,23,23
UNCHANGED,docs/authentication/security-controls.md,5d0e11742caa56f46aa0605907fbff58d25f7b8a21b1e55ca6ada33c205d9fe8,5d0e11742caa56f46aa0605907fbff58d25f7b8a21b1e55ca6ada33c205d9fe8,915,915,35,35
UNCHANGED,docs/authentication/session-management.md,a343f5208c826f3bb739f0a9a22ec41056d20b306c525718f1912eec01bdd651,a343f5208c826f3bb739f0a9a22ec41056d20b306c525718f1912eec01bdd651,759,759,28,28
UNCHANGED,docs/ci/CI_ARCHITECTURE.md,5c62f287810a7f0e6b04b28597db67fe60aabcedb90b81ed3a0c396558680cd6,5c62f287810a7f0e6b04b28597db67fe60aabcedb90b81ed3a0c396558680cd6,753,753,7,7
UNCHANGED,docs/ci/LOCAL_CI.md,1247c14f7dabe9d8475760c60ab2c9dfa0f6198622c3653284e66dbe17e12885,1247c14f7dabe9d8475760c60ab2c9dfa0f6198622c3653284e66dbe17e12885,638,638,16,16
UNCHANGED,docs/compliance/REGULATORY_OPERATING_MODEL.md,bb0be797f6c3769c2633452e496e15b9e0087a6fc098733d1325f85a4336da07,bb0be797f6c3769c2633452e496e15b9e0087a6fc098733d1325f85a4336da07,1890,1890,46,46
UNCHANGED,docs/data/DATA_MODEL_CATALOGUE.md,d7a374818d0ead6748f0d59285a008beb0ef4179ab867a6c59c2c305f23aaaac,d7a374818d0ead6748f0d59285a008beb0ef4179ab867a6c59c2c305f23aaaac,48744,48744,3511,3511
UNCHANGED,docs/deployment/BLUE_GREEN_DEPLOYMENT_GUIDE.md,d1ec63aac2c664cf5b731586216aa80430939568406bef6daebfddc98d9626cc,d1ec63aac2c664cf5b731586216aa80430939568406bef6daebfddc98d9626cc,12617,12617,548,548
UNCHANGED,docs/deployment/PRODUCTION_DEPLOYMENT.md,914cb2d2ba26cf4f0ee253ba629545a8ec787989c11cac35ffc6acc3d83ab869,914cb2d2ba26cf4f0ee253ba629545a8ec787989c11cac35ffc6acc3d83ab869,15858,15858,692,692
UNCHANGED,docs/deployment/PRODUCTION_DEPLOYMENT_COMPLETE.md,e982e42e2eb73ac2f4b550c0ef7e0113b5250075bb5171dc5a6660815a2a3534,e982e42e2eb73ac2f4b550c0ef7e0113b5250075bb5171dc5a6660815a2a3534,11258,11258,512,512
UNCHANGED,docs/deployment/PRODUCTION_IMPLEMENTATION_GUIDE.md,7fb49b849d345bb6e1fbabe7369caca56d64a57cd42baa11d374bf420162bc27,7fb49b849d345bb6e1fbabe7369caca56d64a57cd42baa11d374bf420162bc27,14402,14402,630,630
UNCHANGED,docs/deployment/PRODUCTION_READY_IMPLEMENTATION.md,ddadada1bdb599fc0a04fac93b5189af2954a670c17db357cb801ba368cfb441,ddadada1bdb599fc0a04fac93b5189af2954a670c17db357cb801ba368cfb441,17467,17467,640,640
UNCHANGED,docs/deployment/PRODUCTION_READY_STATUS.md,56be90ca2867d114c2482de552c7c852a43abc045f06601e9bac9b931bc9d3fb,56be90ca2867d114c2482de552c7c852a43abc045f06601e9bac9b931bc9d3fb,12199,12199,395,395
UNCHANGED,docs/deployment/PRODUCTION_READY_VERIFICATION.md,097b2528351dbf49fb59bd5231f2e0476a5dcac1594196cb0db312a7965d8ab8,097b2528351dbf49fb59bd5231f2e0476a5dcac1594196cb0db312a7965d8ab8,16742,16742,617,617
UNCHANGED,docs/deployment/STAGING_DEPLOYMENT_GUIDE.md,2a32f6564287162c74ffaa44566fdde4a78347784fb4392985e4001ea0dc60f2,2a32f6564287162c74ffaa44566fdde4a78347784fb4392985e4001ea0dc60f2,8382,8382,419,419
UNCHANGED,docs/disaster-recovery/DR_RUNBOOK.md,f3aa0e2f400678e0b1e13430b671ca47d2d89d6363344192554c56e38881a6a7,f3aa0e2f400678e0b1e13430b671ca47d2d89d6363344192554c56e38881a6a7,1001,1001,36,36
UNCHANGED,docs/disaster-recovery/DR_STRATEGY.md,b5777bfd16171bf3d21fd8aee12dba603761023392299252bab272cae566ed34,b5777bfd16171bf3d21fd8aee12dba603761023392299252bab272cae566ed34,1168,1168,27,27
UNCHANGED,docs/events/EVENT_CATALOGUE.md,6f7a894794fe17460f3d954defe0da1cbb74ed405bc1fe5979582ae0df084811,6f7a894794fe17460f3d954defe0da1cbb74ed405bc1fe5979582ae0df084811,54748,54748,3594,3594
UNCHANGED,docs/finance/FINANCIAL_LEDGER_SPECIFICATION.md,0aca9d8971e6db3bb617550748cbce67eabdd8793c7cecd9472fd0ae3fbea3e0,0aca9d8971e6db3bb617550748cbce67eabdd8793c7cecd9472fd0ae3fbea3e0,53358,53358,3284,3284
UNCHANGED,docs/finance/GOLDEN_MONEY_PATH.md,a6e47d3c0e7631e8dc47c2d0e1cd9bb8f72009cdddd49e88a56ac3e57d73821c,a6e47d3c0e7631e8dc47c2d0e1cd9bb8f72009cdddd49e88a56ac3e57d73821c,50753,50753,3283,3283
UNCHANGED,docs/guides/DEBUG_AND_ERROR_RESOLUTION.md,4ee480c81027b458b6de84aa4a1c68fb45f5eafee1b9b08b15bc3c671d152df7,4ee480c81027b458b6de84aa4a1c68fb45f5eafee1b9b08b15bc3c671d152df7,11254,11254,455,455
UNCHANGED,docs/guides/DEPENDENCY_RESOLUTION_GUIDE.md,5879c032fc6eba145acb93deb4f9e7ffcd8ec07c34afeaf9c612a67bad02bf9e,5879c032fc6eba145acb93deb4f9e7ffcd8ec07c34afeaf9c612a67bad02bf9e,6272,6272,294,294
UNCHANGED,docs/guides/DOCKER_README.md,8248fe7c42b80adbb8d1a63c173dc54e9924dc826b9fdad8cf0943714180b563,8248fe7c42b80adbb8d1a63c173dc54e9924dc826b9fdad8cf0943714180b563,7568,7568,312,312
UNCHANGED,docs/guides/DOCUMENTATION_INDEX_GROUP_CREATION.md,d008eff83e799cde7476a783d7d95debe38c40da9b6bbe52bf4a0fb2cff51559,d008eff83e799cde7476a783d7d95debe38c40da9b6bbe52bf4a0fb2cff51559,16287,16287,525,525
UNCHANGED,docs/guides/ENHANCED_GROUP_CREATION_DOCS.md,f05d14c349a75cff749ce761a8f363eae886240619472af16770cc2c3806a209,f05d14c349a75cff749ce761a8f363eae886240619472af16770cc2c3806a209,13602,13602,532,532
UNCHANGED,docs/guides/GROUP_CREATION_TESTING_GUIDE.md,a2aee5a3da06f54db8c6c21302219e00e68a6a2055b5d37d34643dfa047d6337,a2aee5a3da06f54db8c6c21302219e00e68a6a2055b5d37d34643dfa047d6337,16153,16153,677,677
UNCHANGED,docs/guides/INTEGRATION_GUIDE.md,e241d5413a1e6ad04bf89b070f02c5655391bda2c3c65abb753aeb5cc7b69b1c,e241d5413a1e6ad04bf89b070f02c5655391bda2c3c65abb753aeb5cc7b69b1c,12557,12557,639,639
UNCHANGED,docs/guides/MOBILE_MONEY_INTEGRATION.md,dcf34454e89a6a3898b5fbca4dfa0a0d0c8ab7ff1bd55a031b179c36da779961,dcf34454e89a6a3898b5fbca4dfa0a0d0c8ab7ff1bd55a031b179c36da779961,13622,13622,590,590
UNCHANGED,docs/guides/README-DEV.md,cb14344f8f3b10ba708638049d477ba7ef82b89f1531f6ff2d8575466e3249b6,cb14344f8f3b10ba708638049d477ba7ef82b89f1531f6ff2d8575466e3249b6,4900,4900,188,188
UNCHANGED,docs/guides/README_VITE.md,3c9869396d98aa5a381eeffb1168c5d7ba4348392cc27c6bab1d2f850f5f1bad,3c9869396d98aa5a381eeffb1168c5d7ba4348392cc27c6bab1d2f850f5f1bad,5922,5922,236,236
UNCHANGED,docs/guides/REDIS_CONFIGURATION_GUIDE.md,068dd53a41ee98c7950e8b27bc325985d2967af7e553c33a0590325d4aa68486,068dd53a41ee98c7950e8b27bc325985d2967af7e553c33a0590325d4aa68486,12403,12403,476,476
UNCHANGED,docs/guides/REDIS_QUICK_START.md,bdd8873086eb1c7a97ea95c98b1acbc2d06bd79a564ee0424cdb24d4846b6119,bdd8873086eb1c7a97ea95c98b1acbc2d06bd79a564ee0424cdb24d4846b6119,3870,3870,171,171
UNCHANGED,docs/guides/SECURITY_HARDENING_GUIDE.md,632a7bd023dffd62ea833847c2c406b5f1e3257a0c27a2cc7d108a0326159b57,632a7bd023dffd62ea833847c2c406b5f1e3257a0c27a2cc7d108a0326159b57,16702,16702,589,589
UNCHANGED,docs/guides/VITE_DOCUMENTATION_INDEX.md,de9f12e9481a20b0b7daacd74901fcc03759422b05d8a6c2ff40d700540d6c4e,de9f12e9481a20b0b7daacd74901fcc03759422b05d8a6c2ff40d700540d6c4e,7217,7217,307,307
UNCHANGED,docs/guides/VITE_MIGRATION_CHECKLIST.md,e27b199b72e60298d3d794df39f3b8336a193a7e425590ab5258ff6e012de436,e27b199b72e60298d3d794df39f3b8336a193a7e425590ab5258ff6e012de436,7617,7617,311,311
UNCHANGED,docs/guides/VITE_MIGRATION_GUIDE.md,f3e1034a7e3e396ce515f40789b0c75808bb728211d1b8af04a14a6a4ec386eb,f3e1034a7e3e396ce515f40789b0c75808bb728211d1b8af04a14a6a4ec386eb,6040,6040,214,214
UNCHANGED,docs/guides/VITE_MIGRATION_INDEX.md,f1dc9e9b653205b5628e9c4a88098f26f1d8ab8e5f89a48b0d984e4c4ad5e5c1,f1dc9e9b653205b5628e9c4a88098f26f1d8ab8e5f89a48b0d984e4c4ad5e5c1,10327,10327,345,345
UNCHANGED,docs/guides/VITE_MIGRATION_README.md,3d110974fb3b727bf57d8585b5bd1fca60aef9cc81381de5815476bcb4a717d3,3d110974fb3b727bf57d8585b5bd1fca60aef9cc81381de5815476bcb4a717d3,12543,12543,388,388
UNCHANGED,docs/guides/VITE_SETUP_FIX.md,95b303c8239809bfaffff036478e8e0024518c2f825f357537ddfd274a4ca1b8,95b303c8239809bfaffff036478e8e0024518c2f825f357537ddfd274a4ca1b8,2657,2657,105,105
UNCHANGED,docs/guides/WINDOWS_DEV_SETUP.md,c2d741c36c2d439331b7da1e2875e0844e9338d588dbd84f40ce3710c01944f8,c2d741c36c2d439331b7da1e2875e0844e9338d588dbd84f40ce3710c01944f8,5187,5187,226,226
UNCHANGED,docs/implementation/BEFORE_AFTER_COMPARISON.md,d229008e430c61a6980e381296b72dc31d2fd779606806a6299b0c1a86fca873,d229008e430c61a6980e381296b72dc31d2fd779606806a6299b0c1a86fca873,14846,14846,570,570
UNCHANGED,docs/implementation/COMPLETE_FEATURE_IMPLEMENTATION_GUIDE.md,e83395743c496bd20701bc8a978f10c8972831087e063676496de26813eb4e41,e83395743c496bd20701bc8a978f10c8972831087e063676496de26813eb4e41,17924,17924,786,786
UNCHANGED,docs/implementation/FEATURE_IMPLEMENTATION_PLAN.md,3196748ed0f0881b1e1a4167c46fffa4f3f714859d30ebcb603a1b2d0d8bb8af,3196748ed0f0881b1e1a4167c46fffa4f3f714859d30ebcb603a1b2d0d8bb8af,20251,20251,606,606
UNCHANGED,docs/implementation/GROUP_CREATION_IMPLEMENTATION_COMPLETE.md,2cdb287e3ba256336ea00f42a137b09637a72d80a9d218f2b2155c80b3746462,2cdb287e3ba256336ea00f42a137b09637a72d80a9d218f2b2155c80b3746462,12063,12063,434,434
UNCHANGED,docs/implementation/IMPLEMENTATION_COMPLETE.md,539ce2ff1aa5198e6fe48dbc0ac3bd1a8046f7fcd52c81506fd38c0b6208963f,539ce2ff1aa5198e6fe48dbc0ac3bd1a8046f7fcd52c81506fd38c0b6208963f,12415,12415,390,390
UNCHANGED,docs/implementation/IMPLEMENTATION_COMPLETE_FINAL.md,fc230fd0ff14ce1e5766ca0f3eff32d791138268efb4a716945447030a27158f,fc230fd0ff14ce1e5766ca0f3eff32d791138268efb4a716945447030a27158f,14871,14871,656,656
UNCHANGED,docs/implementation/IMPLEMENTATION_COMPLETE_SUMMARY.md,635fa0efdd6962ea5759167a2cafc929d3aad37749f8510b235dc968015adb58,635fa0efdd6962ea5759167a2cafc929d3aad37749f8510b235dc968015adb58,15939,15939,551,551
UNCHANGED,docs/implementation/IMPLEMENTATION_GUIDE_DETAILED.md,839f9ee71530892a8dab89bdfc5c57f4e2e6274910edf9b433e0f4af6b6a3a44,839f9ee71530892a8dab89bdfc5c57f4e2e6274910edf9b433e0f4af6b6a3a44,20123,20123,683,683
UNCHANGED,docs/implementation/IMPLEMENTATION_INDEX.md,9dd29935fba57fb93b0d50e94a44abcc417102bc78918f3e45c087100103f96c,9dd29935fba57fb93b0d50e94a44abcc417102bc78918f3e45c087100103f96c,15282,15282,488,488
UNCHANGED,docs/implementation/IMPLEMENTATION_PROGRESS_PHASE1.md,7691d8c0fd651a2a9349f233a6926cb4d512955a3888f5b5a3e3fbea28b1c1e8,7691d8c0fd651a2a9349f233a6926cb4d512955a3888f5b5a3e3fbea28b1c1e8,14343,14343,441,441
UNCHANGED,docs/implementation/IMPLEMENTATION_ROADMAP.md,dd561b3580973217ce21124463adb3894a5abea5ab95c1552937baee1317de7d,dd561b3580973217ce21124463adb3894a5abea5ab95c1552937baee1317de7d,12577,12577,536,536
UNCHANGED,docs/implementation/IMPLEMENTATION_SUMMARY.md,1602000385c8638bdc3e778992f7eefc8e7a664df0947eba65f6d97bb3a55ba5,1602000385c8638bdc3e778992f7eefc8e7a664df0947eba65f6d97bb3a55ba5,8417,8417,384,384
UNCHANGED,docs/implementation/IMPLEMENTATION_SUMMARY_COMPLETE.md,3c2bb2872fc2b9cf0f9f248a168056a0fef84e90eff5a1011407e4e3f7a7f96a,3c2bb2872fc2b9cf0f9f248a168056a0fef84e90eff5a1011407e4e3f7a7f96a,12663,12663,484,484
UNCHANGED,docs/implementation/PHASE_1_COMPLETION_SUMMARY.md,c05b84944dd4eed0bab3f51f604f524d32e211e4a6202a679075e7126e489d34,c05b84944dd4eed0bab3f51f604f524d32e211e4a6202a679075e7126e489d34,11100,11100,363,363
UNCHANGED,docs/implementation/PHASE_2_COMPLETION_SUMMARY.md,df963de7a2ed49f13f5247960f1aaa70c71555ad181bcbc54dc7376dbc75e3c0,df963de7a2ed49f13f5247960f1aaa70c71555ad181bcbc54dc7376dbc75e3c0,15291,15291,512,512
UNCHANGED,docs/implementation/REFACTORING_SUMMARY.md,d937f1870b81f2f3adbab5da0154b07700cb47f496231668b366476dbfd18a0d,d937f1870b81f2f3adbab5da0154b07700cb47f496231668b366476dbfd18a0d,9339,9339,338,338
UNCHANGED,docs/implementation/SERVER_REFACTORING_DOCUMENTATION.md,5efb632b612d70a0b267e8b72e9e4aa3cc74a674548ebd083f77240d3938843d,5efb632b612d70a0b267e8b72e9e4aa3cc74a674548ebd083f77240d3938843d,9653,9653,326,326
UNCHANGED,docs/legal/LEGAL_DOCUMENTS_IMPLEMENTATION.md,f050f85cf4040817fda4cbef01de8b1ec6e1e9b01d5af20c29cd8b7d0f1e7e9f,f050f85cf4040817fda4cbef01de8b1ec6e1e9b01d5af20c29cd8b7d0f1e7e9f,16682,16682,645,645
UNCHANGED,docs/legal/LEGAL_DOCUMENTS_QUICK_REFERENCE.md,4f731d44523c6457a63425468c864b0492554d4fe35d00174628ee8629b599b2,4f731d44523c6457a63425468c864b0492554d4fe35d00174628ee8629b599b2,9216,9216,370,370
UNCHANGED,docs/legal/LEGAL_FILES_MANIFEST.md,8376fe9d2be940407264d6d62792944dcd93dec38e5953fe21737edb72b0f744,8376fe9d2be940407264d6d62792944dcd93dec38e5953fe21737edb72b0f744,17059,17059,679,679
UNCHANGED,docs/legal/LEGAL_INTEGRATION_GUIDE.md,f72956e09a925594d5f8d735865632fc34dea3c5b52648bdbdc2c79e23cffe39,f72956e09a925594d5f8d735865632fc34dea3c5b52648bdbdc2c79e23cffe39,13454,13454,543,543
UNCHANGED,docs/legal/TERMS_OF_SERVICE_PRIVACY_SUMMARY.md,1d625f1d554b25d9ea91b9cb4105f7f88aa78aa49d5a1d611b94d69d748cd477,1d625f1d554b25d9ea91b9cb4105f7f88aa78aa49d5a1d611b94d69d748cd477,13848,13848,530,530
UNCHANGED,docs/onboarding/kyc-requirements.md,e3b0c44298fc1c149afbf4c8996fb92427ae41e4649b934ca495991b7852b855,e3b0c44298fc1c149afbf4c8996fb92427ae41e4649b934ca495991b7852b855,0,0,0,0
UNCHANGED,docs/onboarding/pilot-plan.md,e3b0c44298fc1c149afbf4c8996fb92427ae41e4649b934ca495991b7852b855,e3b0c44298fc1c149afbf4c8996fb92427ae41e4649b934ca495991b7852b855,0,0,0,0
UNCHANGED,docs/onboarding/pricing-model.md,e3b0c44298fc1c149afbf4c8996fb92427ae41e4649b934ca495991b7852b855,e3b0c44298fc1c149afbf4c8996fb92427ae41e4649b934ca495991b7852b855,0,0,0,0
UNCHANGED,docs/onboarding/sacco-checklist.md,e3b0c44298fc1c149afbf4c8996fb92427ae41e4649b934ca495991b7852b855,e3b0c44298fc1c149afbf4c8996fb92427ae41e4649b934ca495991b7852b855,0,0,0,0
UNCHANGED,docs/operations/authentication-runbook.md,478cefd01b23c3cf0840f6e352b9842cc7341873b230d6be5b1d9e760882579d,478cefd01b23c3cf0840f6e352b9842cc7341873b230d6be5b1d9e760882579d,1105,1105,30,30
UNCHANGED,docs/other/CODE_REVIEW_AND_IMPROVEMENTS.md,aff7910410959346ef9e07a1eba978df4b4995c7b5659e76adbb7ecd4f3c7e91,aff7910410959346ef9e07a1eba978df4b4995c7b5659e76adbb7ecd4f3c7e91,13399,13399,480,480
UNCHANGED,docs/other/DELIVERABLES.md,e862b553aa84c3d9ddfcea3a2eaae0ccec57a353469d24fa5e14d4e70d780bb8,e862b553aa84c3d9ddfcea3a2eaae0ccec57a353469d24fa5e14d4e70d780bb8,10737,10737,419,419
UNCHANGED,docs/other/DOCUMENTATION_INDEX.md,85a35615d9b37c9ce86022bf02ba6dd4248b546e84d5951ecdf610d06ebc1824,85a35615d9b37c9ce86022bf02ba6dd4248b546e84d5951ecdf610d06ebc1824,14210,14210,415,415
UNCHANGED,docs/other/ENTERPRISE_UPGRADES.md,bba8d87a8a181605048f6c7b3fb6600aa3d4187276e66616e9b9a91831db817b,bba8d87a8a181605048f6c7b3fb6600aa3d4187276e66616e9b9a91831db817b,2103,2103,50,50
UNCHANGED,docs/other/HELP_CENTER_FORUM_IMPLEMENTATION.md,a204a05fea36bbc013bb8d12619a9b50b04287b7bc891aaa990316903a517b0d,a204a05fea36bbc013bb8d12619a9b50b04287b7bc891aaa990316903a517b0d,15176,15176,841,841
UNCHANGED,docs/other/VERIFICATION_CHECKLIST.md,b0f04faf32a305247e8f7ad0ff1c58ffd0c2f3c59393a6ed2aa5371f8f3d6c0f,b0f04faf32a305247e8f7ad0ff1c58ffd0c2f3c59393a6ed2aa5371f8f3d6c0f,9425,9425,375,375
UNCHANGED,docs/payments/MTN_UGANDA_REFERENCE_RAIL.md,fe595295ceff4134688fb8ddf30ca3a93c55547de6189e3b2ee3168838a7583c,fe595295ceff4134688fb8ddf30ca3a93c55547de6189e3b2ee3168838a7583c,933,933,19,19
UNCHANGED,docs/payments/PAYMENT_PROVIDER_ARCHITECTURE.md,4c78743e236d659347e2f436bed654e8fdd58476e319303f0913fa2062183952,4c78743e236d659347e2f436bed654e8fdd58476e319303f0913fa2062183952,881,881,26,26
UNCHANGED,docs/pilots/PILOT_METRICS.md,01bc8fc6177bebc4575901584ad4dca4d1fbe39fef4248b07daf2111c419b7c7,01bc8fc6177bebc4575901584ad4dca4d1fbe39fef4248b07daf2111c419b7c7,962,962,22,22
UNCHANGED,docs/pilots/PILOT_READINESS.md,29becffd529d428a9ad1cfed439200681abfc8d8c78c56b2fc8d8bb4ad474ced,29becffd529d428a9ad1cfed439200681abfc8d8c78c56b2fc8d8bb4ad474ced,1261,1261,54,54
UNCHANGED,docs/playbooks/fintech-system-playbook.md,ebed8deb334357e1fde2dea115e99557bbfce1ae31388acefa6fbe8f78a17ed5,ebed8deb334357e1fde2dea115e99557bbfce1ae31388acefa6fbe8f78a17ed5,444,444,20,20
UNCHANGED,docs/playbooks/prompt-library/fraud.prompt.md,66673324f577dcd142427fec35cf03df40fb66f5f96b248ab2545a8bb4a95818,66673324f577dcd142427fec35cf03df40fb66f5f96b248ab2545a8bb4a95818,1724,1724,65,65
UNCHANGED,docs/quickstarts/GROUP_CREATION_QUICK_START.md,0eaed0f5e155c145a4b8268811ca2d673fbb21d5bf224de77ed918318bae29fd,0eaed0f5e155c145a4b8268811ca2d673fbb21d5bf224de77ed918318bae29fd,10184,10184,416,416
UNCHANGED,docs/quickstarts/QUICKSTART.md,09f768ce851f7395df9f160fe414494bb9e1d5422803766b894323957f8a03a4,09f768ce851f7395df9f160fe414494bb9e1d5422803766b894323957f8a03a4,9417,9417,411,411
UNCHANGED,docs/quickstarts/QUICK_REFERENCE.md,0610ce5d3f89209d842e8c15e7d8f2c96158519f8fccd8086abe00c762a25b97,0610ce5d3f89209d842e8c15e7d8f2c96158519f8fccd8086abe00c762a25b97,12435,12435,570,570
UNCHANGED,docs/quickstarts/QUICK_REFERENCE_SERVER_CONFIG.md,1fdced92aa5775f0af8c3f1339aa79aa9586bc4deefc34c7ffe7b6c75c6e980d,1fdced92aa5775f0af8c3f1339aa79aa9586bc4deefc34c7ffe7b6c75c6e980d,5321,5321,241,241
UNCHANGED,docs/quickstarts/QUICK_START.md,e6bc17f24fe8d83534728d615316649ae0b9d851ea2aa411369c66711443a76e,e6bc17f24fe8d83534728d615316649ae0b9d851ea2aa411369c66711443a76e,12012,12012,579,579
UNCHANGED,docs/quickstarts/QUICK_START_PRODUCTION_READY.md,fe8eeca8d1ad7fc02a213df3b8739aafca717e850bcdf262c32f7fae322a2a22,fe8eeca8d1ad7fc02a213df3b8739aafca717e850bcdf262c32f7fae322a2a22,10814,10814,514,514
UNCHANGED,docs/quickstarts/QUICK_START_VITE.md,b193eaf39a6f91fe0b7477bee5df900da690c9547308af41a91b71819d19cc52,b193eaf39a6f91fe0b7477bee5df900da690c9547308af41a91b71819d19cc52,4378,4378,218,218
UNCHANGED,docs/quickstarts/README_PRODUCTION_READY.md,dbd5a98a3451865e8ad8f180e1bd0270f50e01fe602a3b7cf0235ee019fb0a87,dbd5a98a3451865e8ad8f180e1bd0270f50e01fe602a3b7cf0235ee019fb0a87,14855,14855,573,573
UNCHANGED,docs/quickstarts/START_HERE.md,5e6cfdc94c8cccf53ec037478ddba0f0b80b89d93d76cbd9768e5ddd1b0df6c4,5e6cfdc94c8cccf53ec037478ddba0f0b80b89d93d76cbd9768e5ddd1b0df6c4,4434,4434,213,213
UNCHANGED,docs/quickstarts/VITE_QUICK_REFERENCE.md,c42bc6b7f01299d7d50594cea24bd4220321802445561f05c4143189dcdcbac1,c42bc6b7f01299d7d50594cea24bd4220321802445561f05c4143189dcdcbac1,2892,2892,132,132
UNCHANGED,docs/retry/adapters.md,562bfeed34abb1c22b8df7d6211818c3bb146e0494636ca8836c15eb842c0412,562bfeed34abb1c22b8df7d6211818c3bb146e0494636ca8836c15eb842c0412,490,490,37,37
UNCHANGED,docs/retry/architecture.md,a9e287839a0eb3ba59b6ff4014f5ae806d1feb55075ad3f7d33015147717de1d,a9e287839a0eb3ba59b6ff4014f5ae806d1feb55075ad3f7d33015147717de1d,1217,1217,116,116
UNCHANGED,docs/retry/chaos-testing.md,f0ea06172adfd3d057a78d288e0cf03be25eab6d5bd2cf262b50753f1dbac121,f0ea06172adfd3d057a78d288e0cf03be25eab6d5bd2cf262b50753f1dbac121,336,336,40,40
UNCHANGED,docs/retry/configuration.md,3f9758253236b87245b0f662a4803dd8b2c09a59df7e1d419f59563cd69d332d,3f9758253236b87245b0f662a4803dd8b2c09a59df7e1d419f59563cd69d332d,1198,1198,137,137
UNCHANGED,docs/retry/dashboards.md,86d093b35f40c342abd78438475de6b045ff237c471fbe3fdb42bda77b4dd323,86d093b35f40c342abd78438475de6b045ff237c471fbe3fdb42bda77b4dd323,344,344,37,37
UNCHANGED,docs/retry/developer-guide.md,60928065c390ffe9c99512aa95bb57ec556c9379a1e3944532631e44ec1da2c0,60928065c390ffe9c99512aa95bb57ec556c9379a1e3944532631e44ec1da2c0,452,452,47,47
UNCHANGED,docs/retry/incident-response.md,d2cb3dc48be171d54a6c910ec4525fe867b74f20d1e35c1926c1b5469248a9dc,d2cb3dc48be171d54a6c910ec4525fe867b74f20d1e35c1926c1b5469248a9dc,347,347,37,37
UNCHANGED,docs/retry/metrics.md,effe10c643f6aba75ff4220a393cb1b80075b581c72ef24e0e2b9deafa705145,effe10c643f6aba75ff4220a393cb1b80075b581c72ef24e0e2b9deafa705145,373,373,43,43
UNCHANGED,docs/retry/policies.md,e3b0c44298fc1c149afbf4c8996fb92427ae41e4649b934ca495991b7852b855,e3b0c44298fc1c149afbf4c8996fb92427ae41e4649b934ca495991b7852b855,0,0,0,0
UNCHANGED,docs/retry/production-deployment.md,3bb9c1b1f8df6500cf394c979f54a825e8d785ecbd859c09851cc08fccc707ac,3bb9c1b1f8df6500cf394c979f54a825e8d785ecbd859c09851cc08fccc707ac,511,511,60,60
UNCHANGED,docs/retry/troubleshooting.md,aa65ddd9bf72e4d4e5d2e555e71e4e258d89f73f989233fa484ee50b37f48389,aa65ddd9bf72e4d4e5d2e555e71e4e258d89f73f989233fa484ee50b37f48389,484,484,51,51
UNCHANGED,docs/security/PAYMENT_CALLBACK_SECURITY.md,3a948282781d57904c97c0048534ccc1fc268febaa925b93677e624f768bce1f,3a948282781d57904c97c0048534ccc1fc268febaa925b93677e624f768bce1f,51888,51888,2887,2887
UNCHANGED,docs/security/PENETRATION_TEST_PLAN.md,4c10c05a2e4080dbb9e2ea12545f50cab3baf512017d1e5e074b374eac56349c,4c10c05a2e4080dbb9e2ea12545f50cab3baf512017d1e5e074b374eac56349c,1339,1339,55,55
UNCHANGED,docs/security/SECURITY_SCANNING.md,7090bf5d5e7676df0f7d7fe0f6b54ca29153b4574143f818e580f45fdea9279e,7090bf5d5e7676df0f7d7fe0f6b54ca29153b4574143f818e580f45fdea9279e,491,491,5,5
UNCHANGED,docs/security/THREAT_MODEL.md,1cbb5e04afa8f9dcdc0bc5947f749aa52b59c4eaf998dabeed6d2d20e47ece03,1cbb5e04afa8f9dcdc0bc5947f749aa52b59c4eaf998dabeed6d2d20e47ece03,1614,1614,52,52
UNCHANGED,docs/summaries/COMPONENTS_SUMMARY.md,fd60e4aadae2969933aadd43d71f1183e9259431224c419626298f5ad7dc1ece,fd60e4aadae2969933aadd43d71f1183e9259431224c419626298f5ad7dc1ece,14701,14701,648,648
UNCHANGED,docs/summaries/COMPREHENSIVE_IMPLEMENTATION_SUMMARY.md,247278103caa426a5f593836499ae00e8884029a887221b437077202c4c7d648,247278103caa426a5f593836499ae00e8884029a887221b437077202c4c7d648,21721,21721,739,739
UNCHANGED,docs/summaries/DELIVERY_SUMMARY.md,8582ec256afe2d97cdea54f1f1b14d0a66dff36d7c112f233ca8ee6aa26d37c6,8582ec256afe2d97cdea54f1f1b14d0a66dff36d7c112f233ca8ee6aa26d37c6,12164,12164,399,399
UNCHANGED,docs/summaries/FEATURES_COMPLETE_SUMMARY.md,d0d9a26288b2f826bdcc8fe10bc1a51ecc18b56682b0df0f41152837e00e7f16,d0d9a26288b2f826bdcc8fe10bc1a51ecc18b56682b0df0f41152837e00e7f16,15344,15344,525,525
UNCHANGED,docs/summaries/FINAL_DELIVERY_SUMMARY.md,aeb89f303853ed1896ba88e13ff4a70864531d6bcff2e3ebfd58377684df04da,aeb89f303853ed1896ba88e13ff4a70864531d6bcff2e3ebfd58377684df04da,21021,21021,753,753
UNCHANGED,docs/summaries/FINAL_IMPLEMENTATION_SUMMARY.md,71b6fc88437c3294eeb9dd753ab4ec3fb2cb05c1d0bd784a56833c986e401e50,71b6fc88437c3294eeb9dd753ab4ec3fb2cb05c1d0bd784a56833c986e401e50,12695,12695,561,561
UNCHANGED,docs/summaries/PROJECT_DELIVERY_MANIFEST.md,70e60db2d000e38fe9542bad8eaa79924c68469d7f7be194d364ac4b4e2e40e1,70e60db2d000e38fe9542bad8eaa79924c68469d7f7be194d364ac4b4e2e40e1,14031,14031,511,511
UNCHANGED,docs/summaries/SESSION_COMPLETION_SUMMARY.md,529eaf353d72060c01eafa57ea48e3f4464b8b5486b3253f50d2dc30a0bfd251,529eaf353d72060c01eafa57ea48e3f4464b8b5486b3253f50d2dc30a0bfd251,16563,16563,613,613
UNCHANGED,docs/summaries/VITE_MIGRATION_AT_A_GLANCE.md,c1a33ea4f90bb19913edb60c7fb879742f47bc5f837eeead8f7e04c05ab2284b,c1a33ea4f90bb19913edb60c7fb879742f47bc5f837eeead8f7e04c05ab2284b,10518,10518,346,346
UNCHANGED,docs/summaries/VITE_MIGRATION_COMPLETE.md,ae9a26a26ecd9f9c6921112519a658611763d6cb9991ec4a3fc7de756a1a12d9,ae9a26a26ecd9f9c6921112519a658611763d6cb9991ec4a3fc7de756a1a12d9,8062,8062,330,330
UNCHANGED,docs/summaries/VITE_MIGRATION_COMPLETE_FINAL.md,683318b5e4f4225cbfd9f0dc2be18deedc2cc62b4f5177b05754e2cc30d521f9,683318b5e4f4225cbfd9f0dc2be18deedc2cc62b4f5177b05754e2cc30d521f9,9447,9447,361,361
UNCHANGED,docs/summaries/VITE_MIGRATION_FINAL_COMPLETE.md,20914359691ff4ec7d1cd784349fa49465a87d1c94cdb345d4069f480e04037e,20914359691ff4ec7d1cd784349fa49465a87d1c94cdb345d4069f480e04037e,4208,4208,149,149
UNCHANGED,docs/summaries/VITE_MIGRATION_FINAL_SUMMARY.md,3fc9277bd1e1a407a2e9811e8ffa90ae74e9790c0d7747f21e8782bd9db64755,3fc9277bd1e1a407a2e9811e8ffa90ae74e9790c0d7747f21e8782bd9db64755,12011,12011,431,431
UNCHANGED,docs/summaries/VITE_MIGRATION_SUMMARY.md,49a3188b65141e8f2e3b9eb3cd8cddbcab3c5e8707fff47ff314d091aea11266,49a3188b65141e8f2e3b9eb3cd8cddbcab3c5e8707fff47ff314d091aea11266,12330,12330,445,445
UNCHANGED,docs/summaries/WORK_COMPLETION_SUMMARY.md,e97979dbae67091a1a6e57b4a3a55e00e6accb425fb07a780b1614bd055a2b9c,e97979dbae67091a1a6e57b4a3a55e00e6accb425fb07a780b1614bd055a2b9c,17315,17315,449,449
UNCHANGED,docs/testing/TEST_ARCHITECTURE.md,c43d115673aab9f7bede2ecf60143f59276be0779878918bf819a14ce215a957,c43d115673aab9f7bede2ecf60143f59276be0779878918bf819a14ce215a957,614,614,5,5
UNCHANGED,docs/testing/authentication-testing.md,ba7d4ceb90ed47dbfe28c6a65019e93a76abf2f81c7de20fc611a03ea8a60c96,ba7d4ceb90ed47dbfe28c6a65019e93a76abf2f81c7de20fc611a03ea8a60c96,967,967,53,53
UNCHANGED,docs/transactions/TRANSACTION_STATE_MACHINE_SPECIFICATION.md,3382af80f1193f82056fad1b491e67543672709a8abc36cebed2616e81133a57,3382af80f1193f82056fad1b491e67543672709a8abc36cebed2616e81133a57,51965,51965,3126,3126
UNCHANGED,eslint.config.js,d9f9b43201eddcee1dd1d73278d0281e3404fa6997beba12a65a98d7c76f7989,d9f9b43201eddcee1dd1d73278d0281e3404fa6997beba12a65a98d7c76f7989,3235,3235,114,114
UNCHANGED,frontend/.eslintrc.js,9b48600e0fc3f1c96d94132a73a32249e21885332b1776f27d777e56d9f84fb1,9b48600e0fc3f1c96d94132a73a32249e21885332b1776f27d777e56d9f84fb1,3455,3455,119,119
UNCHANGED,frontend/.gitignore,fb7cef0289a601e0bc1349fab9f778a8c696b90ef55899a9785061b47761ea73,fb7cef0289a601e0bc1349fab9f778a8c696b90ef55899a9785061b47761ea73,806,806,57,57
UNCHANGED,frontend/Dockerfile,46d3d72b00a5f569deff0fa3596b8c09d35d1b5ad18f0e037383e5030aed1668,46d3d72b00a5f569deff0fa3596b8c09d35d1b5ad18f0e037383e5030aed1668,818,818,29,29
UNCHANGED,frontend/eslint.config.js,0df2562d749808f0915ab5d803dc52a476227ce26d2c34a7b121b52fed02c1d9,0df2562d749808f0915ab5d803dc52a476227ce26d2c34a7b121b52fed02c1d9,631,631,40,40
UNCHANGED,frontend/index.html,d827047416dc9759938a912169b047704a97008d3de37144589460524612144d,d827047416dc9759938a912169b047704a97008d3de37144589460524612144d,5951,5951,212,212
UNCHANGED,frontend/nginx.conf,cfcb8eeec488bff52eb0bc9936a1c1b79713771b9b2cb9ebe36b566a3dbe06ed,cfcb8eeec488bff52eb0bc9936a1c1b79713771b9b2cb9ebe36b566a3dbe06ed,791,791,30,30
UNCHANGED,frontend/package-lock.json,48a59a556dbc44d9cd3c81a6f600c386d099c3e5dccf4fd0c76fec577b927956,48a59a556dbc44d9cd3c81a6f600c386d099c3e5dccf4fd0c76fec577b927956,333688,333688,8092,8092
UNCHANGED,frontend/package.json,9de912b6f9a1147da400f3032d02beee6757b55d3e45fe2da31df6c21e5b6884,9de912b6f9a1147da400f3032d02beee6757b55d3e45fe2da31df6c21e5b6884,3085,3085,90,90
UNCHANGED,frontend/public/images/Designer.png,b7d9cc196e05033993a71789dc4e50a2c2f0806d5c01dcd977a09b5559ebbeb7,b7d9cc196e05033993a71789dc4e50a2c2f0806d5c01dcd977a09b5559ebbeb7,2503409,2503409,8639,8639
UNCHANGED,frontend/public/images/Designera.png,315578e30f1921d255f5f83a46bb285872db89f375ad710828f537bf6656a364,315578e30f1921d255f5f83a46bb285872db89f375ad710828f537bf6656a364,488898,488898,1660,1660
UNCHANGED,frontend/public/images/favicon.ico.png,b7d9cc196e05033993a71789dc4e50a2c2f0806d5c01dcd977a09b5559ebbeb7,b7d9cc196e05033993a71789dc4e50a2c2f0806d5c01dcd977a09b5559ebbeb7,2503409,2503409,8639,8639
UNCHANGED,frontend/public/images/independent Circular Seal.png,dad4787284cfeff72eb1a3295c1c5ca7aba820c2e6575e45153fe1a8879f2826,dad4787284cfeff72eb1a3295c1c5ca7aba820c2e6575e45153fe1a8879f2826,1078632,1078632,1637,1637
UNCHANGED,frontend/public/sw.js,ba5fe32664dc0732bd28452bfc70d500462c1beca4e224bf65283d885ff4e42b,ba5fe32664dc0732bd28452bfc70d500462c1beca4e224bf65283d885ff4e42b,41685,41685,1915,1915
UNCHANGED,frontend/src/App.jsx,ec6f27325c5f73e301e007ce01a6f7786ba6e7a54a888a936d3fa44b1b27505a,ec6f27325c5f73e301e007ce01a6f7786ba6e7a54a888a936d3fa44b1b27505a,18745,18745,804,804
UNCHANGED,frontend/src/__tests__/chat/ConversationDetail.test.js,45138ca65988e29b5a9aee425a5cc162e48c6c01dab391d4bb47cf30a96c79c7,45138ca65988e29b5a9aee425a5cc162e48c6c01dab391d4bb47cf30a96c79c7,574,574,18,18
UNCHANGED,frontend/src/__tests__/chat/ConversationList.test.js,fb8276f2c57c82ab3bedf4835c73864e2af70d67013f05d72b81b09d79aee7ac,fb8276f2c57c82ab3bedf4835c73864e2af70d67013f05d72b81b09d79aee7ac,900,900,30,30
UNCHANGED,frontend/src/__tests__/chat/MessagePanel.test.js,a5ed954f249d4b2775a9220c6fc36f005d22a02199a823c8bffe6d79e3ecbf84,a5ed954f249d4b2775a9220c6fc36f005d22a02199a823c8bffe6d79e3ecbf84,355,355,9,9
UNCHANGED,frontend/src/__tests__/chat/chatApi.test.js,aa4be2fc7a6d25b854eeb65399ab8c1074947877c1acd967c1768ada6cface12,aa4be2fc7a6d25b854eeb65399ab8c1074947877c1acd967c1768ada6cface12,531,531,17,17
UNCHANGED,frontend/src/__tests__/chat/chatSlice.test.js,11cf0708224ce100df263e79bf21aea0f2f2d423000ec3267a38046b8359c44b,11cf0708224ce100df263e79bf21aea0f2f2d423000ec3267a38046b8359c44b,388,388,9,9
UNCHANGED,frontend/src/app/providers.jsx,019138e89f43bfbdd36c2365d0a61a8eaf51880395a28d640ffb67702c22b431,019138e89f43bfbdd36c2365d0a61a8eaf51880395a28d640ffb67702c22b431,14075,14075,587,587
UNCHANGED,frontend/src/app/store.js,98a1bbf1e10cb296f1c2a50fc4d70bbdb62109dd79346b08feb6c4d77a456149,98a1bbf1e10cb296f1c2a50fc4d70bbdb62109dd79346b08feb6c4d77a456149,11439,11439,569,569
UNCHANGED,frontend/src/charts/AreaChartCard.jsx,663f5e4d017a0a80898bb386ddc6e9ed457956b01fef33dbf2b4bdf5fecceaaf,663f5e4d017a0a80898bb386ddc6e9ed457956b01fef33dbf2b4bdf5fecceaaf,7951,7951,458,458
UNCHANGED,frontend/src/charts/BarChartCard.jsx,af67c0fc4bced221d07bb9c332fbfc727733d4053a6f1558066fffa798a0653a,af67c0fc4bced221d07bb9c332fbfc727733d4053a6f1558066fffa798a0653a,8594,8594,478,478
UNCHANGED,frontend/src/charts/CashFlowChart.jsx,e3b0c44298fc1c149afbf4c8996fb92427ae41e4649b934ca495991b7852b855,e3b0c44298fc1c149afbf4c8996fb92427ae41e4649b934ca495991b7852b855,0,0,0,0
UNCHANGED,frontend/src/charts/ChartCard.jsx,840411d2adfddee8cf7d011d78fb8628a1c13cacc62da4d3dd9c923fcfc8a75f,840411d2adfddee8cf7d011d78fb8628a1c13cacc62da4d3dd9c923fcfc8a75f,8783,8783,482,482
UNCHANGED,frontend/src/charts/ChartContainer.jsx,e3b0c44298fc1c149afbf4c8996fb92427ae41e4649b934ca495991b7852b855,e3b0c44298fc1c149afbf4c8996fb92427ae41e4649b934ca495991b7852b855,0,0,0,0
UNCHANGED,frontend/src/charts/ChartExportButton.jsx,e3b0c44298fc1c149afbf4c8996fb92427ae41e4649b934ca495991b7852b855,e3b0c44298fc1c149afbf4c8996fb92427ae41e4649b934ca495991b7852b855,0,0,0,0
UNCHANGED,frontend/src/charts/ChartFilters.jsx,e3b0c44298fc1c149afbf4c8996fb92427ae41e4649b934ca495991b7852b855,e3b0c44298fc1c149afbf4c8996fb92427ae41e4649b934ca495991b7852b855,0,0,0,0
UNCHANGED,frontend/src/charts/ChartLegend.jsx,e3b0c44298fc1c149afbf4c8996fb92427ae41e4649b934ca495991b7852b855,e3b0c44298fc1c149afbf4c8996fb92427ae41e4649b934ca495991b7852b855,0,0,0,0
UNCHANGED,frontend/src/charts/ChartLoadingSkeleton.jsx,e3b0c44298fc1c149afbf4c8996fb92427ae41e4649b934ca495991b7852b855,e3b0c44298fc1c149afbf4c8996fb92427ae41e4649b934ca495991b7852b855,0,0,0,0
UNCHANGED,frontend/src/charts/ChartTooltip.jsx,e3b0c44298fc1c149afbf4c8996fb92427ae41e4649b934ca495991b7852b855,e3b0c44298fc1c149afbf4c8996fb92427ae41e4649b934ca495991b7852b855,0,0,0,0
UNCHANGED,frontend/src/charts/CollectionPerformanceChart.jsx,e3b0c44298fc1c149afbf4c8996fb92427ae41e4649b934ca495991b7852b855,e3b0c44298fc1c149afbf4c8996fb92427ae41e4649b934ca495991b7852b855,0,0,0,0
UNCHANGED,frontend/src/charts/DonutChartCard.jsx,e3b0c44298fc1c149afbf4c8996fb92427ae41e4649b934ca495991b7852b855,e3b0c44298fc1c149afbf4c8996fb92427ae41e4649b934ca495991b7852b855,0,0,0,0
UNCHANGED,frontend/src/charts/ExecutiveKPIChart.jsx,e3b0c44298fc1c149afbf4c8996fb92427ae41e4649b934ca495991b7852b855,e3b0c44298fc1c149afbf4c8996fb92427ae41e4649b934ca495991b7852b855,0,0,0,0
UNCHANGED,frontend/src/charts/FinancialTrendChart.jsx,e3b0c44298fc1c149afbf4c8996fb92427ae41e4649b934ca495991b7852b855,e3b0c44298fc1c149afbf4c8996fb92427ae41e4649b934ca495991b7852b855,0,0,0,0
UNCHANGED,frontend/src/charts/FraudAnalyticsChart.jsx,e3b0c44298fc1c149afbf4c8996fb92427ae41e4649b934ca495991b7852b855,e3b0c44298fc1c149afbf4c8996fb92427ae41e4649b934ca495991b7852b855,0,0,0,0
UNCHANGED,frontend/src/charts/LineChartCard.jsx,4cdfdddecf07488b30aeddf95a713961c76fcb5e534fd06ebec487f3f0439ccf,4cdfdddecf07488b30aeddf95a713961c76fcb5e534fd06ebec487f3f0439ccf,7664,7664,448,448
UNCHANGED,frontend/src/charts/LoanPortfolioChart.jsx,e3b0c44298fc1c149afbf4c8996fb92427ae41e4649b934ca495991b7852b855,e3b0c44298fc1c149afbf4c8996fb92427ae41e4649b934ca495991b7852b855,0,0,0,0
UNCHANGED,frontend/src/charts/MemberGrowthChart.jsx,e3b0c44298fc1c149afbf4c8996fb92427ae41e4649b934ca495991b7852b855,e3b0c44298fc1c149afbf4c8996fb92427ae41e4649b934ca495991b7852b855,0,0,0,0
UNCHANGED,frontend/src/charts/MultiSeriesChart.jsx,e3b0c44298fc1c149afbf4c8996fb92427ae41e4649b934ca495991b7852b855,e3b0c44298fc1c149afbf4c8996fb92427ae41e4649b934ca495991b7852b855,0,0,0,0
UNCHANGED,frontend/src/charts/PieChartCard.jsx,225bb09ad7ea7be7fb71863970520c3a22f2d97e53333106e692dcd1b810c40c,225bb09ad7ea7be7fb71863970520c3a22f2d97e53333106e692dcd1b810c40c,8328,8328,479,479
UNCHANGED,frontend/src/charts/PortfolioAtRiskChart.jsx,e3b0c44298fc1c149afbf4c8996fb92427ae41e4649b934ca495991b7852b855,e3b0c44298fc1c149afbf4c8996fb92427ae41e4649b934ca495991b7852b855,0,0,0,0
UNCHANGED,frontend/src/charts/RevenueChart.jsx,e3b0c44298fc1c149afbf4c8996fb92427ae41e4649b934ca495991b7852b855,e3b0c44298fc1c149afbf4c8996fb92427ae41e4649b934ca495991b7852b855,0,0,0,0
UNCHANGED,frontend/src/charts/SavingsGrowthChart.jsx,e3b0c44298fc1c149afbf4c8996fb92427ae41e4649b934ca495991b7852b855,e3b0c44298fc1c149afbf4c8996fb92427ae41e4649b934ca495991b7852b855,0,0,0,0
UNCHANGED,frontend/src/charts/StackedBarChart.jsx,e3b0c44298fc1c149afbf4c8996fb92427ae41e4649b934ca495991b7852b855,e3b0c44298fc1c149afbf4c8996fb92427ae41e4649b934ca495991b7852b855,0,0,0,0
UNCHANGED,frontend/src/charts/index.js,37cce9ef3808f2b146c7f1c52a1304687c265ff84729694dc7188333e1f00bab,37cce9ef3808f2b146c7f1c52a1304687c265ff84729694dc7188333e1f00bab,3362,3362,126,126
UNCHANGED,frontend/src/components/AdminRoute.jsx,bf715daa3527ddc5afe6430fe7e6c026095c78bd0633a947b49512f1a57730b1,bf715daa3527ddc5afe6430fe7e6c026095c78bd0633a947b49512f1a57730b1,45186,45186,2335,2335
UNCHANGED,frontend/src/components/ChartCard.css,165b16b390ce5833b2b9b3853fd222d172037d4ecdd224d1ebed9bae67cb92b3,165b16b390ce5833b2b9b3853fd222d172037d4ecdd224d1ebed9bae67cb92b3,29814,29814,1884,1884
UNCHANGED,frontend/src/components/ChartCard.jsx,7ec846c833c9aad89a9ab6d9c72001a40526e7f0b61ab2b7b70b58cab8783227,7ec846c833c9aad89a9ab6d9c72001a40526e7f0b61ab2b7b70b58cab8783227,44459,44459,2193,2193
UNCHANGED,frontend/src/components/DashboardSkeleton.css,fed78e36ffc806f9c1c18e230aa21a3601a64aaa509f91a5586da66e5a53b66c,fed78e36ffc806f9c1c18e230aa21a3601a64aaa509f91a5586da66e5a53b66c,32254,32254,1935,1935
UNCHANGED,frontend/src/components/DashboardSkeleton.jsx,c2ee63da3725a4ce2f0f19f89ff046a77635f30c9b1ba0e7e3d9daec61bf84c5,c2ee63da3725a4ce2f0f19f89ff046a77635f30c9b1ba0e7e3d9daec61bf84c5,38573,38573,1677,1677
UNCHANGED,frontend/src/components/EmptyState.css,e7fb267683e217b4533f3e91bdcc4819c0e608181116916b351fad2c89346278,e7fb267683e217b4533f3e91bdcc4819c0e608181116916b351fad2c89346278,24732,24732,1519,1519
UNCHANGED,frontend/src/components/EmptyState.jsx,16ae97620f1cde4054b188b8c85ee156e594197c6c343bac0e8ad91794e3d7d8,16ae97620f1cde4054b188b8c85ee156e594197c6c343bac0e8ad91794e3d7d8,32339,32339,1766,1766
UNCHANGED,frontend/src/components/ErrorBoundary.jsx,9bfd0bce6e43c61ff0b5d1aebdd9da24cdae5d246071b6b1a63ee8170216d847,9bfd0bce6e43c61ff0b5d1aebdd9da24cdae5d246071b6b1a63ee8170216d847,37545,37545,2109,2109
UNCHANGED,frontend/src/components/ErrorState.css,498d77afebbf1093169046d527ebe564c2430a5fa163ec9352847786d5af6c10,498d77afebbf1093169046d527ebe564c2430a5fa163ec9352847786d5af6c10,30092,30092,1487,1487
UNCHANGED,frontend/src/components/ErrorState.jsx,c262eab517d94729dcf0098652a5454a3668915e7c2596b0132877a414c7ff1b,c262eab517d94729dcf0098652a5454a3668915e7c2596b0132877a414c7ff1b,35898,35898,1648,1648
UNCHANGED,frontend/src/components/FAQ.css,36216424e3561778c38437198325a609037764f02793f3bc58346c8a741d632e,36216424e3561778c38437198325a609037764f02793f3bc58346c8a741d632e,26849,26849,1672,1672
UNCHANGED,frontend/src/components/FAQ.jsx,97326e45c2199054a9e69de6c000eca50fd45b44d80bc67ab6073934033058bd,97326e45c2199054a9e69de6c000eca50fd45b44d80bc67ab6073934033058bd,50337,50337,2123,2123
UNCHANGED,frontend/src/components/FAQ.test.jsx,ec9217114ab4e95be3a14bafa174697ab06d43d787e8a757c44250dec0dee386,ec9217114ab4e95be3a14bafa174697ab06d43d787e8a757c44250dec0dee386,46409,46409,2438,2438
UNCHANGED,frontend/src/components/FeatureGate.jsx,d6ba17eb7e83f3c04661c6f6c34d3da89b5a08619025f542a340641f596b241b,d6ba17eb7e83f3c04661c6f6c34d3da89b5a08619025f542a340641f596b241b,19535,19535,1003,1003
UNCHANGED,frontend/src/components/Footer.css,eb584d513cf280375482e9d57dcee1b94f78d1776a415216e3e09200d171b936,eb584d513cf280375482e9d57dcee1b94f78d1776a415216e3e09200d171b936,18337,18337,893,893
UNCHANGED,frontend/src/components/Footer.jsx,4c51b53e67c9fa710616e6a6bd29231a9faba101376274337ec55b59b0478e7c,4c51b53e67c9fa710616e6a6bd29231a9faba101376274337ec55b59b0478e7c,25137,25137,1232,1232
UNCHANGED,frontend/src/components/Forum.css,1856ba3d405e27675f2973b7c050f31a25b31885a29c1a5dd72b648f378aad10,1856ba3d405e27675f2973b7c050f31a25b31885a29c1a5dd72b648f378aad10,41183,41183,1763,1763
UNCHANGED,frontend/src/components/Forum.jsx,67ae8d49c579715b92d1f9bad5f8d293919c5754c8c4aa1d97088d07cf003d12,67ae8d49c579715b92d1f9bad5f8d293919c5754c8c4aa1d97088d07cf003d12,43516,43516,2019,2019
UNCHANGED,frontend/src/components/Forum.test.jsx,af3131afcc6c97c1cfc126be8320386fd5cbf692e374bf5e0f7089b37d2c763c,af3131afcc6c97c1cfc126be8320386fd5cbf692e374bf5e0f7089b37d2c763c,38519,38519,1930,1930
UNCHANGED,frontend/src/components/GroupCard.css,9f04a2a0e8f845cbf2a417e1ec4e54abb20988a658a4a4eafd550eecb45d50cc,9f04a2a0e8f845cbf2a417e1ec4e54abb20988a658a4a4eafd550eecb45d50cc,20407,20407,989,989
UNCHANGED,frontend/src/components/GroupCard.jsx,cd91fcfc72c384139d5e72ae1ea3f5a331500587b748f3fd04f2eae404ddb867,cd91fcfc72c384139d5e72ae1ea3f5a331500587b748f3fd04f2eae404ddb867,31576,31576,1622,1622
UNCHANGED,frontend/src/components/HelpCenter.css,9549013ee447e9785e9c51dab143ae324746ab088bbc0013f4161fcb0be4234b,9549013ee447e9785e9c51dab143ae324746ab088bbc0013f4161fcb0be4234b,30899,30899,1939,1939
UNCHANGED,frontend/src/components/HelpCenter.jsx,a2ac8d388881467a50cea34c5fe5b7ce42deda0b663ec1b1d48d9f58e1e117ff,a2ac8d388881467a50cea34c5fe5b7ce42deda0b663ec1b1d48d9f58e1e117ff,39810,39810,1713,1713
UNCHANGED,frontend/src/components/HelpCenter.test.jsx,5f5e7e41025fb581c07f7f30a832da4ca1d626cf7b4caabfeaa38d512181ebcc,5f5e7e41025fb581c07f7f30a832da4ca1d626cf7b4caabfeaa38d512181ebcc,40415,40415,1794,1794
UNCHANGED,frontend/src/components/KPIWidget.css,57b59669acdfb4d23cea1acc803352d3342187e849a347058b780f9b0f15ff35,57b59669acdfb4d23cea1acc803352d3342187e849a347058b780f9b0f15ff35,25201,25201,1264,1264
UNCHANGED,frontend/src/components/KPIWidget.jsx,84f6550585f9c6aa3b7cf3eb1bc4eb9e64702f6d241a3b85b437019cdfc8a199,84f6550585f9c6aa3b7cf3eb1bc4eb9e64702f6d241a3b85b437019cdfc8a199,38791,38791,1998,1998
UNCHANGED,frontend/src/components/LegalDocuments.css,12ec4fff6e403d34ba469d366f6a06e7c818d2940e96f5e199a8bc60a9964081,12ec4fff6e403d34ba469d366f6a06e7c818d2940e96f5e199a8bc60a9964081,30321,30321,1489,1489
UNCHANGED,frontend/src/components/LegalDocuments.jsx,a894ce7cc21db53a721a203bf6a12607663f2f140f1ca6ab0a870779a4ca3a67,a894ce7cc21db53a721a203bf6a12607663f2f140f1ca6ab0a870779a4ca3a67,41645,41645,1850,1850
UNCHANGED,frontend/src/components/MobileMoneyPayment.css,042fa9fc42d5ff0f0bf9e3515ea69e565ea6995dd1bb9e7d069be86f7e2ea260,042fa9fc42d5ff0f0bf9e3515ea69e565ea6995dd1bb9e7d069be86f7e2ea260,22528,22528,975,975
UNCHANGED,frontend/src/components/MobileMoneyPayment.jsx,8409f58dfe5edb77995d7cdc2d25bd452af3a7b4a774fc5c7166161159e4c60e,8409f58dfe5edb77995d7cdc2d25bd452af3a7b4a774fc5c7166161159e4c60e,51114,51114,2284,2284
UNCHANGED,frontend/src/components/Navbar.jsx,716e0e9d919e45bfdcc042c5345fd36ef6b8533395647f8d129f29e95fa7e223,716e0e9d919e45bfdcc042c5345fd36ef6b8533395647f8d129f29e95fa7e223,26340,26340,972,972
UNCHANGED,frontend/src/components/PaymentPlaceholder.jsx,ed69a1468f0330490fec2ad86305d8ea1771c7e9de904f11a4b264320d266cb2,ed69a1468f0330490fec2ad86305d8ea1771c7e9de904f11a4b264320d266cb2,21126,21126,894,894
UNCHANGED,frontend/src/components/PermissionGate.jsx,91e06c86cf8037e3edece7e22fd418f312a3518d760ee3fc102f457d711b0bc2,91e06c86cf8037e3edece7e22fd418f312a3518d760ee3fc102f457d711b0bc2,32588,32588,1508,1508
UNCHANGED,frontend/src/components/PrivateRoute.jsx,3975e9dc6c8efc778ca15a1bab3693927f5fb3921eb31a30436f1d90f7f87eab,3975e9dc6c8efc778ca15a1bab3693927f5fb3921eb31a30436f1d90f7f87eab,19244,19244,911,911
UNCHANGED,frontend/src/components/ProtectedRoute.jsx,e23b56a74672fab841b6b01567ce8ecb79a618ac9e31e22374d7f82332ab72e4,e23b56a74672fab841b6b01567ce8ecb79a618ac9e31e22374d7f82332ab72e4,26650,26650,1361,1361
UNCHANGED,frontend/src/components/ProtectedRouteWithRole.jsx,be0c04105dd3af7e8db550e9b7dd500c6611804e83d5e834e9bb376085875fa9,be0c04105dd3af7e8db550e9b7dd500c6611804e83d5e834e9bb376085875fa9,14789,14789,665,665
UNCHANGED,frontend/src/components/TransactionsChart.jsx,9e5f02ec339fac06c548662eac521d2c5d75ccc9c7e07b4427038636ca4d9265,9e5f02ec339fac06c548662eac521d2c5d75ccc9c7e07b4427038636ca4d9265,41158,41158,2007,2007
UNCHANGED,frontend/src/components/chat/AttachmentPreview.js,035c29f725a8c16f9942410f60be9cec53ca362a57a5f9ce5649221d404c9168,035c29f725a8c16f9942410f60be9cec53ca362a57a5f9ce5649221d404c9168,22991,22991,1201,1201
UNCHANGED,frontend/src/components/chat/AttachmentPreview.jsx,0719789cd71dc7578e6d2d3364284cd4da47ae2ab4bf3f746211e5245f96937c,0719789cd71dc7578e6d2d3364284cd4da47ae2ab4bf3f746211e5245f96937c,25912,25912,1364,1364
UNCHANGED,frontend/src/components/chat/Composer.js,844777abd231adfcf3f7abae4d7e849c5011b4361af8192221117cd4889caa0c,844777abd231adfcf3f7abae4d7e849c5011b4361af8192221117cd4889caa0c,46270,46270,2133,2133
UNCHANGED,frontend/src/components/chat/Composer.jsx,ca519989e63071ea53d88e6811d1ecc2370afb280ab841b3c93953e528dfd21c,ca519989e63071ea53d88e6811d1ecc2370afb280ab841b3c93953e528dfd21c,55107,55107,2663,2663
UNCHANGED,frontend/src/components/chat/ConversationHeader.js,6efe02dc2b64992063226e82aaf0daef1cdcf6d916b4ce3c948b404b7714dd44,6efe02dc2b64992063226e82aaf0daef1cdcf6d916b4ce3c948b404b7714dd44,34881,34881,1819,1819
UNCHANGED,frontend/src/components/chat/ConversationHeader.jsx,0b5be33dfc909c39699a7606d57f57702c8be50e7418101a44d46d33efad8f3c,0b5be33dfc909c39699a7606d57f57702c8be50e7418101a44d46d33efad8f3c,39635,39635,2019,2019
UNCHANGED,frontend/src/components/chat/ConversationItem.js,c2908cb80747d75148eeb2ec12858075b3c9be245c7fa8bc4f3b54c2a34ca764,c2908cb80747d75148eeb2ec12858075b3c9be245c7fa8bc4f3b54c2a34ca764,37701,37701,1976,1976
UNCHANGED,frontend/src/components/chat/ConversationItem.jsx,a64b47c20d768c8b7aa71b71d3ae6b8e5db5036699d04b5fb8602d669c8dd202,a64b47c20d768c8b7aa71b71d3ae6b8e5db5036699d04b5fb8602d669c8dd202,38776,38776,2027,2027
UNCHANGED,frontend/src/components/chat/ConversationList.js,03f58d46670d2b1f0eb25c82dd6c99729bdf8c64f089f792cd91823042e5f8a6,03f58d46670d2b1f0eb25c82dd6c99729bdf8c64f089f792cd91823042e5f8a6,47627,47627,2239,2239
UNCHANGED,frontend/src/components/chat/ConversationList.jsx,0d6ba170c8501b51e3b6f308b4d8ab43616b9bf181473beb548df004b8d58f8e,0d6ba170c8501b51e3b6f308b4d8ab43616b9bf181473beb548df004b8d58f8e,51409,51409,2476,2476
UNCHANGED,frontend/src/components/chat/ConversationSearch.js,7efc1d4f57c724da800dd0d39a7f1193ca6e3dcb7f78977ef8781440d15b7642,7efc1d4f57c724da800dd0d39a7f1193ca6e3dcb7f78977ef8781440d15b7642,28535,28535,1442,1442
UNCHANGED,frontend/src/components/chat/EmptyState.js,105d4f2cb82b5dbab1250f82c6599ce2fd4ad2223c26da03d63cd63c1f37878c,105d4f2cb82b5dbab1250f82c6599ce2fd4ad2223c26da03d63cd63c1f37878c,25127,25127,1234,1234
UNCHANGED,frontend/src/components/chat/EmptyState.jsx,088eec546f259af333574be3c05c986152152310c90c56a90fc9f630da413a84,088eec546f259af333574be3c05c986152152310c90c56a90fc9f630da413a84,27914,27914,1397,1397
UNCHANGED,frontend/src/components/chat/ErrorState.js,bf48627c0d991406a779dceae8eb3e678102e359086e9a052c253a4c5abc4a82,bf48627c0d991406a779dceae8eb3e678102e359086e9a052c253a4c5abc4a82,34400,34400,1660,1660
UNCHANGED,frontend/src/components/chat/LoadingState.js,5ad07be81fa31733822d40f7d30483023034744088f0c3c141e3846badb12532,5ad07be81fa31733822d40f7d30483023034744088f0c3c141e3846badb12532,19674,19674,1032,1032
UNCHANGED,frontend/src/components/chat/MessageBubble.js,d1f1694a83358679be5de7be4a02f7bed602ea18d87b36c42d5e249fcaf7d1c9,d1f1694a83358679be5de7be4a02f7bed602ea18d87b36c42d5e249fcaf7d1c9,39534,39534,2088,2088
UNCHANGED,frontend/src/components/chat/MessageBubble.jsx,d53080f34d93b032c2aa1c813e8ecb85b79b66dbaa61b51c4d00319ca4154b21,d53080f34d93b032c2aa1c813e8ecb85b79b66dbaa61b51c4d00319ca4154b21,46169,46169,2402,2402
UNCHANGED,frontend/src/components/chat/MessageList.js,4dc2ed4a7f1157b2cc57452af8a75a0980e6be81bdfdd8c1ffdd4136d50ce346,4dc2ed4a7f1157b2cc57452af8a75a0980e6be81bdfdd8c1ffdd4136d50ce346,46284,46284,2247,2247
UNCHANGED,frontend/src/components/chat/MessageList.jsx,1490b51be8fe3811d4c8256cc6446f2f3e9c2979eb8b873b14af45466e149131,1490b51be8fe3811d4c8256cc6446f2f3e9c2979eb8b873b14af45466e149131,53249,53249,2585,2585
UNCHANGED,frontend/src/components/chat/MessagePanel.js,fb2fda3ffbe0cb1f7d6f9966067276937c182add4c9568ee442617c0497d1505,fb2fda3ffbe0cb1f7d6f9966067276937c182add4c9568ee442617c0497d1505,56236,56236,2739,2739
UNCHANGED,frontend/src/components/chat/MessagePanel.jsx,53cbd05425800de1f80e1bc745a6d6f81908757ce7ff2dbf93e23ebd7c37c318,53cbd05425800de1f80e1bc745a6d6f81908757ce7ff2dbf93e23ebd7c37c318,62781,62781,3002,3002
UNCHANGED,frontend/src/components/chat/ReadBadge.jsx,f7f0ff0a70e98acda5c9ea6c78814e0bad801a1767f4aeaba037aaf7afb67726,f7f0ff0a70e98acda5c9ea6c78814e0bad801a1767f4aeaba037aaf7afb67726,18654,18654,1119,1119
UNCHANGED,frontend/src/components/chat/SearchBar.jsx,ba7dedad4f8b8dae73413227b10fb053ff3f118dd28f22b3de81006849bcc763,ba7dedad4f8b8dae73413227b10fb053ff3f118dd28f22b3de81006849bcc763,46342,46342,2230,2230
UNCHANGED,frontend/src/components/chat/TypingIndicator.js,0d6203224363b144ef48851134fd2c6d2864d1990e99e40b7c55d1552176f725,0d6203224363b144ef48851134fd2c6d2864d1990e99e40b7c55d1552176f725,22417,22417,1254,1254
UNCHANGED,frontend/src/components/chat/TypingIndicator.jsx,33b484f6b73098ae664ce7f3a1a04339dbb3c772fc48b882bd16e907d5331f50,33b484f6b73098ae664ce7f3a1a04339dbb3c772fc48b882bd16e907d5331f50,24324,24324,1352,1352
UNCHANGED,frontend/src/components/chat/UnreadBadge.js,c12f41a5224fd612b1e80ec8025910940be7a1c251cb0222d9c2c9c9de7258db,c12f41a5224fd612b1e80ec8025910940be7a1c251cb0222d9c2c9c9de7258db,13247,13247,770,770
UNCHANGED,frontend/src/components/chat/__tests__/Composer.test.jsx,61258a35b4c9a9a99e3f2f48333c991dd4880eb1fdd957adc8429c1c10207d1c,61258a35b4c9a9a99e3f2f48333c991dd4880eb1fdd957adc8429c1c10207d1c,40801,40801,1908,1908
UNCHANGED,frontend/src/components/chat/__tests__/ConversationList.test.jsx,5c2085c974e93d1376c65d310a2172d297de159fc5544b58a950e6ddc77b2a94,5c2085c974e93d1376c65d310a2172d297de159fc5544b58a950e6ddc77b2a94,57044,57044,2432,2432
UNCHANGED,frontend/src/components/chat/__tests__/MessagePanel.test.jsx,3f6e7bd058be00a3dcaa115e8e09d9acec2022e27803170c663899aad187e011,3f6e7bd058be00a3dcaa115e8e09d9acec2022e27803170c663899aad187e011,40725,40725,1797,1797
UNCHANGED,frontend/src/components/chat/__tests__/TITechChat.test.jsx,5c08d794399807ab240673a8096d2631d64efa56a1a4f4bc54117988dec63be5,5c08d794399807ab240673a8096d2631d64efa56a1a4f4bc54117988dec63be5,35516,35516,1589,1589
UNCHANGED,frontend/src/components/chat/__tests__/creditScoringService.test.js,22bf9da82d1ac077af898bcf4ac1a64f9b5d191d27b3cd499382ab4ff3e4cca8,22bf9da82d1ac077af898bcf4ac1a64f9b5d191d27b3cd499382ab4ff3e4cca8,48517,48517,2247,2247
UNCHANGED,frontend/src/components/chat/__tests__/fraudDetectionService.test.js,529b7d3c18e46c04e2a01923aa25bb739d1721671a1d5fb31f61dff6701ba35c,529b7d3c18e46c04e2a01923aa25bb739d1721671a1d5fb31f61dff6701ba35c,56093,56093,2553,2553
UNCHANGED,frontend/src/components/chat/__tests__/fraudLog.test.js,cefe281e9582b80dfe6f1dbbaebd437a4b5b06dde4163abb5a79acf0b85ab4f3,cefe281e9582b80dfe6f1dbbaebd437a4b5b06dde4163abb5a79acf0b85ab4f3,43552,43552,2114,2114
UNCHANGED,frontend/src/components/chat/__tests__/loanService.test.js,2a8b6bc1f0221aaef89a3f10e4d377c834d57e92459ba324d5410b7034740c92,2a8b6bc1f0221aaef89a3f10e4d377c834d57e92459ba324d5410b7034740c92,54627,54627,2630,2630
UNCHANGED,frontend/src/components/chat/composer.css,b25816d02c1ed12f2e00bb2c8847058b2080c1105efa7dfe4db6667f620c93ee,b25816d02c1ed12f2e00bb2c8847058b2080c1105efa7dfe4db6667f620c93ee,33574,33574,2188,2188
UNCHANGED,frontend/src/components/common/Modal.jsx,a7be6cf57067af178d7301bc298f37ef91903ef6b8a03661835ef5ee3d461a99,a7be6cf57067af178d7301bc298f37ef91903ef6b8a03661835ef5ee3d461a99,37419,37419,1735,1735
UNCHANGED,frontend/src/components/offline/OfflineStatusBanner.jsx,2bb987dc7f5e22f5774664b3375652fa5df4e25de1196778b5773ff0f60a922f,2bb987dc7f5e22f5774664b3375652fa5df4e25de1196778b5773ff0f60a922f,20591,20591,970,970
UNCHANGED,frontend/src/components/ui/Button.jsx,eb58873b13d21de4b219e25b516eb9dc3cdf39a5b2c74cb17f1321c749d14411,eb58873b13d21de4b219e25b516eb9dc3cdf39a5b2c74cb17f1321c749d14411,10199,10199,524,524
UNCHANGED,frontend/src/components/ui/Card.jsx,a6093fd14dee394bba874f5d63f9daf9d214c736b1e44ae22e7f89449e2dd473,a6093fd14dee394bba874f5d63f9daf9d214c736b1e44ae22e7f89449e2dd473,17354,17354,931,931
UNCHANGED,frontend/src/components/ui/ErrorBoundary.jsx,24232a3e82145abd2035058c2c4dd6d70a4d123a3df1da4d48935945793371bf,24232a3e82145abd2035058c2c4dd6d70a4d123a3df1da4d48935945793371bf,13779,13779,683,683
UNCHANGED,frontend/src/components/ui/FeatureGate.jsx,871a3fe39a3d1360803aa9181b8870e61b38bc17edb7780caed2f16eda415975,871a3fe39a3d1360803aa9181b8870e61b38bc17edb7780caed2f16eda415975,13272,13272,768,768
UNCHANGED,frontend/src/components/ui/Input.jsx,478ea8e9314732890f49f157670c6c40b9816a437b242df20a2eb4f13921ee6c,478ea8e9314732890f49f157670c6c40b9816a437b242df20a2eb4f13921ee6c,17687,17687,871,871
UNCHANGED,frontend/src/components/ui/LoadingScreen.jsx,941b293f02200fba996fbbf6164e534a394533c2c727a2e58f6a89df548e97cd,941b293f02200fba996fbbf6164e534a394533c2c727a2e58f6a89df548e97cd,18731,18731,818,818
UNCHANGED,frontend/src/components/ui/Modal.jsx,ed4e4a644e3316f8c64e9a048c55d4f6599a6752d6e23a98baef2391a5da1727,ed4e4a644e3316f8c64e9a048c55d4f6599a6752d6e23a98baef2391a5da1727,19139,19139,928,928
UNCHANGED,frontend/src/components/ui/NotificationBell.jsx,0bbab701123fcc8a582932e69cdab56ad26744f8a33563a61a808b74e5b8f54a,0bbab701123fcc8a582932e69cdab56ad26744f8a33563a61a808b74e5b8f54a,30388,30388,1330,1330
UNCHANGED,frontend/src/components/ui/NotificationProvider.jsx,e6ecabd2da12a9f7b412290be547e55ce6a1918698df11be835c89a1fce5a7c9,e6ecabd2da12a9f7b412290be547e55ce6a1918698df11be835c89a1fce5a7c9,37599,37599,1822,1822
UNCHANGED,frontend/src/components/ui/PageHeader.jsx,fdac847430c111e1fce1ee9bd1dd9ce924e1af58f114d902bca914754f13f722,fdac847430c111e1fce1ee9bd1dd9ce924e1af58f114d902bca914754f13f722,18475,18475,854,854
UNCHANGED,frontend/src/components/ui/Pagination.jsx,bdde5a0073c412cbc364b58956b3c3f9a9ec6c342693a737b772ca6717dea75b,bdde5a0073c412cbc364b58956b3c3f9a9ec6c342693a737b772ca6717dea75b,23538,23538,1152,1152
UNCHANGED,frontend/src/components/ui/PermissionGate.jsx,211585fcfa220f43217a0ae37f0daf5544fd7bb51526191ea9f46cef883bc06b,211585fcfa220f43217a0ae37f0daf5544fd7bb51526191ea9f46cef883bc06b,21548,21548,1118,1118
UNCHANGED,frontend/src/components/ui/SearchBox.jsx,1c901cdcbcf04bf635abd0aa86b0a5c133f963d905234fc2e3c521ef9638c1d4,1c901cdcbcf04bf635abd0aa86b0a5c133f963d905234fc2e3c521ef9638c1d4,29995,29995,1266,1266
UNCHANGED,frontend/src/components/ui/Select.jsx,95a16035152b30a3fc14e867ccfcd7af36b4f36e584c595d055126bd4d1d0cf8,95a16035152b30a3fc14e867ccfcd7af36b4f36e584c595d055126bd4d1d0cf8,42268,42268,1826,1826
UNCHANGED,frontend/src/components/ui/Skeleton.jsx,cef3e8dc32f6e7f1044ea53a130dce5c56556ecbde8eaca6f1c68268106c1cea,cef3e8dc32f6e7f1044ea53a130dce5c56556ecbde8eaca6f1c68268106c1cea,37781,37781,1617,1617
UNCHANGED,frontend/src/components/ui/StatCard.jsx,42401053e358a612ccfec2fade73483a0560f297cda2dd018cc2e9c9260cdf43,42401053e358a612ccfec2fade73483a0560f297cda2dd018cc2e9c9260cdf43,28430,28430,1286,1286
UNCHANGED,frontend/src/components/ui/StatusBadge.jsx,b77be699395f2999106bf4e5074b0276d9e850794a78540741bd9df757780eb6,b77be699395f2999106bf4e5074b0276d9e850794a78540741bd9df757780eb6,30003,30003,1575,1575
UNCHANGED,frontend/src/components/ui/TenantSwitcher.jsx,c025191d443731f7c333af04fe071529172f5445788b38b014eaf61ba54c0dec,c025191d443731f7c333af04fe071529172f5445788b38b014eaf61ba54c0dec,46420,46420,1966,1966
UNCHANGED,frontend/src/components/ui/UserMenu.jsx,27c2aaeafb45ef219fda16b83a9a40c5c09a5d86d9484b19f7e60b42c1c39bba,27c2aaeafb45ef219fda16b83a9a40c5c09a5d86d9484b19f7e60b42c1c39bba,41630,41630,1745,1745
UNCHANGED,frontend/src/components/ui/index.js,61314b6c5269482a8f58099dea649c0b3f8e38c1fbf632aebe598b8ece066c13,61314b6c5269482a8f58099dea649c0b3f8e38c1fbf632aebe598b8ece066c13,14773,14773,521,521
UNCHANGED,frontend/src/constants/httpStatus.js,0c2530b120cd900c220f961787c2082ce8593edbfdd977728c8567b1637c27ea,0c2530b120cd900c220f961787c2082ce8593edbfdd977728c8567b1637c27ea,4694,4694,227,227
UNCHANGED,frontend/src/context/AuthContext.jsx,258e23f57938509ac8156d217e4b7e06f5c4a7ca41691736ff292e78f9f16a02,258e23f57938509ac8156d217e4b7e06f5c4a7ca41691736ff292e78f9f16a02,58068,58068,2683,2683
UNCHANGED,frontend/src/context/AuthProvider.jsx,19443ee615a737dab70e243b47af4d22d404b4ce7150598648c952db256adfea,19443ee615a737dab70e243b47af4d22d404b4ce7150598648c952db256adfea,57759,57759,2651,2651
UNCHANGED,frontend/src/context/SettingsContext.jsx,1d3b49654bab45fdefdf8ee358e6891d36785f593699230916daf103603233d5,1d3b49654bab45fdefdf8ee358e6891d36785f593699230916daf103603233d5,10299,10299,441,441
UNCHANGED,frontend/src/context/useAuth.js,af78b2ceee4a37d8c9c4b3c7950aea1f571fd407384e79a92dc121ee8aaafa5b,af78b2ceee4a37d8c9c4b3c7950aea1f571fd407384e79a92dc121ee8aaafa5b,12006,12006,522,522
UNCHANGED,frontend/src/features/audit/auditSlice.js,d245a242ff1c2d6119db5226654f7260b07b0efed1776722e1aca65607a5f5f4,d245a242ff1c2d6119db5226654f7260b07b0efed1776722e1aca65607a5f5f4,48663,48663,2007,2007
UNCHANGED,frontend/src/features/auth/authSlice.js,a152b396f4abc07ad486a64ef3cfc3b81950ccbcf589cfddf1e868bdf8360878,a152b396f4abc07ad486a64ef3cfc3b81950ccbcf589cfddf1e868bdf8360878,51820,51820,2331,2331
UNCHANGED,frontend/src/features/featureFlags/featureFlagSlice.js,e3765b8adbf0909ba3b940eea78ea2c098c273ca1f083f490fc3ac0857e47e6f,e3765b8adbf0909ba3b940eea78ea2c098c273ca1f083f490fc3ac0857e47e6f,54990,54990,2381,2381
UNCHANGED,frontend/src/features/notification/notificationSlice.js,ae68aca8689c8b98838d68c0956f100e4c9c7fe98bd2aee8cf85352588b5ef59,ae68aca8689c8b98838d68c0956f100e4c9c7fe98bd2aee8cf85352588b5ef59,48022,48022,2104,2104
UNCHANGED,frontend/src/features/offline/offlineSlice.js,a42bce2e839818c3e595de347ba2e28d37e305938e9a4405d78ddfc5bd0aa5b9,a42bce2e839818c3e595de347ba2e28d37e305938e9a4405d78ddfc5bd0aa5b9,81307,81307,3695,3695
UNCHANGED,frontend/src/features/onboarding/onboardingSlice.js,a53acfba4d56f765e00ab405335816ecc39aeb836e545ac997960b89dde83aee,a53acfba4d56f765e00ab405335816ecc39aeb836e545ac997960b89dde83aee,58196,58196,2353,2353
UNCHANGED,frontend/src/features/settings/settingsSlice.js,7fa58fc14ac94a4a1f5b49369d317ad7798a08f088e977e0450fc0d641b0efe1,7fa58fc14ac94a4a1f5b49369d317ad7798a08f088e977e0450fc0d641b0efe1,60897,60897,2646,2646
UNCHANGED,frontend/src/features/tenant/tenantSlice.js,cbe744c47024a233b0a26e227ea6dd3a56c24a50f74fd922b6ff6dcc92188210,cbe744c47024a233b0a26e227ea6dd3a56c24a50f74fd922b6ff6dcc92188210,47223,47223,2023,2023
UNCHANGED,frontend/src/features/ui/uiSlice.js,dcfc6bb770990812b69b5fddd1f2c030d6af8d117f1c99d5e7c2a2d15512faf8,dcfc6bb770990812b69b5fddd1f2c030d6af8d117f1c99d5e7c2a2d15512faf8,54520,54520,2344,2344
UNCHANGED,frontend/src/features/user/userSlice.js,36ad84203ae84efd36e16c500975c1f7f5711ac168ba3b23ba710669c2614051,36ad84203ae84efd36e16c500975c1f7f5711ac168ba3b23ba710669c2614051,54763,54763,2418,2418
UNCHANGED,frontend/src/hooks/useChat.js,c2e391c1fcfbdbbe5833330cda1a4b5ede640cca97a81a700de44107847913ef,c2e391c1fcfbdbbe5833330cda1a4b5ede640cca97a81a700de44107847913ef,25449,25449,1236,1236
UNCHANGED,frontend/src/hooks/useConversation.js,caa4bedf236d8d4864852f5a6a5be67ef266034bb37bf351635eaed59df0eadf,caa4bedf236d8d4864852f5a6a5be67ef266034bb37bf351635eaed59df0eadf,32219,32219,1674,1674
UNCHANGED,frontend/src/hooks/useDashboardData.js,df9913c856507e1ea717844b81d9129c1dec6607548d9d381a7bd54f093320f1,df9913c856507e1ea717844b81d9129c1dec6607548d9d381a7bd54f093320f1,33589,33589,1634,1634
UNCHANGED,frontend/src/hooks/useDashboardMetrics.js,726c8910dcf1bf488540b733f80e4e277d1f7a2ef3993616c22b520bdca6250e,726c8910dcf1bf488540b733f80e4e277d1f7a2ef3993616c22b520bdca6250e,36615,36615,1871,1871
UNCHANGED,frontend/src/hooks/useNotifications.js,079369214c785148678004afda7f13bef1c78b75776eea6a1b4dbf62809c88aa,079369214c785148678004afda7f13bef1c78b75776eea6a1b4dbf62809c88aa,43598,43598,2338,2338
UNCHANGED,frontend/src/hooks/useOfflineSync.js,2be8ca3b9ffa5b3c33040c505b685e204ea960a7a543e2292c2b3fd62c0d0ed0,2be8ca3b9ffa5b3c33040c505b685e204ea960a7a543e2292c2b3fd62c0d0ed0,40447,40447,1909,1909
UNCHANGED,frontend/src/hooks/useRealtimeDashboard.js,db1849a7b440f0e19f2131c3d2aa427cf19cc5ec6df0124cf8b7ffe7fbfec233,db1849a7b440f0e19f2131c3d2aa427cf19cc5ec6df0124cf8b7ffe7fbfec233,36173,36173,1903,1903
UNCHANGED,frontend/src/hooks/useTyping.js,66faf77c9b7c34d2cac3ed08dc2efd9f5f7992deb6eccee1a3d1f34d8da4b179,66faf77c9b7c34d2cac3ed08dc2efd9f5f7992deb6eccee1a3d1f34d8da4b179,20099,20099,1015,1015
UNCHANGED,frontend/src/index.css,a01d2bc3d222885ff4abe4d7469a0168caf4effebb937bef98973e63c1287dc3,a01d2bc3d222885ff4abe4d7469a0168caf4effebb937bef98973e63c1287dc3,24890,24890,1245,1245
UNCHANGED,frontend/src/index.js,691bd407f71fbbe33a6deb3549b03020ae44671c59d43b8803239bad8ed33351,691bd407f71fbbe33a6deb3549b03020ae44671c59d43b8803239bad8ed33351,13699,13699,560,560
UNCHANGED,frontend/src/layouts/AdminLayout.css,a5a5b5ce9a578408cdefd6149535db30b60648822fd1b84e1b3a397a7c6c4398,a5a5b5ce9a578408cdefd6149535db30b60648822fd1b84e1b3a397a7c6c4398,8334,8334,420,420
UNCHANGED,frontend/src/layouts/AdminLayout.jsx,3902b6d812ba4f44a896892226ac3d422893a6ca3678df38f84e7bc64d0960b0,3902b6d812ba4f44a896892226ac3d422893a6ca3678df38f84e7bc64d0960b0,10636,10636,510,510
UNCHANGED,frontend/src/legal/Disclaimer.jsx,ec7400bae06e04adca564b9a56e96224c32825469d4ca0a9c7a90c5ac8b0b598,ec7400bae06e04adca564b9a56e96224c32825469d4ca0a9c7a90c5ac8b0b598,42930,42930,1954,1954
UNCHANGED,frontend/src/legal/PrivacyPolicy.jsx,2803761e97bb02974f873d5330e32b1cd34fcb26a59d0d5925a5bcb58ecefb9d,2803761e97bb02974f873d5330e32b1cd34fcb26a59d0d5925a5bcb58ecefb9d,48061,48061,2393,2393
UNCHANGED,frontend/src/legal/TermsOfService.jsx,f1bc0a1cd38ba4fdb8aa68a576864358cff787af93bde2433b2442010946798b,f1bc0a1cd38ba4fdb8aa68a576864358cff787af93bde2433b2442010946798b,54372,54372,2067,2067
UNCHANGED,frontend/src/legal/documents/FinancialDisclaimer.jsx,e5420ea4c664b1e9b3cbf6235b075d458907a795909fe4fd306e86aa5db191bb,e5420ea4c664b1e9b3cbf6235b075d458907a795909fe4fd306e86aa5db191bb,34008,34008,1344,1344
UNCHANGED,frontend/src/legal/documents/GeneralDisclaimer.jsx,9ef3f3aaa67a3a30716664e5ed6b9afa732d9e8c148f9730f9220bc846e005e1,9ef3f3aaa67a3a30716664e5ed6b9afa732d9e8c148f9730f9220bc846e005e1,34586,34586,1440,1440
UNCHANGED,frontend/src/legal/documents/PrivacyPolicy.jsx,7cbf4c9133da32005ce0bdf0c20888641533e3c4c70683784072100908465ba4,7cbf4c9133da32005ce0bdf0c20888641533e3c4c70683784072100908465ba4,45703,45703,1902,1902
UNCHANGED,frontend/src/legal/documents/TermsOfService.jsx,6680d198b3ea8e0c9c12f12952ebd03e2629c06787ecf039661b4e2b0af926b4,6680d198b3ea8e0c9c12f12952ebd03e2629c06787ecf039661b4e2b0af926b4,51792,51792,1963,1963
UNCHANGED,frontend/src/legal/index.js,d073b25ea8b0c83bb0ac827b32e61d437cc72785d84f4d68dd37b59d7fab5d98,d073b25ea8b0c83bb0ac827b32e61d437cc72785d84f4d68dd37b59d7fab5d98,13880,13880,566,566
UNCHANGED,frontend/src/legal/legalAcceptance.js,0972d1c32bb12cf76f3a23a30355d7e1b594cd346c1fe339194974af24a9b8ad,0972d1c32bb12cf76f3a23a30355d7e1b594cd346c1fe339194974af24a9b8ad,38891,38891,1941,1941
UNCHANGED,frontend/src/legal/legalApi.js,74142d86ed9421ec829a6329d42abc9d5b999210c68f4cccbc7fb1f9084ed320,74142d86ed9421ec829a6329d42abc9d5b999210c68f4cccbc7fb1f9084ed320,29085,29085,1349,1349
UNCHANGED,frontend/src/legal/legalConfig.js,27622015941ddff58445e4afc20224c5fe067c66dc921ab49f20d29b6bdf3c5c,27622015941ddff58445e4afc20224c5fe067c66dc921ab49f20d29b6bdf3c5c,25689,25689,1025,1025
UNCHANGED,frontend/src/legal/legalConstants.js,78997c5340e95571ac187811452fd3ae4f6decf6bd694a788f731bf2216e3c5b,78997c5340e95571ac187811452fd3ae4f6decf6bd694a788f731bf2216e3c5b,35248,35248,1898,1898
UNCHANGED,frontend/src/legal/legalRegistry.js,d2ceb381e413304aaaf925c169dccc3a7f3e67cb82da96d39d2477c7ba38d83a,d2ceb381e413304aaaf925c169dccc3a7f3e67cb82da96d39d2477c7ba38d83a,48977,48977,2314,2314
UNCHANGED,frontend/src/legal/legalRoutes.js,ebcaffc4b368502bce40da3da0d4c2325b9df19bfd736b3246a613facc7cc195,ebcaffc4b368502bce40da3da0d4c2325b9df19bfd736b3246a613facc7cc195,28451,28451,1552,1552
UNCHANGED,frontend/src/legal/legalTypes.js,b7f517d14cc0dadacdc1469c6f7b13e0fb1a30664f93165a934eccc34edd5493,b7f517d14cc0dadacdc1469c6f7b13e0fb1a30664f93165a934eccc34edd5493,46245,46245,2082,2082
UNCHANGED,frontend/src/legal/legalUtils.js,142280bfa057aa111f8e8f26d1453b47296ffc646e02064136ff50c3d74ba85d,142280bfa057aa111f8e8f26d1453b47296ffc646e02064136ff50c3d74ba85d,22237,22237,1048,1048
UNCHANGED,frontend/src/main.jsx,7c9986426ee172a29d58e8d926aac7c7cea990d13906ff3619600e088441f9c1,7c9986426ee172a29d58e8d926aac7c7cea990d13906ff3619600e088441f9c1,20447,20447,885,885
UNCHANGED,frontend/src/mocks/handlers.js,31be32755729b02365afe7eaf38987749c4274e73298252064521551ecccdfbb,31be32755729b02365afe7eaf38987749c4274e73298252064521551ecccdfbb,570,570,15,15
UNCHANGED,frontend/src/mocks/handlers/index.js,e3b0c44298fc1c149afbf4c8996fb92427ae41e4649b934ca495991b7852b855,e3b0c44298fc1c149afbf4c8996fb92427ae41e4649b934ca495991b7852b855,0,0,0,0
UNCHANGED,frontend/src/mocks/server.js,e3b0c44298fc1c149afbf4c8996fb92427ae41e4649b934ca495991b7852b855,e3b0c44298fc1c149afbf4c8996fb92427ae41e4649b934ca495991b7852b855,0,0,0,0
UNCHANGED,frontend/src/offline/browserOutbox.js,3ba774777978ddc1bad681ddbce908fe2a33996e3a41b8c96e2a2a3d736e0cad,3ba774777978ddc1bad681ddbce908fe2a33996e3a41b8c96e2a2a3d736e0cad,5585,5585,209,209
UNCHANGED,frontend/src/offline/constants.js,37c5b8a562ab9b5677873dfb0ade48bcf2fe63508353d8c389bfb94ff29eac1d,37c5b8a562ab9b5677873dfb0ade48bcf2fe63508353d8c389bfb94ff29eac1d,53053,53053,2936,2936
UNCHANGED,frontend/src/offline/crypto.js,ff3ec101a35fd54c59ad16edd5e1ebb4d3efaf2e7df38831d647f03051f0a99d,ff3ec101a35fd54c59ad16edd5e1ebb4d3efaf2e7df38831d647f03051f0a99d,43897,43897,2327,2327
UNCHANGED,frontend/src/offline/db.js,179f0fdd8d2ed1fd45c1ba7849a36fd670d80b981b2fd36d2b9404d30d6e356a,179f0fdd8d2ed1fd45c1ba7849a36fd670d80b981b2fd36d2b9404d30d6e356a,136611,136611,5784,5784
UNCHANGED,frontend/src/offline/deviceIdentity.js,862f1857c16b05b76b28f60c48348f9527cd9826d39c773bc67fd900ce6c4326,862f1857c16b05b76b28f60c48348f9527cd9826d39c773bc67fd900ce6c4326,63942,63942,3095,3095
UNCHANGED,frontend/src/offline/eventStore.js,b977206ccd5cbdfa56ae162ca2e8a1b26a08baf43bfef19efd007e4f51d893d3,b977206ccd5cbdfa56ae162ca2e8a1b26a08baf43bfef19efd007e4f51d893d3,95334,95334,4374,4374
UNCHANGED,frontend/src/offline/syncService.js,9b83bc6741e759c30c7667d002fcab2d379e559d461ef71410e07cbc38986209,9b83bc6741e759c30c7667d002fcab2d379e559d461ef71410e07cbc38986209,125236,125236,5814,5814
UNCHANGED,frontend/src/pages/AdminDashboard.css,ae90d3fa8f6b1ec3fb716dba51722de5e781a583a313a41ce9a48d83fba3f005,ae90d3fa8f6b1ec3fb716dba51722de5e781a583a313a41ce9a48d83fba3f005,23667,23667,1230,1230
UNCHANGED,frontend/src/pages/AdminDashboard.jsx,91fc7707ea05ece8d0ae0ff71d1e2552c2757b76bf9505d2eb1a8b963c408d0b,91fc7707ea05ece8d0ae0ff71d1e2552c2757b76bf9505d2eb1a8b963c408d0b,30931,30931,1377,1377
UNCHANGED,frontend/src/pages/AdminRiskDashboard.css,7556b0f7626eb4e4cd1b3ce13b85fc8bc523e1663f0cfc2423c28d218c3ad684,7556b0f7626eb4e4cd1b3ce13b85fc8bc523e1663f0cfc2423c28d218c3ad684,16067,16067,835,835
UNCHANGED,frontend/src/pages/AdminRiskDashboard.jsx,30c46681acb03280f8000868727ebdd66a0468fde820987c6821e50b340c796a,30c46681acb03280f8000868727ebdd66a0468fde820987c6821e50b340c796a,39598,39598,1915,1915
UNCHANGED,frontend/src/pages/AuditLogs.jsx,fd35486e5e85a8ab2dfeb997503ad8d44ffca474eba2cd4fbd73c48878e6bb12,fd35486e5e85a8ab2dfeb997503ad8d44ffca474eba2cd4fbd73c48878e6bb12,43398,43398,2011,2011
UNCHANGED,frontend/src/pages/ConversationDetail.js,f8f5e8097832ef48625e33f95cacebe3e592c8dcdfbe95442cd30eaee115b54b,f8f5e8097832ef48625e33f95cacebe3e592c8dcdfbe95442cd30eaee115b54b,32092,32092,1317,1317
UNCHANGED,frontend/src/pages/ConversationList.js,a0eb9885ee4524aa21f832aa793a3ed28f2ebbcbf7c6f96f49e5a6fb974ded21,a0eb9885ee4524aa21f832aa793a3ed28f2ebbcbf7c6f96f49e5a6fb974ded21,37285,37285,1462,1462
UNCHANGED,frontend/src/pages/CreateGroup.css,46947200aeef8c82e23e67651bc255288913429918aa0b9be3ad82a8a9fa5c40,46947200aeef8c82e23e67651bc255288913429918aa0b9be3ad82a8a9fa5c40,30045,30045,1252,1252
UNCHANGED,frontend/src/pages/CreateGroup.jsx,a1558218ca93fb763995d1dd3637748b85adc3ee00141db68dd3a71adf5af78f,a1558218ca93fb763995d1dd3637748b85adc3ee00141db68dd3a71adf5af78f,50225,50225,1895,1895
UNCHANGED,frontend/src/pages/CreateGroupV2.css,82fe5271f4151c00633834152cdfa8e640a06b907e0f3518c176701339e9587f,82fe5271f4151c00633834152cdfa8e640a06b907e0f3518c176701339e9587f,28841,28841,1466,1466
UNCHANGED,frontend/src/pages/CreateGroupV2.jsx,15f6ee82574b13a09e9e8c584259e526db246ef45d1541e6a27e313671abca42,15f6ee82574b13a09e9e8c584259e526db246ef45d1541e6a27e313671abca42,57247,57247,2121,2121
UNCHANGED,frontend/src/pages/Dashboard.css,bf43947e6ce8712ae73132e2c7786890d49ed55739854a00a7e82f2f9d5afbce,bf43947e6ce8712ae73132e2c7786890d49ed55739854a00a7e82f2f9d5afbce,21557,21557,1288,1288
UNCHANGED,frontend/src/pages/Dashboard.jsx,4fc92663cf1e022705f421c1716b54000b71682baedca547562371a702e47fd7,4fc92663cf1e022705f421c1716b54000b71682baedca547562371a702e47fd7,38442,38442,1756,1756
UNCHANGED,frontend/src/pages/ForgotPassword.css,7f6fad23471ab278ca4e0df1cf106faa0a41a7c9559d24ef2e38e4b99c44673d,7f6fad23471ab278ca4e0df1cf106faa0a41a7c9559d24ef2e38e4b99c44673d,18173,18173,895,895
UNCHANGED,frontend/src/pages/ForgotPassword.jsx,d46358a752a85f6288a39bc9321c500deaaa9cfb78b4c161f856f2d7005c0faf,d46358a752a85f6288a39bc9321c500deaaa9cfb78b4c161f856f2d7005c0faf,18969,18969,802,802
UNCHANGED,frontend/src/pages/FraudMonitor.css,c8a7d129a32e741fc9359a6ebfccae0cf2031b29052d19bccab11353d277b845,c8a7d129a32e741fc9359a6ebfccae0cf2031b29052d19bccab11353d277b845,16284,16284,827,827
UNCHANGED,frontend/src/pages/FraudMonitor.jsx,84f5902c41c6730d65ebf5febcab7bd5241843dd2a2e94a6c2e2db72c596be70,84f5902c41c6730d65ebf5febcab7bd5241843dd2a2e94a6c2e2db72c596be70,24067,24067,1146,1146
UNCHANGED,frontend/src/pages/GroupDetails.jsx,6ce1ab77078e6755f84ab227113ab9dba6486087bdfe11742eb0987a271d3f61,6ce1ab77078e6755f84ab227113ab9dba6486087bdfe11742eb0987a271d3f61,40810,40810,1590,1590
UNCHANGED,frontend/src/pages/GroupList.jsx,855f3360a54e1d8f4f968da49ed6cda314473c81422dd520ee65b2d93bd9a220,855f3360a54e1d8f4f968da49ed6cda314473c81422dd520ee65b2d93bd9a220,26973,26973,1138,1138
UNCHANGED,frontend/src/pages/Legal.css,3c1bd4c9cfeb77f40fc850cbeb77f757ba38c397a9b3cf38ec46da24af7d99e5,3c1bd4c9cfeb77f40fc850cbeb77f757ba38c397a9b3cf38ec46da24af7d99e5,62321,62321,3138,3138
UNCHANGED,frontend/src/pages/Legal.jsx,1fa93b5d03da198aa30b3d28e519797a6b762a3175e24bd984a376ae8adcb65f,1fa93b5d03da198aa30b3d28e519797a6b762a3175e24bd984a376ae8adcb65f,67811,67811,2548,2548
UNCHANGED,frontend/src/pages/LegalPages.css,5725d53c602786d65700c5aee48bf6ff0f41bc8f809480cbdb282596dfa00d92,5725d53c602786d65700c5aee48bf6ff0f41bc8f809480cbdb282596dfa00d92,52448,52448,3009,3009
UNCHANGED,frontend/src/pages/LegalPages.jsx,3eb31bb940769d2187fa8671c6aee8efb8cb3914564d52442fd75b85ca923f9a,3eb31bb940769d2187fa8671c6aee8efb8cb3914564d52442fd75b85ca923f9a,65823,65823,2862,2862
UNCHANGED,frontend/src/pages/LinkedThread.js,973f9614c9f53182bfa5788b79e4f31c298edcc4c4af586e99034780d57c8fc2,973f9614c9f53182bfa5788b79e4f31c298edcc4c4af586e99034780d57c8fc2,38913,38913,1677,1677
UNCHANGED,frontend/src/pages/Loans.jsx,9cbb1fad60ae049037e4cbfbc20ee6d165bf1a16071afd8e37f0650dfad94e90,9cbb1fad60ae049037e4cbfbc20ee6d165bf1a16071afd8e37f0650dfad94e90,39826,39826,1656,1656
UNCHANGED,frontend/src/pages/Login.css,e097a33b3808a22d2cfa85328132d7c5af124e00015b97c891206f4ddf5a741d,e097a33b3808a22d2cfa85328132d7c5af124e00015b97c891206f4ddf5a741d,31942,31942,2029,2029
UNCHANGED,frontend/src/pages/Login.jsx,c7243eae321d09754a3c66043a2729bd740d790f866175ba6af6f177191bef18,c7243eae321d09754a3c66043a2729bd740d790f866175ba6af6f177191bef18,33442,33442,1304,1304
UNCHANGED,frontend/src/pages/Logout.css,5be6149537f85c722da2b5806b7775cbf2b316778b2bb8d186b25ae10eaff01f,5be6149537f85c722da2b5806b7775cbf2b316778b2bb8d186b25ae10eaff01f,23353,23353,1273,1273
UNCHANGED,frontend/src/pages/Logout.jsx,480d89ac41c91a6a11c0ccc20996b869b3bf1d4822e7c4a5a4d0bb1d7021b8bb,480d89ac41c91a6a11c0ccc20996b869b3bf1d4822e7c4a5a4d0bb1d7021b8bb,19905,19905,824,824
UNCHANGED,frontend/src/pages/Members.jsx,d0378ce1ab8252166ad5ca05fe354eee475d824c14724f3a3b27576e28c54221,d0378ce1ab8252166ad5ca05fe354eee475d824c14724f3a3b27576e28c54221,40249,40249,1665,1665
UNCHANGED,frontend/src/pages/NotFound.jsx,ef0ecc14d80811fb1ad52e36d3deaed3f8a4e20f9eac1eaa3c3c11b96447c7f4,ef0ecc14d80811fb1ad52e36d3deaed3f8a4e20f9eac1eaa3c3c11b96447c7f4,7481,7481,286,286
UNCHANGED,frontend/src/pages/PrivacyPolicy.jsx,7367682bbf1a0bb677a658b6f96320074402240838642c10ee920fd285cece04,7367682bbf1a0bb677a658b6f96320074402240838642c10ee920fd285cece04,50497,50497,1648,1648
UNCHANGED,frontend/src/pages/Register.css,d55420c561e09dd30a81182d540f76f1093c80f12df1f52e43f26982c0bcf1fb,d55420c561e09dd30a81182d540f76f1093c80f12df1f52e43f26982c0bcf1fb,24715,24715,1363,1363
UNCHANGED,frontend/src/pages/Register.jsx,6b5cfd7578a066e62ebbcea5d2bee0f740f58a8bd3d38075d886d30cf3837f4f,6b5cfd7578a066e62ebbcea5d2bee0f740f58a8bd3d38075d886d30cf3837f4f,39560,39560,1321,1321
UNCHANGED,frontend/src/pages/Reports.css,9f4a4f35329ccbdbad2ceb4a4ceabe48bb6336f5464d9df684913380c4d3d6af,9f4a4f35329ccbdbad2ceb4a4ceabe48bb6336f5464d9df684913380c4d3d6af,40278,40278,2173,2173
UNCHANGED,frontend/src/pages/Reports.jsx,6da9222a8ec0b3f55f8c3bae287b79a921c550b529e021d42dc680fefb08d95b,6da9222a8ec0b3f55f8c3bae287b79a921c550b529e021d42dc680fefb08d95b,49343,49343,2149,2149
UNCHANGED,frontend/src/pages/ResetPassword.css,2f885b4e8e5a3f2e10d945fd363bcc6c559ca12fbfe478560ec1104e1fc68ef2,2f885b4e8e5a3f2e10d945fd363bcc6c559ca12fbfe478560ec1104e1fc68ef2,27806,27806,1485,1485
UNCHANGED,frontend/src/pages/ResetPassword.jsx,8cde17699a357fdb463e716b293aabb8b1351dc309211ead57fa6260a5eb1bbb,8cde17699a357fdb463e716b293aabb8b1351dc309211ead57fa6260a5eb1bbb,38449,38449,1487,1487
UNCHANGED,frontend/src/pages/Savings.css,3a0eb0a99241abaebb606971700910b50189ce8e7b47a4a614de3157c3fcfe8f,3a0eb0a99241abaebb606971700910b50189ce8e7b47a4a614de3157c3fcfe8f,31799,31799,1767,1767
UNCHANGED,frontend/src/pages/Savings.jsx,9accbf2ac5a48595277abf2856acf0a445bbab96b0b7b367643aa85ca9061337,9accbf2ac5a48595277abf2856acf0a445bbab96b0b7b367643aa85ca9061337,38616,38616,1692,1692
UNCHANGED,frontend/src/pages/Settings.css,6f8b7ed77d67326c0da8f886d8d955475fb0f61eb187231c0bdb026b533b7668,6f8b7ed77d67326c0da8f886d8d955475fb0f61eb187231c0bdb026b533b7668,43772,43772,3188,3188
UNCHANGED,frontend/src/pages/Settings.jsx,0122d67175305f1054eb7b94eb4e32eea02e5506ae5e621b0133203c208c0ecd,0122d67175305f1054eb7b94eb4e32eea02e5506ae5e621b0133203c208c0ecd,79829,79829,3491,3491
UNCHANGED,frontend/src/pages/SupportChat.js,0adf919f4e942a7f12c239da0f338eaaf4475e8b7d4d33d6de72be21ba1c7e79,0adf919f4e942a7f12c239da0f338eaaf4475e8b7d4d33d6de72be21ba1c7e79,81739,81739,4125,4125
UNCHANGED,frontend/src/pages/TITechChat.css,c5c51400dd35a6e1b711b8f9ca621731d2088b24cd5231d1a3e79b79e6fd6797,c5c51400dd35a6e1b711b8f9ca621731d2088b24cd5231d1a3e79b79e6fd6797,41363,41363,2195,2195
UNCHANGED,frontend/src/pages/TITechChat.js,dd3fc51387c77e054e322f33045fc2ff491682d9a0b6acc7d3ddc1ac66e631b8,dd3fc51387c77e054e322f33045fc2ff491682d9a0b6acc7d3ddc1ac66e631b8,35442,35442,1716,1716
UNCHANGED,frontend/src/pages/TITechChat/AnnouncementAdmin.jsx,810f89316654c6a0afe546ab3d5a514b6c8b2f242173520349a71172053d8d2a,810f89316654c6a0afe546ab3d5a514b6c8b2f242173520349a71172053d8d2a,71695,71695,3032,3032
UNCHANGED,frontend/src/pages/TITechChat/AnnouncementBell.jsx,29af25d3493dfb28077378edc456f76daa4d98c51b1f9ffc818507b37f0961f9,29af25d3493dfb28077378edc456f76daa4d98c51b1f9ffc818507b37f0961f9,20303,20303,991,991
UNCHANGED,frontend/src/pages/TITechChat/AnnouncementCenter.jsx,18501f917d19ecede1eff07af8b6cb23ac391f89e15d7281f6b86c510c3f2f13,18501f917d19ecede1eff07af8b6cb23ac391f89e15d7281f6b86c510c3f2f13,49476,49476,2258,2258
UNCHANGED,frontend/src/pages/TITechChat/AnnouncementDrawer.jsx,ee1e03979ed570fa9103d6ea9a3a6cd17e290fed0c42df81c53521e58f9f2ffe,ee1e03979ed570fa9103d6ea9a3a6cd17e290fed0c42df81c53521e58f9f2ffe,41591,41591,2127,2127
UNCHANGED,frontend/src/pages/TITechChat/ChatHome.css,6d83c81937ad53d0d69fb3f2b824604ab4c5880b427dae6d1adae3445e17aafc,6d83c81937ad53d0d69fb3f2b824604ab4c5880b427dae6d1adae3445e17aafc,48812,48812,2980,2980
UNCHANGED,frontend/src/pages/TITechChat/ChatHome.jsx,ea74779d85a2478dc2e58e9fa371ab0d9b7c71b289406b59dbebba03b05a3014,ea74779d85a2478dc2e58e9fa371ab0d9b7c71b289406b59dbebba03b05a3014,36241,36241,1638,1638
UNCHANGED,frontend/src/pages/TITechChat/ConversationView.jsx,993c63864616a17ca3baf1ce8d5da852c70f0e9584f36a14a50cc18713fe57b2,993c63864616a17ca3baf1ce8d5da852c70f0e9584f36a14a50cc18713fe57b2,55484,55484,2601,2601
UNCHANGED,frontend/src/pages/TITechChat/LoanThreads.css,977f7b997d0728f9221fd5c8ffc0bab163991e68100c44832bc618d793398a10,977f7b997d0728f9221fd5c8ffc0bab163991e68100c44832bc618d793398a10,37264,37264,2075,2075
UNCHANGED,frontend/src/pages/TITechChat/LoanThreads.jsx,8bdb7d08c1fdd6d85fb99e9565f1c43e6d3706571c2c13f71344ae9e5fd8fc15,8bdb7d08c1fdd6d85fb99e9565f1c43e6d3706571c2c13f71344ae9e5fd8fc15,42536,42536,2172,2172
UNCHANGED,frontend/src/pages/TITechChat/SavingsThreads.css,d5d8efec8161f3f29bb181ec9ab722c135ba08964c1785cdf93460095fb5486d,d5d8efec8161f3f29bb181ec9ab722c135ba08964c1785cdf93460095fb5486d,38971,38971,1572,1572
UNCHANGED,frontend/src/pages/TITechChat/SavingsThreads.jsx,fc253d5d6189eecd449f94698d0711b8654dabb7c21c6ef360c7f39eec57a410,fc253d5d6189eecd449f94698d0711b8654dabb7c21c6ef360c7f39eec57a410,61650,61650,3082,3082
UNCHANGED,frontend/src/pages/TITechChat/SupportThreads.css,614797a9fa9b997e6ab69ca6d3c31560c51c1549a7368c082511dde2b973dc81,614797a9fa9b997e6ab69ca6d3c31560c51c1549a7368c082511dde2b973dc81,39146,39146,1742,1742
UNCHANGED,frontend/src/pages/TITechChat/SupportThreads.jsx,c0d9a639227023a5d9fb58a3caccbb586e64401e6c3640e0bf20aee2186717c8,c0d9a639227023a5d9fb58a3caccbb586e64401e6c3640e0bf20aee2186717c8,37065,37065,2253,2253
UNCHANGED,frontend/src/pages/TITechChat/announcementAuditService.js,4fee37233be8185f5877fc9e724ed871eb60474436659c632b90393f57b0de4e,4fee37233be8185f5877fc9e724ed871eb60474436659c632b90393f57b0de4e,32060,32060,2211,2211
UNCHANGED,frontend/src/pages/TITechChat/announcementConstants.js,96a5a3d5f7a860044322e00495127158b537c42c9bad83b2d84e597e3c5e0e0d,96a5a3d5f7a860044322e00495127158b537c42c9bad83b2d84e597e3c5e0e0d,52532,52532,2601,2601
UNCHANGED,frontend/src/pages/TITechChat/announcementSelectors.js,36fd6b6b31cc244f962df904a2aab7beb835dbe5dec92aa02e1f28458ff9e24c,36fd6b6b31cc244f962df904a2aab7beb835dbe5dec92aa02e1f28458ff9e24c,41173,41173,2042,2042
UNCHANGED,frontend/src/pages/TITechChat/announcementService.js,e83efa0048c58ba604df7780e41c2d71de9b2bd04dab2887104724fdd41766cf,e83efa0048c58ba604df7780e41c2d71de9b2bd04dab2887104724fdd41766cf,37145,37145,2107,2107
UNCHANGED,frontend/src/pages/TITechChat/announcementSlice.js,b0084fa5b6b220281b05f8f079ea4d010c6c7e9ae4a38a6396a45f0a6defbe4d,b0084fa5b6b220281b05f8f079ea4d010c6c7e9ae4a38a6396a45f0a6defbe4d,42383,42383,2027,2027
UNCHANGED,frontend/src/pages/TITechChat/announcementTypes.js,c7e747f9a5ba85fea7a3e39f538483c6600ea66954a98db97693c2f35fff654a,c7e747f9a5ba85fea7a3e39f538483c6600ea66954a98db97693c2f35fff654a,30388,30388,1647,1647
UNCHANGED,frontend/src/pages/TermsOfService.jsx,eba7abf017416cd6362605abd0f0bd8abe281301d52d7c959812520b8a4debb7,eba7abf017416cd6362605abd0f0bd8abe281301d52d7c959812520b8a4debb7,47389,47389,1645,1645
UNCHANGED,frontend/src/pages/Transactions.css,33acec492097cfeef6f815129dd8979a90c6681e8340ba5ac0eaa8f8be3985d0,33acec492097cfeef6f815129dd8979a90c6681e8340ba5ac0eaa8f8be3985d0,35857,35857,1973,1973
UNCHANGED,frontend/src/pages/Transactions.jsx,4a9f856dd943f0b5f42949c3e3e68d279ba060a1f8601c243149908c86516a19,4a9f856dd943f0b5f42949c3e3e68d279ba060a1f8601c243149908c86516a19,41638,41638,1722,1722
UNCHANGED,frontend/src/pages/admin/AdminDashboard.jsx,b46c5e7e41f9bfa51cfc0fb08344f3bb93b9ba6aa92adb0f89d97b590db551f7,b46c5e7e41f9bfa51cfc0fb08344f3bb93b9ba6aa92adb0f89d97b590db551f7,27776,27776,1341,1341
UNCHANGED,frontend/src/pages/admin/AdminSessions.jsx,3fd8e6dcacd808b29695afe934320ee0234ddd465a480d8fca39d190d1a0b9d1,3fd8e6dcacd808b29695afe934320ee0234ddd465a480d8fca39d190d1a0b9d1,26999,26999,1039,1039
UNCHANGED,frontend/src/pages/admin/AdminSettings.jsx,f60290b7b4a3a99da330936338d0f43eac383b6e091836c3b6ca9dad06cf8d31,f60290b7b4a3a99da330936338d0f43eac383b6e091836c3b6ca9dad06cf8d31,31287,31287,1207,1207
UNCHANGED,frontend/src/pages/admin/ManageUsers.jsx,497e236414e9dd96957e21f2fab7e3cc3d522a2f7c17f36402a855b35a55b5a9,497e236414e9dd96957e21f2fab7e3cc3d522a2f7c17f36402a855b35a55b5a9,43741,43741,1780,1780
UNCHANGED,frontend/src/pages/dashboard/AdminDashboard.css,dcc0f64506c450299ea52e4bb46cc936d1e5f7ddbd3b7de302b926257ea1bda6,dcc0f64506c450299ea52e4bb46cc936d1e5f7ddbd3b7de302b926257ea1bda6,19445,19445,1088,1088
UNCHANGED,frontend/src/pages/dashboard/AdminDashboard.jsx,612610bef62e9fa5570185082f51282b6ad030fb5e68ab7425f422b2733a3efb,612610bef62e9fa5570185082f51282b6ad030fb5e68ab7425f422b2733a3efb,31755,31755,1394,1394
UNCHANGED,frontend/src/pages/dashboard/Dashboard.jsx,29be5345bc8f55e8560f47ff523b8eff77473f60827756611c0282abdf31c278,29be5345bc8f55e8560f47ff523b8eff77473f60827756611c0282abdf31c278,39671,39671,1678,1678
UNCHANGED,frontend/src/pages/dashboard/DashboardHeader.jsx,52b88bfc61911c637a03597e4c5660b2e4ebf2190d36fe8e433c1088ffd1e9b5,52b88bfc61911c637a03597e4c5660b2e4ebf2190d36fe8e433c1088ffd1e9b5,25561,25561,1161,1161
UNCHANGED,frontend/src/pages/dashboard/DashboardStats.css,94e5abcbe6b27129db21a5c8267a7ffb948f22379153c63e7b808df72bcdc318,94e5abcbe6b27129db21a5c8267a7ffb948f22379153c63e7b808df72bcdc318,18779,18779,946,946
UNCHANGED,frontend/src/pages/dashboard/DashboardStats.jsx,84f39ecb98c4b6872e15f9f815001e05aa6711b0348a3d8a778a4245d6a80949,84f39ecb98c4b6872e15f9f815001e05aa6711b0348a3d8a778a4245d6a80949,22610,22610,1034,1034
UNCHANGED,frontend/src/pages/dashboard/DashboardWidgets.css,c5515cbd024c6a4bc7da32379d671a5e3c471a420439448de975bbbf21573a8e,c5515cbd024c6a4bc7da32379d671a5e3c471a420439448de975bbbf21573a8e,16053,16053,794,794
UNCHANGED,frontend/src/pages/dashboard/DashboardWidgets.jsx,2fafbc53c657ab9eb6a543e30d63c03164fb1d331debb1eddcd6cf434b178c34,2fafbc53c657ab9eb6a543e30d63c03164fb1d331debb1eddcd6cf434b178c34,24430,24430,1098,1098
UNCHANGED,frontend/src/pages/dashboard/ExecutiveDashboard.css,af30a9a1137eacf2dde5d17b3ccc7bf9d20f63b0cffd65a51736690f0f857cfb,af30a9a1137eacf2dde5d17b3ccc7bf9d20f63b0cffd65a51736690f0f857cfb,23927,23927,1202,1202
UNCHANGED,frontend/src/pages/dashboard/ExecutiveDashboard.jsx,b17504875b732effc41bd4b1c482ff5a74b59bd0cc9dd09779c078f0ae1a3b90,b17504875b732effc41bd4b1c482ff5a74b59bd0cc9dd09779c078f0ae1a3b90,23701,23701,1026,1026
UNCHANGED,frontend/src/pages/dashboard/GroupList.css,ed16a591e1e0d65055920a3a835c589054813831a1055747312c647094c53436,ed16a591e1e0d65055920a3a835c589054813831a1055747312c647094c53436,18039,18039,939,939
UNCHANGED,frontend/src/pages/dashboard/GroupList.jsx,d1e50deda5d1b1f680639b129b610059e010735753ecc596a7af381fc01a74c1,d1e50deda5d1b1f680639b129b610059e010735753ecc596a7af381fc01a74c1,23508,23508,1141,1141
UNCHANGED,frontend/src/pages/dashboard/NotificationsPanel.css,cd93959638d5cec73343eb837a399d47fe28f3fdfec8a6301397a19c51dc4ce9,cd93959638d5cec73343eb837a399d47fe28f3fdfec8a6301397a19c51dc4ce9,18369,18369,900,900
UNCHANGED,frontend/src/pages/dashboard/NotificationsPanel.jsx,c555f2b642a12a33c4e2bff26ffb6e1e80231441e6212f14e96b572b0311c5cb,c555f2b642a12a33c4e2bff26ffb6e1e80231441e6212f14e96b572b0311c5cb,33599,33599,1632,1632
UNCHANGED,frontend/src/pages/dashboard/SystemHealth.css,a8a2fd8bf1cfa8d3035f0282f5a3c38b3b6b54432bb66416f40c51a94ae2cbe9,a8a2fd8bf1cfa8d3035f0282f5a3c38b3b6b54432bb66416f40c51a94ae2cbe9,20445,20445,1149,1149
UNCHANGED,frontend/src/pages/dashboard/SystemHealth.jsx,d6b16b1e02d7c4557282ac51105ae85c977f420ce4e6d466879af193e35294bb,d6b16b1e02d7c4557282ac51105ae85c977f420ce4e6d466879af193e35294bb,24690,24690,1284,1284
UNCHANGED,frontend/src/pages/onboarding/GoLiveChecklist.jsx,147e87dd2a59697f57cde948e65ada0c55860fd54bf6416aa215a45f66fb3d80,147e87dd2a59697f57cde948e65ada0c55860fd54bf6416aa215a45f66fb3d80,7848,7848,389,389
UNCHANGED,frontend/src/pages/onboarding/GoLiveReview.jsx,346398ab91255fba206deb80e04063a1f11c0cc115d4b7f04386fb66ef6e7c4b,346398ab91255fba206deb80e04063a1f11c0cc115d4b7f04386fb66ef6e7c4b,8266,8266,479,479
UNCHANGED,frontend/src/pages/onboarding/KYCVerification.css,3efe997e7100bd941c6656a99db410f51a3f51fa7c66e14f20374c9d18539145,3efe997e7100bd941c6656a99db410f51a3f51fa7c66e14f20374c9d18539145,9185,9185,543,543
UNCHANGED,frontend/src/pages/onboarding/KYCVerification.jsx,35176826f53136aa151215677d12be739cc308c7a22cc08e120a4289104dd34c,35176826f53136aa151215677d12be739cc308c7a22cc08e120a4289104dd34c,11833,11833,612,612
UNCHANGED,frontend/src/pages/onboarding/OnboardingAPI.js,a3bdd837e3861669e1575b9217b13b3fc8c0e085d1cd316c8d7d02bba8bef07c,a3bdd837e3861669e1575b9217b13b3fc8c0e085d1cd316c8d7d02bba8bef07c,7500,7500,397,397
UNCHANGED,frontend/src/pages/onboarding/OnboardingDashboard.jsx,2392c89bcab2605f2bb036597bceb560fae718280893d9b074110ecf46a49969,2392c89bcab2605f2bb036597bceb560fae718280893d9b074110ecf46a49969,11319,11319,557,557
UNCHANGED,frontend/src/pages/onboarding/SaccoRegistration.css,4e782fb135efc7a16ff4c7e27fb34c006b3ce709b552b6992502ba13b73ebb9a,4e782fb135efc7a16ff4c7e27fb34c006b3ce709b552b6992502ba13b73ebb9a,8878,8878,448,448
UNCHANGED,frontend/src/pages/onboarding/SaccoRegistration.jsx,c5bfa28fda1e130f6af826428f433e414ba85a5d680e9a8db5752cc74f74e515,c5bfa28fda1e130f6af826428f433e414ba85a5d680e9a8db5752cc74f74e515,15113,15113,716,716
UNCHANGED,frontend/src/pages/onboarding/SubscriptionSetup.jsx,4780355667890007942d72db826b06813071795d9cd4d80078d7744df4a18a4b,4780355667890007942d72db826b06813071795d9cd4d80078d7744df4a18a4b,11383,11383,562,562
UNCHANGED,frontend/src/redux/actions/settingsActions.js,0b56340349c495e2620f53440a9c1cb73a9636db0c61f60b5d627ac156c1e611,0b56340349c495e2620f53440a9c1cb73a9636db0c61f60b5d627ac156c1e611,13089,13089,634,634
UNCHANGED,frontend/src/redux/reducers/rootReducer.js,5f2073d0ed88aa47066bd27e58bfeb184df24a4f2d8b9ce6d9403f96eb86bfb2,5f2073d0ed88aa47066bd27e58bfeb184df24a4f2d8b9ce6d9403f96eb86bfb2,3132,3132,128,128
UNCHANGED,frontend/src/redux/reducers/settingsReducer.js,8e2ea4d3b0214a67285b9635a6b662c885c894a788487c15476efb7d2e05a946,8e2ea4d3b0214a67285b9635a6b662c885c894a788487c15476efb7d2e05a946,9727,9727,413,413
UNCHANGED,frontend/src/redux/selectors/settingsSelectors.js,e3b0c44298fc1c149afbf4c8996fb92427ae41e4649b934ca495991b7852b855,e3b0c44298fc1c149afbf4c8996fb92427ae41e4649b934ca495991b7852b855,0,0,0,0
UNCHANGED,frontend/src/redux/types/actionTypes.js,bf95bd98d8c9c12340b2337fac2c9509ab79b0b1488aded8d765585fa4ec77e7,bf95bd98d8c9c12340b2337fac2c9509ab79b0b1488aded8d765585fa4ec77e7,713,713,20,20
UNCHANGED,frontend/src/routes/AdminRoute.jsx,a46c38fdc95a48e672cbcc89d2a64ab268af1465fae17b96ea8ffb06c376bf2b,a46c38fdc95a48e672cbcc89d2a64ab268af1465fae17b96ea8ffb06c376bf2b,15597,15597,723,723
UNCHANGED,frontend/src/routes/AppRoutes.jsx,41d755315ebd23133890c44b8a400b740209c556f92bd550f0bd9f439386f2e0,41d755315ebd23133890c44b8a400b740209c556f92bd550f0bd9f439386f2e0,14911,14911,664,664
UNCHANGED,frontend/src/routes/FeatureRoute.jsx,7205fa7b3bfb1a2186fb5fcf1a01e26d0871fdc9f02657b4a43bc55776af14ed,7205fa7b3bfb1a2186fb5fcf1a01e26d0871fdc9f02657b4a43bc55776af14ed,19129,19129,924,924
UNCHANGED,frontend/src/routes/PermissionRoute.jsx,4cb55c204ff57e920ceb2b0322786757e9690b3d670a2a9b4f1cbea5248576db,4cb55c204ff57e920ceb2b0322786757e9690b3d670a2a9b4f1cbea5248576db,15788,15788,765,765
UNCHANGED,frontend/src/routes/ProtectedRoute.jsx,83cb2be23e0fe614a34e07d8821bba0c8d1b22dc940d006341591ee0ae945690,83cb2be23e0fe614a34e07d8821bba0c8d1b22dc940d006341591ee0ae945690,17417,17417,858,858
UNCHANGED,frontend/src/routes/RouteErrorBoundary.jsx,056eeced547af0f3a18557a4bc0fe322939b38f01ea1a353727a06b5bf49ba44,056eeced547af0f3a18557a4bc0fe322939b38f01ea1a353727a06b5bf49ba44,15394,15394,729,729
UNCHANGED,frontend/src/routes/RouteGuards.jsx,654e79432cec97a7558ea882bd720f285fe0c5aad227672d082a07040d7414ad,654e79432cec97a7558ea882bd720f285fe0c5aad227672d082a07040d7414ad,22059,22059,1250,1250
UNCHANGED,frontend/src/routes/TenantRoute.jsx,5ed649ec3b1f1a630b44809d2b6c66f39f79bc259a705be879c93282b7bb36ce,5ed649ec3b1f1a630b44809d2b6c66f39f79bc259a705be879c93282b7bb36ce,16693,16693,843,843
UNCHANGED,frontend/src/routes/routeConfig.js,d18fa330565018d37db48ba8d904a297e787539421a337fda75654d427310053,d18fa330565018d37db48ba8d904a297e787539421a337fda75654d427310053,28965,28965,1582,1582
UNCHANGED,frontend/src/services/api.js,ebfb06c299e4a3398221f83806b66d0aa9896d4b4b65e288539935d3cc83f074,ebfb06c299e4a3398221f83806b66d0aa9896d4b4b65e288539935d3cc83f074,44126,44126,2257,2257
UNCHANGED,frontend/src/services/chatApi.js,798bb0d9a0ad8c678879ccd94dafea1cfe37ab78dcc71b60f67dc1bdfaa26b13,798bb0d9a0ad8c678879ccd94dafea1cfe37ab78dcc71b60f67dc1bdfaa26b13,557,557,21,21
UNCHANGED,frontend/src/services/chatService.js,96e17541987fdb9cc4289b004dd4a438c0fe0d1c9b2ecaf03d3aac4139316023,96e17541987fdb9cc4289b004dd4a438c0fe0d1c9b2ecaf03d3aac4139316023,5276,5276,251,251
UNCHANGED,frontend/src/services/faqService.js,17021f2844a93b1c7f256f850b8c84b977144876855b36e3d831e76c1983f2db,17021f2844a93b1c7f256f850b8c84b977144876855b36e3d831e76c1983f2db,5231,5231,205,205
UNCHANGED,frontend/src/services/forumService.js,324b2ff66cc0203683c13544b4025e5b56c07bd25e8cca612ba1b668e62372d1,324b2ff66cc0203683c13544b4025e5b56c07bd25e8cca612ba1b668e62372d1,5437,5437,227,227
UNCHANGED,frontend/src/services/helpService.js,016624831524bbab10ef137445fcccd0e7d0ea7f6a2891d8b9ba1a5838114c4c,016624831524bbab10ef137445fcccd0e7d0ea7f6a2891d8b9ba1a5838114c4c,5526,5526,228,228
UNCHANGED,frontend/src/services/onboardingService.js,fabd9a69f0818bd0ae7276ca94197f2952ed48f57dca49760ffb17f89683c90b,fabd9a69f0818bd0ae7276ca94197f2952ed48f57dca49760ffb17f89683c90b,8629,8629,480,480
UNCHANGED,frontend/src/services/socket.js,c9244c4313e79f85a282747f7a45960c9f7898b79ffbfcbd0c3e36353cb7bfa7,c9244c4313e79f85a282747f7a45960c9f7898b79ffbfcbd0c3e36353cb7bfa7,9796,9796,554,554
UNCHANGED,frontend/src/setupTests.js,badfc50c3a085abc70124cb7609470bd412bb2c824e02d94db1db7bc4673ad97,badfc50c3a085abc70124cb7609470bd412bb2c824e02d94db1db7bc4673ad97,35599,35599,1700,1700
UNCHANGED,frontend/src/sockets/chatSocket.js,dfc8284d6e0f74060881c9399e0ab39aac88b484015b6cabb1fcf629191e18ed,dfc8284d6e0f74060881c9399e0ab39aac88b484015b6cabb1fcf629191e18ed,4322,4322,175,175
UNCHANGED,frontend/src/state/settings/settingsOperations.js,5c7ef1e00765e08cc974441b35ba6cc521b088a2c23466d9da67029bdcb50aae,5c7ef1e00765e08cc974441b35ba6cc521b088a2c23466d9da67029bdcb50aae,12633,12633,620,620
UNCHANGED,frontend/src/store/chat/chatOperations.js,f4356fb3f3db56185cd0cd65155dd9383eba9cdbcd693e06ef6f53e26930b65d,f4356fb3f3db56185cd0cd65155dd9383eba9cdbcd693e06ef6f53e26930b65d,31471,31471,1578,1578
UNCHANGED,frontend/src/store/chat/chatSelectors.js,ca046a332a1abb1b957a3d677663db02c464f68b1d319693c2c71399f390b1cb,ca046a332a1abb1b957a3d677663db02c464f68b1d319693c2c71399f390b1cb,35578,35578,1768,1768
UNCHANGED,frontend/src/store/chatSlice.js,5d7fd5388b6a211dae05ed79991774243951c17a94d99114ebff5cfaf3567304,5d7fd5388b6a211dae05ed79991774243951c17a94d99114ebff5cfaf3567304,43058,43058,2135,2135
UNCHANGED,frontend/src/store/index.js,1dde9a6d2ea2e4303eeb8899ae00958fa20fb0c5a1ec65487d92a7f90e1f17b6,1dde9a6d2ea2e4303eeb8899ae00958fa20fb0c5a1ec65487d92a7f90e1f17b6,8547,8547,277,277
UNCHANGED,frontend/src/styles/adminDashboard.css,2730de13c168af7b56d021a95dbe776f0b4ca711904862d2af5afe22484f73cb,2730de13c168af7b56d021a95dbe776f0b4ca711904862d2af5afe22484f73cb,10367,10367,545,545
UNCHANGED,frontend/src/styles/createGroup.css,9b348e915911497dbfbdde6d09b710eece9edb2d241ac0c85da5a25827e8840e,9b348e915911497dbfbdde6d09b710eece9edb2d241ac0c85da5a25827e8840e,1304,1304,79,79
UNCHANGED,frontend/src/styles/dashboard.css,eceeb7cde0bb430c78373ee9ab1ce06d60e38c721a8068005d66eea912fd57a0,eceeb7cde0bb430c78373ee9ab1ce06d60e38c721a8068005d66eea912fd57a0,748,748,44,44
UNCHANGED,frontend/src/styles/groupDetails.css,45fb1fb3441b5b47164caebc19f9d7c3c7c92cec292b166007409b6e24677a47,45fb1fb3441b5b47164caebc19f9d7c3c7c92cec292b166007409b6e24677a47,836,836,83,83
UNCHANGED,frontend/src/styles/groupList.css,48e8be35bc0d4c9c55a64863fb4575f441dac5572d5cc47970ae5c1bce39c98f,48e8be35bc0d4c9c55a64863fb4575f441dac5572d5cc47970ae5c1bce39c98f,889,889,49,49
UNCHANGED,frontend/src/styles/login.css,89aadca4eb8262a742104479a659fb97faedf9847b747c2638c84a00796e65d3,89aadca4eb8262a742104479a659fb97faedf9847b747c2638c84a00796e65d3,974,974,60,60
UNCHANGED,frontend/src/styles/register.css,53699d91f39d969a9d8ed1ce322c030fb9139a5cd6452933c30030f06cff70aa,53699d91f39d969a9d8ed1ce322c030fb9139a5cd6452933c30030f06cff70aa,788,788,46,46
UNCHANGED,frontend/src/tables/DataTable.jsx,40a5db2fe6f9efa99c21bb999a6363d7283cdb78fd17551431e9788df5bce7bd,40a5db2fe6f9efa99c21bb999a6363d7283cdb78fd17551431e9788df5bce7bd,15111,15111,692,692
UNCHANGED,frontend/src/tables/LoanTable.jsx,0a0c202b33de4ea7c04db33f5df30171edfe2ece2ed4a674aff21ebd4263c11d,0a0c202b33de4ea7c04db33f5df30171edfe2ece2ed4a674aff21ebd4263c11d,9270,9270,471,471
UNCHANGED,frontend/src/tables/SavingsTable.jsx,a67983e6b6482984cf199952134eefe8bdb61857de7222d5a789dc45633bcafd,a67983e6b6482984cf199952134eefe8bdb61857de7222d5a789dc45633bcafd,8448,8448,433,433
UNCHANGED,frontend/src/tables/TransactionTable.jsx,75b4c5f92941e41ec1ad1355c4a7e8a73d2c35c399faceaaa188fbaef3ebbd8d,75b4c5f92941e41ec1ad1355c4a7e8a73d2c35c399faceaaa188fbaef3ebbd8d,9241,9241,490,490
UNCHANGED,frontend/src/tables/index.js,f96ad8ee00a1061a3fe18d1585ad2d59e625a7be0ed01bef0d50cf8aa96a64d8,f96ad8ee00a1061a3fe18d1585ad2d59e625a7be0ed01bef0d50cf8aa96a64d8,1979,1979,64,64
UNCHANGED,frontend/src/testServer.js,b507335fd9af55156dac3602e5932754dc1e4522da9f2c17ccb5e17df713c3c5,b507335fd9af55156dac3602e5932754dc1e4522da9f2c17ccb5e17df713c3c5,1041,1041,34,34
UNCHANGED,frontend/src/ui/Button.jsx,b1feabfe3f83f97bd16f62d3b3dc4909f43ebd2f864a2513c411276d54f8a062,b1feabfe3f83f97bd16f62d3b3dc4909f43ebd2f864a2513c411276d54f8a062,7541,7541,354,354
UNCHANGED,frontend/src/ui/Card.jsx,6c98b1a7a6bfaef250af547a4c3061f1c3dc7bfb17b2ad908f1109bf48438694,6c98b1a7a6bfaef250af547a4c3061f1c3dc7bfb17b2ad908f1109bf48438694,5427,5427,286,286
UNCHANGED,frontend/src/ui/ErrorBoundary.jsx,e2e2d17d293c1fe605b861c14661b16510d88cbaeca50faa0ec61b590eafdd4d,e2e2d17d293c1fe605b861c14661b16510d88cbaeca50faa0ec61b590eafdd4d,911,911,57,57
UNCHANGED,frontend/src/ui/FeatureGate.jsx,ae6ed202f36d48f942dcea763c5e2171f572f6a4d1fdb1cf614df32030f6dd01,ae6ed202f36d48f942dcea763c5e2171f572f6a4d1fdb1cf614df32030f6dd01,4332,4332,229,229
UNCHANGED,frontend/src/ui/Input.jsx,c5a0360deb79e269243a35ebf8aa8d564e4a7135c2c654d5007dd8b2bfea76b2,c5a0360deb79e269243a35ebf8aa8d564e4a7135c2c654d5007dd8b2bfea76b2,6557,6557,340,340
UNCHANGED,frontend/src/ui/LoadingScreen.jsx,bd03c651639da91195f92127357965f2ce0fabf233b5d605b5b4c4b12e56b51f,bd03c651639da91195f92127357965f2ce0fabf233b5d605b5b4c4b12e56b51f,3343,3343,158,158
UNCHANGED,frontend/src/ui/Modal.jsx,be1fc0de1c6a29a69009511fa5072afa00d9d469968186a394778e3ae2ca6757,be1fc0de1c6a29a69009511fa5072afa00d9d469968186a394778e3ae2ca6757,6103,6103,316,316
UNCHANGED,frontend/src/ui/NotificationBell.jsx,bced6c9f472c096ea75f4c010a4391aa58b76ffd73fbb0365514e137b9fe9c20,bced6c9f472c096ea75f4c010a4391aa58b76ffd73fbb0365514e137b9fe9c20,9924,9924,444,444
UNCHANGED,frontend/src/ui/NotificationProvider.jsx,7603a7d7543c53c7b5d5c632dd259a3069f836e58c72d79385adf4ae4115af8c,7603a7d7543c53c7b5d5c632dd259a3069f836e58c72d79385adf4ae4115af8c,165,165,8,8
UNCHANGED,frontend/src/ui/PageHeader.jsx,11f9f1737005c9b66122fc74177dc4fc547d76c65da7de79056af9cd81194ab3,11f9f1737005c9b66122fc74177dc4fc547d76c65da7de79056af9cd81194ab3,5488,5488,239,239
UNCHANGED,frontend/src/ui/Pagination.jsx,43889408122da4f9a2958a8f44ef13e36c52885b0ed225619dab76567e44a430,43889408122da4f9a2958a8f44ef13e36c52885b0ed225619dab76567e44a430,7818,7818,433,433
UNCHANGED,frontend/src/ui/PermissionGate.jsx,17109a8713e48267c250b8d42713fd089928aa527befa92bec3ebe2208ccd167,17109a8713e48267c250b8d42713fd089928aa527befa92bec3ebe2208ccd167,5146,5146,285,285
UNCHANGED,frontend/src/ui/SearchBox.jsx,97c2fe8c99f141fcfe1da618f08964e125881f44c3f2147c31a8f384ae1408d6,97c2fe8c99f141fcfe1da618f08964e125881f44c3f2147c31a8f384ae1408d6,5944,5944,315,315
UNCHANGED,frontend/src/ui/Select.jsx,d1c5c9af52362b5f8d86f64a335128d9d99b8899b47aa6dd7fe8d5f642754953,d1c5c9af52362b5f8d86f64a335128d9d99b8899b47aa6dd7fe8d5f642754953,5946,5946,312,312
UNCHANGED,frontend/src/ui/Skeleton.jsx,15495f0dcb5764aa13a4c461e4a302316be773d9e4b08e4515a04df6333f578b,15495f0dcb5764aa13a4c461e4a302316be773d9e4b08e4515a04df6333f578b,3711,3711,202,202
UNCHANGED,frontend/src/ui/StatCard.jsx,368aa65524fa76a7afb50a61ee416af469153032b33b736fa60f0640d248bfb7,368aa65524fa76a7afb50a61ee416af469153032b33b736fa60f0640d248bfb7,4569,4569,266,266
UNCHANGED,frontend/src/ui/StatusBadge.jsx,b913402dfdd81f625c3452af5806469b67cf638f28fcad92bf0fcced6f6d1184,b913402dfdd81f625c3452af5806469b67cf638f28fcad92bf0fcced6f6d1184,4742,4742,282,282
UNCHANGED,frontend/src/ui/TenantSwitcher.jsx,46b71916db3e2be20e89720e77f6ba41dfb9cef396438e25394640e6fa1ba0ea,46b71916db3e2be20e89720e77f6ba41dfb9cef396438e25394640e6fa1ba0ea,9770,9770,471,471
UNCHANGED,frontend/src/ui/UserMenu.jsx,841eea3a33d20e4dabc56b5df430b42db8a85b39026d234d4ead40a1c3ea2903,841eea3a33d20e4dabc56b5df430b42db8a85b39026d234d4ead40a1c3ea2903,8684,8684,408,408
UNCHANGED,frontend/src/ui/index.js,a348f07683ecfe022a6d00742bade143db14470d36d107d1e12dd248f2f43344,a348f07683ecfe022a6d00742bade143db14470d36d107d1e12dd248f2f43344,8661,8661,251,251
UNCHANGED,frontend/src/ui/uiSlice.js,e3b0c44298fc1c149afbf4c8996fb92427ae41e4649b934ca495991b7852b855,e3b0c44298fc1c149afbf4c8996fb92427ae41e4649b934ca495991b7852b855,0,0,0,0
UNCHANGED,frontend/src/utils/logger.js,0a756906478ecca85b8790994fba8ec4c596c28c31694609514d0059aa4656ba,0a756906478ecca85b8790994fba8ec4c596c28c31694609514d0059aa4656ba,14301,14301,789,789
UNCHANGED,frontend/test-output.txt,e751770f672559f0a72e0d265111d4b648d487f8f4e395fa045f8e1dca9093ce,e751770f672559f0a72e0d265111d4b648d487f8f4e395fa045f8e1dca9093ce,3242502,3242502,23591,23591
UNCHANGED,frontend/vite.config.js,6dc52392158141c1bc05b79b86da029988de87f0ef0c8b9dcf35e076e0a3779c,6dc52392158141c1bc05b79b86da029988de87f0ef0c8b9dcf35e076e0a3779c,19091,19091,876,876
UNCHANGED,frontend/vitest.config.js,acaca6f81aa54ab694b3063dd4b6ad6589c0fcd17a4e4aa11ee2ca7c577cf3e6,acaca6f81aa54ab694b3063dd4b6ad6589c0fcd17a4e4aa11ee2ca7c577cf3e6,3119,3119,148,148
UNCHANGED,infrastructure/kubernetes/README.md,4d204eccc332a63148037867e068f45245508058af0e970e75cfb744c96556bf,4d204eccc332a63148037867e068f45245508058af0e970e75cfb744c96556bf,634,634,16,16
UNCHANGED,infrastructure/kubernetes/api-deployment.yaml,e3b0c44298fc1c149afbf4c8996fb92427ae41e4649b934ca495991b7852b855,e3b0c44298fc1c149afbf4c8996fb92427ae41e4649b934ca495991b7852b855,0,0,0,0
UNCHANGED,infrastructure/kubernetes/charts/backend/Chart.yaml,a93eb5cbfe052a59c5e606ca54740bd382de24e888501dedd972e291d06ac91b,a93eb5cbfe052a59c5e606ca54740bd382de24e888501dedd972e291d06ac91b,172,172,7,7
UNCHANGED,infrastructure/kubernetes/charts/backend/templates/_helpers.tpl,8d4ed69c9e3bf33354ce67f0b64b6970539e0b0df9cf36dca318873a1dde4a38,8d4ed69c9e3bf33354ce67f0b64b6970539e0b0df9cf36dca318873a1dde4a38,646,646,20,20
UNCHANGED,infrastructure/kubernetes/charts/backend/templates/deployment.yaml,857aeddfe7c4d0499a119f2778dd17168d0a21d882d17d6b7b1f18c0b5cc3ac2,857aeddfe7c4d0499a119f2778dd17168d0a21d882d17d6b7b1f18c0b5cc3ac2,1723,1723,57,57
UNCHANGED,infrastructure/kubernetes/charts/backend/templates/hpa.yaml,3be6927618296f15af1ad7f37f749507a0306135adc98bfb29550e632b8a629d,3be6927618296f15af1ad7f37f749507a0306135adc98bfb29550e632b8a629d,604,604,23,23
UNCHANGED,infrastructure/kubernetes/charts/backend/templates/service.yaml,2e57989e481b3150f4511167215d1a1dd17772ce11dca5283a1e4731658bf609,2e57989e481b3150f4511167215d1a1dd17772ce11dca5283a1e4731658bf609,414,414,17,17
UNCHANGED,infrastructure/kubernetes/charts/backend/values-production.yaml,5884026341f573fb4affe30ce1e22fb0594a936fd42e2350e18bd88521d62427,5884026341f573fb4affe30ce1e22fb0594a936fd42e2350e18bd88521d62427,295,295,17,17
UNCHANGED,infrastructure/kubernetes/charts/backend/values-staging.yaml,43e1c5987f1e99e62cfa68cc79677793e1c041de191439fb4ce8d0e864ced27b,43e1c5987f1e99e62cfa68cc79677793e1c041de191439fb4ce8d0e864ced27b,223,223,14,14
UNCHANGED,infrastructure/kubernetes/charts/backend/values.yaml,89b43564bf79550ce3e3158267431770b45f3b923b5ea52e21935e950b458287,89b43564bf79550ce3e3158267431770b45f3b923b5ea52e21935e950b458287,708,708,48,48
UNCHANGED,infrastructure/kubernetes/charts/frontend/Chart.yaml,bc55bca4aff5169eb99d26efab998270494a142c79d7c1f9bc4f2752ca135484,bc55bca4aff5169eb99d26efab998270494a142c79d7c1f9bc4f2752ca135484,174,174,7,7
UNCHANGED,infrastructure/kubernetes/charts/frontend/templates/_helpers.tpl,8662139634d42ad3d8024ac77fd23752e25ca55f9ebac791f7c7d21e960c04f1,8662139634d42ad3d8024ac77fd23752e25ca55f9ebac791f7c7d21e960c04f1,652,652,20,20
UNCHANGED,infrastructure/kubernetes/charts/frontend/templates/deployment.yaml,65f8cabea2fc125eb58f6e83725a483620552962a27b4ab4dbd97cc4011ca076,65f8cabea2fc125eb58f6e83725a483620552962a27b4ab4dbd97cc4011ca076,1486,1486,50,50
UNCHANGED,infrastructure/kubernetes/charts/frontend/templates/service.yaml,4571469908c178797bb2738d1c8436bb76117a7ada26a2d639f5e50e091e97b6,4571469908c178797bb2738d1c8436bb76117a7ada26a2d639f5e50e091e97b6,417,417,17,17
UNCHANGED,infrastructure/kubernetes/charts/frontend/values-production.yaml,b13ddc4171be46f5e620f2affbb65992f740f7ac5c33f54b42864935f1cfc1ca,b13ddc4171be46f5e620f2affbb65992f740f7ac5c33f54b42864935f1cfc1ca,146,146,11,11
UNCHANGED,infrastructure/kubernetes/charts/frontend/values-staging.yaml,0961a9a6802159ddd124442da9e8b60f18f1aa640ee0d843de09f8b0fa054c75,0961a9a6802159ddd124442da9e8b60f18f1aa640ee0d843de09f8b0fa054c75,50,50,4,4
UNCHANGED,infrastructure/kubernetes/charts/frontend/values.yaml,6702913ae15d5af5eb28841b005eeddc8fa40bcaa6f0b873da9c553e8ca3c3f7,6702913ae15d5af5eb28841b005eeddc8fa40bcaa6f0b873da9c553e8ca3c3f7,589,589,39,39
UNCHANGED,infrastructure/kubernetes/ingress.yaml,e3b0c44298fc1c149afbf4c8996fb92427ae41e4649b934ca495991b7852b855,e3b0c44298fc1c149afbf4c8996fb92427ae41e4649b934ca495991b7852b855,0,0,0,0
UNCHANGED,infrastructure/kubernetes/mongo-deployment.yaml,e3b0c44298fc1c149afbf4c8996fb92427ae41e4649b934ca495991b7852b855,e3b0c44298fc1c149afbf4c8996fb92427ae41e4649b934ca495991b7852b855,0,0,0,0
UNCHANGED,infrastructure/kubernetes/redis-deployment.yaml,e3b0c44298fc1c149afbf4c8996fb92427ae41e4649b934ca495991b7852b855,e3b0c44298fc1c149afbf4c8996fb92427ae41e4649b934ca495991b7852b855,0,0,0,0
UNCHANGED,infrastructure/kubernetes/web-deployment.yaml,e3b0c44298fc1c149afbf4c8996fb92427ae41e4649b934ca495991b7852b855,e3b0c44298fc1c149afbf4c8996fb92427ae41e4649b934ca495991b7852b855,0,0,0,0
UNCHANGED,nginx/staging.conf,c6d8cf0bdcc074518d48fe5698dc69d33dc520db1725235295d5e2502ad66d04,c6d8cf0bdcc074518d48fe5698dc69d33dc520db1725235295d5e2502ad66d04,5817,5817,207,207
UNCHANGED,package-lock.json,32a898ef60d17cf9a7595dbfa30805ce7f22d8ae3c6cf3077963a343df21af1b,32a898ef60d17cf9a7595dbfa30805ce7f22d8ae3c6cf3077963a343df21af1b,318,318,18,18
UNCHANGED,postman/Community-auth-tests.postman_collection.json,ea8e637c43c5064abf0df754c042b741226123b5c7b1ff2ba7111cc55949ed72,ea8e637c43c5064abf0df754c042b741226123b5c7b1ff2ba7111cc55949ed72,4511,4511,146,146
UNCHANGED,postman/Group-env.postman_environment.json,37c929b9d0f98f37d54b391e242058649647931e3e59eaf00fd8b4a4ee9c8f40,37c929b9d0f98f37d54b391e242058649647931e3e59eaf00fd8b4a4ee9c8f40,376,376,24,24
UNCHANGED,postman/Group-requests.postman_collection.json,b2bfaf6af7a76a6fb6371285bb7fda06689440edacd13f78f076bd84e2377e75,b2bfaf6af7a76a6fb6371285bb7fda06689440edacd13f78f076bd84e2377e75,2813,2813,106,106
UNCHANGED,postman/Register-only.postman_collection.json,07d1638f01aaa5bda1cb3f4540ce005a3f2d9b0378b088d2c101f01c9af641a0,07d1638f01aaa5bda1cb3f4540ce005a3f2d9b0378b088d2c101f01c9af641a0,1039,1039,37,37
UNCHANGED,postman/reports/.gitkeep,e3b0c44298fc1c149afbf4c8996fb92427ae41e4649b934ca495991b7852b855,e3b0c44298fc1c149afbf4c8996fb92427ae41e4649b934ca495991b7852b855,0,0,0,0
UNCHANGED,postman/reports/newman-report.json,cf876ad453442f0a9b257d212580cf6e7a8adfb12170200fffd8d09d4c0d337a,cf876ad453442f0a9b257d212580cf6e7a8adfb12170200fffd8d09d4c0d337a,158626,158626,4869,4869
UNCHANGED,postman/run_group_flow.ps1,fb4bdb44935835fd455fc9b29006b674de32ded0b9456ed6ba55286ea56da8c1,fb4bdb44935835fd455fc9b29006b674de32ded0b9456ed6ba55286ea56da8c1,1823,1823,44,44
UNCHANGED,postman/run_group_flow.sh,35aef28376f7a1589bf65572bf4ba9336717e4104e99c4b73d3ba7049dfc5c8e,35aef28376f7a1589bf65572bf4ba9336717e4104e99c4b73d3ba7049dfc5c8e,1574,1574,47,47
UNCHANGED,prometheus/prometheus.yml,43abdf84c9ff89a1f137cc4c9b23cb4c01f0a2311fb1215507c6e5cc57be29d9,43abdf84c9ff89a1f137cc4c9b23cb4c01f0a2311fb1215507c6e5cc57be29d9,225,225,11,11
UNCHANGED,prometheus/staging.yml,e1a9c650e1c2e3bb570eb2797b1860d9db7f703111a2324b754491fb37f84dee,e1a9c650e1c2e3bb570eb2797b1860d9db7f703111a2324b754491fb37f84dee,1351,1351,61,61
UNCHANGED,scripts/check-conflicts.js,13cd5f4bda26e1b49e0b5d08142170bac785ec165f3068b71c51a10f97ba422f,13cd5f4bda26e1b49e0b5d08142170bac785ec165f3068b71c51a10f97ba422f,1863,1863,65,65
UNCHANGED,scripts/deploy-blue-green.sh,2aa83bcc51258456ab64dc7bf17a9c24dbc768158ae71f21aa79b5f5647c96be,2aa83bcc51258456ab64dc7bf17a9c24dbc768158ae71f21aa79b5f5647c96be,9383,9383,312,312
UNCHANGED,scripts/deploy-staging.sh,9657c90227b31b70f40370795c5dd4b161046c4f3bfc0158c9715452a3dc1195,9657c90227b31b70f40370795c5dd4b161046c4f3bfc0158c9715452a3dc1195,5890,5890,207,207
UNCHANGED,scripts/dev.mjs,89e26a819b99009a2acc076cec56c70f9e908d617e0d5fb348ef43c9947615a7,89e26a819b99009a2acc076cec56c70f9e908d617e0d5fb348ef43c9947615a7,854,854,30,30
UNCHANGED,scripts/init-mongo.js,59f2429dcec3aa32b66f81693f3a888002e4122a02930530bda162af943ac4d3,59f2429dcec3aa32b66f81693f3a888002e4122a02930530bda162af943ac4d3,1534,1534,51,51
UNCHANGED,scripts/postman-validate.mjs,65a62be6fd24825b141ac4816764626eeaa3950026a32651e0554b0a9a7c3d36,65a62be6fd24825b141ac4816764626eeaa3950026a32651e0554b0a9a7c3d36,643,643,17,17
UNCHANGED,scripts/runtime-import-audit.mjs,10b04db7eb6d334fbb3b0e2d421fa9603a3d691c0e3fda641bd98d13214d480f,10b04db7eb6d334fbb3b0e2d421fa9603a3d691c0e3fda641bd98d13214d480f,4009,4009,111,111
UNCHANGED,scripts/seed-admin-cli.cjs,6508afd05ba2e854f25303e566066a9d153e08b1150832018fc6944664822b9f,6508afd05ba2e854f25303e566066a9d153e08b1150832018fc6944664822b9f,1364,1364,58,58
UNCHANGED,scripts/seed-admin-cli.js,04df4275fc0f355949243598521e25ddd8d59d71447d7d969a74ba565f063984,04df4275fc0f355949243598521e25ddd8d59d71447d7d969a74ba565f063984,2999,2999,83,83
UNCHANGED,scripts/seed-groups-cli.cjs,cc163b441dd67e79ee5c9e07f3b6360ca9d90448b9f9d8350e30a1eba5fc35df,cc163b441dd67e79ee5c9e07f3b6360ca9d90448b9f9d8350e30a1eba5fc35df,4714,4714,155,155
UNCHANGED,scripts/setup.sh,bb2a77cc96ceab155ad280a161d4e63e36583c2297df0414f8aa2d5ac072b173,bb2a77cc96ceab155ad280a161d4e63e36583c2297df0414f8aa2d5ac072b173,984,984,36,36
UNCHANGED,setup-windows.bat,444a33ac1eafd1b3719ff1fcbeb437ace56ac9a43131137ae053bed51cce53aa,444a33ac1eafd1b3719ff1fcbeb437ace56ac9a43131137ae053bed51cce53aa,1050,1050,37,37
UNCHANGED,start-dev.bat,fec9af6195c0523de20ce1da2daeee6df7c40dd31d3a6d6d07a8d100d91f4357,fec9af6195c0523de20ce1da2daeee6df7c40dd31d3a6d6d07a8d100d91f4357,2015,2015,66,66
UNCHANGED,start-dev.sh,d4fbf275a292d70817c87881c9dc4faf2336ae0245d91564952cad3c6e35ae68,d4fbf275a292d70817c87881c9dc4faf2336ae0245d91564952cad3c6e35ae68,1963,1963,60,60
UNCHANGED,start-docker-dev.bat,d28f9e275ce52687db315c6082774def3aae2a7e19e2fbd3e6c95604f7b54a9b,d28f9e275ce52687db315c6082774def3aae2a7e19e2fbd3e6c95604f7b54a9b,3178,3178,107,107
UNCHANGED,start-docker-dev.sh,687cef1afdeb900364f272fa93030b825326e4cb53ef975927bdbd81c8fff27b,687cef1afdeb900364f272fa93030b825326e4cb53ef975927bdbd81c8fff27b,3722,3722,116,116
UNCHANGED,start-docker.bat,74e65f258f082eb961aadd69be90a39663332170973247b46d01ab4e27600c1d,74e65f258f082eb961aadd69be90a39663332170973247b46d01ab4e27600c1d,1144,1144,46,46
UNCHANGED,start-docker.sh,374391009a60c7c8bbbb9a154c58bef6a7f1825d1e9bb8720556639858bffe2e,374391009a60c7c8bbbb9a154c58bef6a7f1825d1e9bb8720556639858bffe2e,1475,1475,51,51
UNCHANGED,tests/OnboardingFlow.integration.test.jsx,bbaf025c0973516fac1490bd8e4547083a890b25b53aab35c322cc062d41def6,bbaf025c0973516fac1490bd8e4547083a890b25b53aab35c322cc062d41def6,48176,48176,2468,2468
UNCHANGED,tests/controllers/savingsController.test.js,bf7f23e2dae4911fb3a948813457c3e1a58f816a66fd463c45de099289d28ff4,bf7f23e2dae4911fb3a948813457c3e1a58f816a66fd463c45de099289d28ff4,37036,37036,1278,1278
UNCHANGED,tests/integration/auth.verification.test.js,0c6d2c6314cb914c3b6d6c2200aeb8792bc3630f069578b3eeefcd1723113591,0c6d2c6314cb914c3b6d6c2200aeb8792bc3630f069578b3eeefcd1723113591,4019,4019,112,112
UNCHANGED,tests/integration/chat.test.js,84a03f2ae474090b979e27de2c32545f7418fbe663a51dd0bba7c5df34850831,84a03f2ae474090b979e27de2c32545f7418fbe663a51dd0bba7c5df34850831,3189,3189,89,89
UNCHANGED,tests/integration/goldenMoneyPath/contribution.concurrent.test.js,81342e1107af36d20b41cc4cdc65d6de0c9b6717fab693132f5d4e1b5a5a73fa,81342e1107af36d20b41cc4cdc65d6de0c9b6717fab693132f5d4e1b5a5a73fa,81054,81054,4229,4229
UNCHANGED,tests/integration/goldenMoneyPath/contribution.delayedCallback.test.js,cd62af07d9b48514d0af5fa60878706ab1d66e111114a377d0d0989ed3978b2f,cd62af07d9b48514d0af5fa60878706ab1d66e111114a377d0d0989ed3978b2f,62175,62175,3173,3173
UNCHANGED,tests/integration/goldenMoneyPath/contribution.duplicate.test.js,841af92073e1e9b60d1b0ddda2caba1d45262ce2be394e764df602c731a9b914,841af92073e1e9b60d1b0ddda2caba1d45262ce2be394e764df602c731a9b914,67338,67338,3521,3521
UNCHANGED,tests/integration/goldenMoneyPath/contribution.maliciousCallback.test.js,0d3bb8070a337f7e6722a7e8082f78a97165630921e26b138215ed299c25d7ef,0d3bb8070a337f7e6722a7e8082f78a97165630921e26b138215ed299c25d7ef,128941,128941,6620,6620
UNCHANGED,tests/integration/goldenMoneyPath/contribution.networkFailure.test.js,e1d2c7b8279d7b13ada3c5bbf7f778186e8f6db4ad1a0134de35ada3ccad344c,e1d2c7b8279d7b13ada3c5bbf7f778186e8f6db4ad1a0134de35ada3ccad344c,72580,72580,3812,3812
UNCHANGED,tests/integration/goldenMoneyPath/contribution.partialFailure.test.js,226e373969bde36a8fa00eca3d95a2f6e6af4651fe4db32b27a58a4a4843fbfa,226e373969bde36a8fa00eca3d95a2f6e6af4651fe4db32b27a58a4a4843fbfa,75728,75728,3983,3983
UNCHANGED,tests/integration/goldenMoneyPath/contribution.providerTimeout.test.js,c7e31ea058cf2d8d4878da1bd777d13947621ca595211d3a7d786334295f6f70,c7e31ea058cf2d8d4878da1bd777d13947621ca595211d3a7d786334295f6f70,68070,68070,3533,3533
UNCHANGED,tests/integration/goldenMoneyPath/contribution.reconciliationMismatch.test.js,c3dd22b9b534e1dd360ad400b06f6b1cbe03b3d4f151b62e218d69229119c9fc,c3dd22b9b534e1dd360ad400b06f6b1cbe03b3d4f151b62e218d69229119c9fc,156983,156983,8028,8028
UNCHANGED,tests/integration/goldenMoneyPath/contribution.refund.test.js,2764dcb3b8dd5c47f8bae5b9ce46a77c977e627c5dd5632639140d31c95e0565,2764dcb3b8dd5c47f8bae5b9ce46a77c977e627c5dd5632639140d31c95e0565,93166,93166,4981,4981
UNCHANGED,tests/integration/goldenMoneyPath/contribution.replayAttack.test.js,c52cc433f63229c09ab2314ad16690b44b6ba747935ccb1e98ba7534b98b18a0,c52cc433f63229c09ab2314ad16690b44b6ba747935ccb1e98ba7534b98b18a0,162188,162188,8386,8386
UNCHANGED,tests/integration/goldenMoneyPath/contribution.reversal.test.js,52d55b98d2f5537e680593835e5d552b0ded9b1384d5e0d365e9714a9100996d,52d55b98d2f5537e680593835e5d552b0ded9b1384d5e0d365e9714a9100996d,91728,91728,4750,4750
UNCHANGED,tests/integration/goldenMoneyPath/contribution.success.test.js,17a5ae223ba8046c517c2d435d63a0cec788d515c24cbb85c9dc42f1961c29e2,17a5ae223ba8046c517c2d435d63a0cec788d515c24cbb85c9dc42f1961c29e2,47501,47501,2412,2412
UNCHANGED,tests/integration/goldenMoneyPath/contribution.wrongAccount.test.js,a9f702b5975cb0d4255ff099908c480f8c221707006c0af15b63d77c1eb2ea5c,a9f702b5975cb0d4255ff099908c480f8c221707006c0af15b63d77c1eb2ea5c,82532,82532,4365,4365
UNCHANGED,tests/integration/goldenMoneyPath/goldenMoneyPath.fixtures.js,c6544275704a5ac4b7f11169e4d3239754ad2276e0dfd5d410f085ab34c82a5d,c6544275704a5ac4b7f11169e4d3239754ad2276e0dfd5d410f085ab34c82a5d,83947,83947,5328,5328
UNCHANGED,tests/integration/loan.workflow.test.js,f7030eb4f570f9aa55a54a37342d6f14b31d6e3a9e7a6c141ec3b549cfe747f8,f7030eb4f570f9aa55a54a37342d6f14b31d6e3a9e7a6c141ec3b549cfe747f8,5214,5214,160,160
UNCHANGED,tests/integration/referrals.test.js,1ca37a3ad9bd9f5453926b1f2b06d1dcc7023c347b90ec96e7db5ab833cc5efd,1ca37a3ad9bd9f5453926b1f2b06d1dcc7023c347b90ec96e7db5ab833cc5efd,3180,3180,95,95
UNCHANGED,tests/migrations/saasBillingMigration.enterprise.test.cjs,fd33e85f763c4b3689fe249214148a90bb5d7a605f21cdf522c764e05d4da17e,fd33e85f763c4b3689fe249214148a90bb5d7a605f21cdf522c764e05d4da17e,76322,76322,3476,3476
UNCHANGED,tests/payments/reconciliation/reconciliation.report.test.js,995d04987e4a078bf56f46a02fe3efb54789c02a03c2aaeb288eb3ae987fef3f,995d04987e4a078bf56f46a02fe3efb54789c02a03c2aaeb288eb3ae987fef3f,17049,17049,652,652
UNCHANGED,tests/providers/airtel/airtel.integration.test.js,204f349e0af0187dcd26bd9f04923911e6d38f7d88614d58fa81ad6ebe4083d3,204f349e0af0187dcd26bd9f04923911e6d38f7d88614d58fa81ad6ebe4083d3,30116,30116,1388,1388
UNCHANGED,tests/providers/airtel/airtel.webhook.test.js,c37a3069ca95953b88d34211a22879857076fa9e922b7dc3c7aa84a48f3afc9e,c37a3069ca95953b88d34211a22879857076fa9e922b7dc3c7aa84a48f3afc9e,12167,12167,476,476
UNCHANGED,tests/repositories/complianceRepository.test.js,c9f9db4d48d39555257b387d4dc437bfb92ed5b7e59b8f0a73f6080e08535ab8,c9f9db4d48d39555257b387d4dc437bfb92ed5b7e59b8f0a73f6080e08535ab8,33582,33582,1526,1526
UNCHANGED,tests/repositories/reconciliationRepository.test.js,49d94b25b0142ae65b20d2117e8967b70c4e32283de7d90aeb404763b8c51270,49d94b25b0142ae65b20d2117e8967b70c4e32283de7d90aeb404763b8c51270,7866,7866,432,432
UNCHANGED,tests/services/billingEngine.test.js,4109c0024824f629c6c113437c5c45b716899bd6422749a2330f9e4cb3264e1b,4109c0024824f629c6c113437c5c45b716899bd6422749a2330f9e4cb3264e1b,41531,41531,1609,1609
UNCHANGED,tests/unit/payment.service.test.js,3afd8e40ec327e1438a417a54138423fa80e84bc852b1f5d6ffac5ccc0ea9d18,3afd8e40ec327e1438a417a54138423fa80e84bc852b1f5d6ffac5ccc0ea9d18,314,314,9,9
UNCHANGED,tests/validators/reconciliation.validator.test.js,944beace0a4a449bf43b9a67ea743b164bded27efc686e9cf4d54429e0748aa7,944beace0a4a449bf43b9a67ea743b164bded27efc686e9cf4d54429e0748aa7,15288,15288,756,756
UNCHANGED,verify-production-ready.sh,d362f5f598911631ef62f4b471033db64215dd803525c18e57d5a8aef647d33a,d362f5f598911631ef62f4b471033db64215dd803525c18e57d5a8aef647d33a,696,696,20,20
